Command line invocation:
    /Applications/Xcode.app/Contents/Developer/usr/bin/xcodebuild -project Septica.xcodeproj -scheme Septica -configuration Debug -destination "platform=iOS Simulator,name=iPhone 16" build

/var/run/com.apple.security.cryptexd/mnt/com.apple.MobileAsset.MetalToolchain-v17.1.324.0.NHdUCa/Metal.xctoolchain:1:1: warning: failed to load toolchain: toolchain 'com.apple.dt.toolchain.Metal.32023' already registered from /Users/bogdan/Library/Developer/Toolchains/Metal.xctoolchain
ComputePackagePrebuildTargetDependencyGraph

Prepare packages

CreateBuildRequest

SendProjectDescription

CreateBuildOperation

ComputeTargetDependencyGraph
note: Building targets in dependency order
note: Target dependency graph (1 target)
    Target 'Septica' in project 'Septica' (no dependencies)

GatherProvisioningInputs

CreateBuildDescription

ExecuteExternalTool /Applications/Xcode.app/Contents/Developer/Toolchains/XcodeDefault.xctoolchain/usr/bin/clang -v -E -dM -isysroot /Applications/Xcode.app/Contents/Developer/Platforms/iPhoneSimulator.platform/Developer/SDKs/iPhoneSimulator26.0.sdk -x c -c /dev/null

ExecuteExternalTool /Applications/Xcode.app/Contents/Developer/usr/bin/ibtool --version --output-format xml1

ExecuteExternalTool /Applications/Xcode.app/Contents/Developer/usr/bin/actool --print-asset-tag-combinations --output-format xml1 /Users/bogdan/work/Septica/Septica/Assets.xcassets

ExecuteExternalTool /Applications/Xcode.app/Contents/Developer/usr/bin/actool --version --output-format xml1

ExecuteExternalTool /Applications/Xcode.app/Contents/Developer/Toolchains/XcodeDefault.xctoolchain/usr/bin/swiftc --version

ExecuteExternalTool /Applications/Xcode.app/Contents/Developer/Toolchains/XcodeDefault.xctoolchain/usr/bin/ld -version_details

Build description signature: ae37f43bc283d35928b6ce8fb39d78ad
Build description path: /Users/bogdan/Library/Developer/Xcode/DerivedData/Septica-bhxnubcmusynzbbkytwvuelspvfa/Build/Intermediates.noindex/XCBuildData/ae37f43bc283d35928b6ce8fb39d78ad.xcbuilddata
ClangStatCache /Applications/Xcode.app/Contents/Developer/Toolchains/XcodeDefault.xctoolchain/usr/bin/clang-stat-cache /Applications/Xcode.app/Contents/Developer/Platforms/iPhoneSimulator.platform/Developer/SDKs/iPhoneSimulator26.0.sdk /Users/bogdan/Library/Developer/Xcode/DerivedData/SDKStatCaches.noindex/iphonesimulator26.0-23A339-3885c01c3e6b6a337905948deab2002e26257891a6c027eb51374368541b8346.sdkstatcache
    cd /Users/bogdan/work/Septica/Septica.xcodeproj
    /Applications/Xcode.app/Contents/Developer/Toolchains/XcodeDefault.xctoolchain/usr/bin/clang-stat-cache /Applications/Xcode.app/Contents/Developer/Platforms/iPhoneSimulator.platform/Developer/SDKs/iPhoneSimulator26.0.sdk -o /Users/bogdan/Library/Developer/Xcode/DerivedData/SDKStatCaches.noindex/iphonesimulator26.0-23A339-3885c01c3e6b6a337905948deab2002e26257891a6c027eb51374368541b8346.sdkstatcache

ProcessInfoPlistFile /Users/bogdan/Library/Developer/Xcode/DerivedData/Septica-bhxnubcmusynzbbkytwvuelspvfa/Build/Products/Debug-iphonesimulator/Septica.app/Info.plist /Users/bogdan/Library/Developer/Xcode/DerivedData/Septica-bhxnubcmusynzbbkytwvuelspvfa/Build/Intermediates.noindex/Septica.build/Debug-iphonesimulator/Septica.build/empty-Septica.plist (in target 'Septica' from project 'Septica')
    cd /Users/bogdan/work/Septica
    builtin-infoPlistUtility /Users/bogdan/Library/Developer/Xcode/DerivedData/Septica-bhxnubcmusynzbbkytwvuelspvfa/Build/Intermediates.noindex/Septica.build/Debug-iphonesimulator/Septica.build/empty-Septica.plist -producttype com.apple.product-type.application -genpkginfo /Users/bogdan/Library/Developer/Xcode/DerivedData/Septica-bhxnubcmusynzbbkytwvuelspvfa/Build/Products/Debug-iphonesimulator/Septica.app/PkgInfo -expandbuildsettings -format binary -platform iphonesimulator -additionalcontentfile /Users/bogdan/Library/Developer/Xcode/DerivedData/Septica-bhxnubcmusynzbbkytwvuelspvfa/Build/Intermediates.noindex/Septica.build/Debug-iphonesimulator/Septica.build/Base.lproj/LaunchScreen-SBPartialInfo.plist -additionalcontentfile /Users/bogdan/Library/Developer/Xcode/DerivedData/Septica-bhxnubcmusynzbbkytwvuelspvfa/Build/Intermediates.noindex/Septica.build/Debug-iphonesimulator/Septica.build/Base.lproj/Main-SBPartialInfo.plist -additionalcontentfile /Users/bogdan/Library/Developer/Xcode/DerivedData/Septica-bhxnubcmusynzbbkytwvuelspvfa/Build/Intermediates.noindex/Septica.build/Debug-iphonesimulator/Septica.build/assetcatalog_generated_info.plist -o /Users/bogdan/Library/Developer/Xcode/DerivedData/Septica-bhxnubcmusynzbbkytwvuelspvfa/Build/Products/Debug-iphonesimulator/Septica.app/Info.plist

SwiftDriver Septica normal arm64 com.apple.xcode.tools.swift.compiler (in target 'Septica' from project 'Septica')
    cd /Users/bogdan/work/Septica
    builtin-SwiftDriver -- /Applications/Xcode.app/Contents/Developer/Toolchains/XcodeDefault.xctoolchain/usr/bin/swiftc -module-name Septica -Onone -enforce-exclusivity\=checked @/Users/bogdan/Library/Developer/Xcode/DerivedData/Septica-bhxnubcmusynzbbkytwvuelspvfa/Build/Intermediates.noindex/Septica.build/Debug-iphonesimulator/Septica.build/Objects-normal/arm64/Septica.SwiftFileList -DDEBUG -default-isolation\=MainActor -enable-bare-slash-regex -enable-upcoming-feature MemberImportVisibility -enable-experimental-feature DebugDescriptionMacro -sdk /Applications/Xcode.app/Contents/Developer/Platforms/iPhoneSimulator.platform/Developer/SDKs/iPhoneSimulator26.0.sdk -target arm64-apple-ios18.0-simulator -g -module-cache-path /Users/bogdan/Library/Developer/Xcode/DerivedData/ModuleCache.noindex -Xfrontend -serialize-debugging-options -profile-coverage-mapping -profile-generate -enable-testing -index-store-path /Users/bogdan/Library/Developer/Xcode/DerivedData/Septica-bhxnubcmusynzbbkytwvuelspvfa/Index.noindex/DataStore -Xcc -D_LIBCPP_HARDENING_MODE\=_LIBCPP_HARDENING_MODE_DEBUG -swift-version 5 -I /Users/bogdan/Library/Developer/Xcode/DerivedData/Septica-bhxnubcmusynzbbkytwvuelspvfa/Build/Products/Debug-iphonesimulator -F /Users/bogdan/Library/Developer/Xcode/DerivedData/Septica-bhxnubcmusynzbbkytwvuelspvfa/Build/Products/Debug-iphonesimulator -emit-localized-strings -emit-localized-strings-path /Users/bogdan/Library/Developer/Xcode/DerivedData/Septica-bhxnubcmusynzbbkytwvuelspvfa/Build/Intermediates.noindex/Septica.build/Debug-iphonesimulator/Septica.build/Objects-normal/arm64 -c -j16 -enable-batch-mode -incremental -Xcc -ivfsstatcache -Xcc /Users/bogdan/Library/Developer/Xcode/DerivedData/SDKStatCaches.noindex/iphonesimulator26.0-23A339-3885c01c3e6b6a337905948deab2002e26257891a6c027eb51374368541b8346.sdkstatcache -output-file-map /Users/bogdan/Library/Developer/Xcode/DerivedData/Septica-bhxnubcmusynzbbkytwvuelspvfa/Build/Intermediates.noindex/Septica.build/Debug-iphonesimulator/Septica.build/Objects-normal/arm64/Septica-OutputFileMap.json -use-frontend-parseable-output -save-temps -no-color-diagnostics -explicit-module-build -module-cache-path /Users/bogdan/Library/Developer/Xcode/DerivedData/Septica-bhxnubcmusynzbbkytwvuelspvfa/Build/Intermediates.noindex/SwiftExplicitPrecompiledModules -clang-scanner-module-cache-path /Users/bogdan/Library/Developer/Xcode/DerivedData/ModuleCache.noindex -sdk-module-cache-path /Users/bogdan/Library/Developer/Xcode/DerivedData/ModuleCache.noindex -serialize-diagnostics -emit-dependencies -emit-module -emit-module-path /Users/bogdan/Library/Developer/Xcode/DerivedData/Septica-bhxnubcmusynzbbkytwvuelspvfa/Build/Intermediates.noindex/Septica.build/Debug-iphonesimulator/Septica.build/Objects-normal/arm64/Septica.swiftmodule -validate-clang-modules-once -clang-build-session-file /Users/bogdan/Library/Developer/Xcode/DerivedData/ModuleCache.noindex/Session.modulevalidation -Xcc -I/Users/bogdan/Library/Developer/Xcode/DerivedData/Septica-bhxnubcmusynzbbkytwvuelspvfa/Build/Intermediates.noindex/Septica.build/Debug-iphonesimulator/Septica.build/swift-overrides.hmap -emit-const-values -Xfrontend -const-gather-protocols-file -Xfrontend /Users/bogdan/Library/Developer/Xcode/DerivedData/Septica-bhxnubcmusynzbbkytwvuelspvfa/Build/Intermediates.noindex/Septica.build/Debug-iphonesimulator/Septica.build/Objects-normal/arm64/Septica_const_extract_protocols.json -Xcc -iquote -Xcc /Users/bogdan/Library/Developer/Xcode/DerivedData/Septica-bhxnubcmusynzbbkytwvuelspvfa/Build/Intermediates.noindex/Septica.build/Debug-iphonesimulator/Septica.build/Septica-generated-files.hmap -Xcc -I/Users/bogdan/Library/Developer/Xcode/DerivedData/Septica-bhxnubcmusynzbbkytwvuelspvfa/Build/Intermediates.noindex/Septica.build/Debug-iphonesimulator/Septica.build/Septica-own-target-headers.hmap -Xcc -I/Users/bogdan/Library/Developer/Xcode/DerivedData/Septica-bhxnubcmusynzbbkytwvuelspvfa/Build/Intermediates.noindex/Septica.build/Debug-iphonesimulator/Septica.build/Septica-all-target-headers.hmap -Xcc -iquote -Xcc /Users/bogdan/Library/Developer/Xcode/DerivedData/Septica-bhxnubcmusynzbbkytwvuelspvfa/Build/Intermediates.noindex/Septica.build/Debug-iphonesimulator/Septica.build/Septica-project-headers.hmap -Xcc -I/Users/bogdan/Library/Developer/Xcode/DerivedData/Septica-bhxnubcmusynzbbkytwvuelspvfa/Build/Products/Debug-iphonesimulator/include -Xcc -I/Users/bogdan/Library/Developer/Xcode/DerivedData/Septica-bhxnubcmusynzbbkytwvuelspvfa/Build/Intermediates.noindex/Septica.build/Debug-iphonesimulator/Septica.build/DerivedSources-normal/arm64 -Xcc -I/Users/bogdan/Library/Developer/Xcode/DerivedData/Septica-bhxnubcmusynzbbkytwvuelspvfa/Build/Intermediates.noindex/Septica.build/Debug-iphonesimulator/Septica.build/DerivedSources/arm64 -Xcc -I/Users/bogdan/Library/Developer/Xcode/DerivedData/Septica-bhxnubcmusynzbbkytwvuelspvfa/Build/Intermediates.noindex/Septica.build/Debug-iphonesimulator/Septica.build/DerivedSources -Xcc -DDEBUG\=1 -emit-objc-header -emit-objc-header-path /Users/bogdan/Library/Developer/Xcode/DerivedData/Septica-bhxnubcmusynzbbkytwvuelspvfa/Build/Intermediates.noindex/Septica.build/Debug-iphonesimulator/Septica.build/Objects-normal/arm64/Septica-Swift.h -import-objc-header /Users/bogdan/work/Septica/Septica/ShaderTypes.h -working-directory /Users/bogdan/work/Septica -experimental-emit-module-separately -disable-cmo

SwiftGeneratePch normal arm64 Compiling\ bridging\ header (in target 'Septica' from project 'Septica')

SwiftDriverJobDiscovery normal arm64 Compiling bridging header (in target 'Septica' from project 'Septica')

SwiftCompile normal arm64 Compiling\ PlayerHandView.swift,\ PremiumCardEffects.swift,\ PremiumGameScreen.swift,\ ProfessionalCard.swift,\ ProfessionalCardView.swift,\ RomanianArenaBackgroundView.swift,\ RomanianCulturalPatternView.swift /Users/bogdan/work/Septica/Septica/Views/Game/PlayerHandView.swift /Users/bogdan/work/Septica/Septica/Views/Game/PremiumCardEffects.swift /Users/bogdan/work/Septica/Septica/Views/Game/PremiumGameScreen.swift /Users/bogdan/work/Septica/Septica/Views/Game/ProfessionalCard.swift /Users/bogdan/work/Septica/Septica/Views/Game/ProfessionalCardView.swift /Users/bogdan/work/Septica/Septica/Views/Game/RomanianArenaBackgroundView.swift /Users/bogdan/work/Septica/Septica/Views/Game/RomanianCulturalPatternView.swift (in target 'Septica' from project 'Septica')

SwiftCompile normal arm64 /Users/bogdan/work/Septica/Septica/Views/Game/PlayerHandView.swift (in target 'Septica' from project 'Septica')
    cd /Users/bogdan/work/Septica
    

SwiftCompile normal arm64 /Users/bogdan/work/Septica/Septica/Views/Game/PremiumCardEffects.swift (in target 'Septica' from project 'Septica')
    cd /Users/bogdan/work/Septica
    

SwiftCompile normal arm64 /Users/bogdan/work/Septica/Septica/Views/Game/PremiumGameScreen.swift (in target 'Septica' from project 'Septica')
    cd /Users/bogdan/work/Septica
    

SwiftCompile normal arm64 /Users/bogdan/work/Septica/Septica/Views/Game/ProfessionalCard.swift (in target 'Septica' from project 'Septica')
    cd /Users/bogdan/work/Septica
    
/Users/bogdan/work/Septica/Septica/Views/Game/ProfessionalCard.swift:124:10: warning: 'onChange(of:perform:)' was deprecated in iOS 17.0: Use `onChange` with a two or zero parameter action closure instead.
        .onChange(of: card.value) { _ in updateMaterialProperties() }
         ^

SwiftCompile normal arm64 /Users/bogdan/work/Septica/Septica/Views/Game/ProfessionalCardView.swift (in target 'Septica' from project 'Septica')
    cd /Users/bogdan/work/Septica
    

SwiftCompile normal arm64 /Users/bogdan/work/Septica/Septica/Views/Game/RomanianArenaBackgroundView.swift (in target 'Septica' from project 'Septica')
    cd /Users/bogdan/work/Septica
    
/Users/bogdan/work/Septica/Septica/Views/Game/RomanianArenaBackgroundView.swift:997:36: warning: left side of nil coalescing operator '??' has non-optional type 'RomanianArena', so the right side is never used
        gameViewModel.currentArena ?? .sateImarica
        ~~~~~~~~~~~~~~~~~~~~~~~~~~~^~~~~~~~~~~~~~~
                                  
/Users/bogdan/work/Septica/Septica/Views/Game/RomanianArenaBackgroundView.swift:158:9: warning: default will never be executed
        default:
        ^

SwiftCompile normal arm64 /Users/bogdan/work/Septica/Septica/Views/Game/RomanianCulturalPatternView.swift (in target 'Septica' from project 'Septica')
    cd /Users/bogdan/work/Septica
    

SwiftEmitModule normal arm64 Emitting\ module\ for\ Septica (in target 'Septica' from project 'Septica')

EmitSwiftModule normal arm64 (in target 'Septica' from project 'Septica')
    cd /Users/bogdan/work/Septica
    
/Users/bogdan/work/Septica/Septica/Services/Achievement/RomanianCulturalAchievementManager.swift:15:43: warning: main actor-isolated static property 'shared' can not be referenced from a nonisolated context
    init(registry: AchievementRegistry = .shared, playerId: UUID = UUID()) {
                                          ^
/Users/bogdan/work/Septica/Septica/Services/Achievement/AchievementDataModels.swift:122:16: note: static property declared here
    static let shared = AchievementRegistry()
               ^

SwiftCompile normal arm64 Compiling\ GameController.swift,\ SepticaErrorHandling.swift,\ ContentRatingManager.swift,\ PrivacyPolicyManager.swift,\ TermsOfServiceManager.swift,\ AccessibilityManager.swift,\ AnimationManager.swift /Users/bogdan/work/Septica/Septica/Controllers/GameController.swift /Users/bogdan/work/Septica/Septica/ErrorHandling/SepticaErrorHandling.swift /Users/bogdan/work/Septica/Septica/Legal/ContentRatingManager.swift /Users/bogdan/work/Septica/Septica/Legal/PrivacyPolicyManager.swift /Users/bogdan/work/Septica/Septica/Legal/TermsOfServiceManager.swift /Users/bogdan/work/Septica/Septica/Managers/AccessibilityManager.swift /Users/bogdan/work/Septica/Septica/Managers/AnimationManager.swift (in target 'Septica' from project 'Septica')

SwiftCompile normal arm64 /Users/bogdan/work/Septica/Septica/Controllers/GameController.swift (in target 'Septica' from project 'Septica')
    cd /Users/bogdan/work/Septica
    

SwiftCompile normal arm64 /Users/bogdan/work/Septica/Septica/ErrorHandling/SepticaErrorHandling.swift (in target 'Septica' from project 'Septica')
    cd /Users/bogdan/work/Septica
    

SwiftCompile normal arm64 /Users/bogdan/work/Septica/Septica/Legal/ContentRatingManager.swift (in target 'Septica' from project 'Septica')
    cd /Users/bogdan/work/Septica
    

SwiftCompile normal arm64 /Users/bogdan/work/Septica/Septica/Legal/PrivacyPolicyManager.swift (in target 'Septica' from project 'Septica')
    cd /Users/bogdan/work/Septica
    
/Users/bogdan/work/Septica/Septica/Legal/PrivacyPolicyManager.swift:372:13: warning: initialization of immutable value 'coppaStatus' was never used; consider replacing with assignment to '_' or removing it
        let coppaStatus = getCOPPAComplianceStatus()
        ~~~~^~~~~~~~~~~
        _
/Users/bogdan/work/Septica/Septica/Legal/PrivacyPolicyManager.swift:373:13: warning: initialization of immutable value 'gdprStatus' was never used; consider replacing with assignment to '_' or removing it
        let gdprStatus = getGDPRComplianceStatus()
        ~~~~^~~~~~~~~~
        _

SwiftCompile normal arm64 /Users/bogdan/work/Septica/Septica/Legal/TermsOfServiceManager.swift (in target 'Septica' from project 'Septica')
    cd /Users/bogdan/work/Septica
    

SwiftCompile normal arm64 /Users/bogdan/work/Septica/Septica/Managers/AccessibilityManager.swift (in target 'Septica' from project 'Septica')
    cd /Users/bogdan/work/Septica
    

SwiftCompile normal arm64 /Users/bogdan/work/Septica/Septica/Managers/AnimationManager.swift (in target 'Septica' from project 'Septica')
    cd /Users/bogdan/work/Septica
    
/Users/bogdan/work/Septica/Septica/Managers/AnimationManager.swift:1182:13: warning: initialization of immutable value 'gravityStrength' was never used; consider replacing with assignment to '_' or removing it
        let gravityStrength = quality == .maximum ? 9.81 : 4.905  // Reduced for card game
        ~~~~^~~~~~~~~~~~~~~
        _
/Users/bogdan/work/Septica/Septica/Managers/AnimationManager.swift:1187:13: warning: initialization of immutable value 'frictionCoefficient' was never used; consider replacing with assignment to '_' or removing it
        let frictionCoefficient = AnimationManager.AnimationSettings.EnergyConservation.frictionCoefficient
        ~~~~^~~~~~~~~~~~~~~~~~~
        _

SwiftCompile normal arm64 Compiling\ PerformanceMonitor.swift,\ PerformanceValidation.swift,\ CardRenderer.swift,\ Advanced3DTransform.swift,\ AdvancedLightingSystem.swift,\ EnhancedMaterialSystem.swift,\ GeometryCache.swift /Users/bogdan/work/Septica/Septica/Performance/PerformanceMonitor.swift /Users/bogdan/work/Septica/Septica/Performance/PerformanceValidation.swift /Users/bogdan/work/Septica/Septica/Rendering/Metal/CardRenderer.swift /Users/bogdan/work/Septica/Septica/Rendering/Professional/Advanced3DTransform.swift /Users/bogdan/work/Septica/Septica/Rendering/Professional/AdvancedLightingSystem.swift /Users/bogdan/work/Septica/Septica/Rendering/Professional/EnhancedMaterialSystem.swift /Users/bogdan/work/Septica/Septica/Rendering/Professional/GeometryCache.swift (in target 'Septica' from project 'Septica')

SwiftCompile normal arm64 /Users/bogdan/work/Septica/Septica/Performance/PerformanceMonitor.swift (in target 'Septica' from project 'Septica')
    cd /Users/bogdan/work/Septica
    
/Users/bogdan/work/Septica/Septica/Performance/PerformanceMonitor.swift:51:14: warning: capture of 'self' in a closure that outlives deinit; this is an error in the Swift 6 language mode
        Task { @MainActor in
             ^
/Users/bogdan/work/Septica/Septica/Performance/PerformanceMonitor.swift:561:68: warning: left side of nil coalescing operator '??' has non-optional type 'UnicodeScalar' (aka 'Unicode.Scalar'), so the right side is never used
            return identifier + String(UnicodeScalar(UInt8(value)) ?? UnicodeScalar(0)!)
                                       ~~~~~~~~~~~~~~~~~~~~~~~~~~~~^~~~~~~~~~~~~~~~~~~~
                                                                  

SwiftCompile normal arm64 /Users/bogdan/work/Septica/Septica/Performance/PerformanceValidation.swift (in target 'Septica' from project 'Septica')
    cd /Users/bogdan/work/Septica
    
/Users/bogdan/work/Septica/Septica/Performance/PerformanceValidation.swift:199:13: warning: initialization of immutable value 'startTime' was never used; consider replacing with assignment to '_' or removing it
        let startTime = CACurrentMediaTime()
        ~~~~^~~~~~~~~
        _
/Users/bogdan/work/Septica/Septica/Performance/PerformanceValidation.swift:203:13: warning: immutable value 'i' was never used; consider replacing with '_' or removing it
        for i in 0..<4 {
            ^
            _
/Users/bogdan/work/Septica/Septica/Performance/PerformanceValidation.swift:205:17: warning: initialization of immutable value 'animationStart' was never used; consider replacing with assignment to '_' or removing it
            let animationStart = CACurrentMediaTime()
            ~~~~^~~~~~~~~~~~~~
            _

SwiftCompile normal arm64 /Users/bogdan/work/Septica/Septica/Rendering/Metal/CardRenderer.swift (in target 'Septica' from project 'Septica')
    cd /Users/bogdan/work/Septica
    
/Users/bogdan/work/Septica/Septica/Rendering/Metal/CardRenderer.swift:227:19: warning: value 'batteryManager' was defined but never used; consider replacing with boolean test
        guard let batteryManager = batteryOptimizationManager else { return }
              ~~~~^~~~~~~~~~~~~~~~~
                                                              != nil
/Users/bogdan/work/Septica/Septica/Rendering/Metal/CardRenderer.swift:247:19: warning: immutable value 'audioLevel' was never used; consider replacing with '_' or removing it
              let audioLevel = userInfo["audioLevel"] as? AudioProcessingLevel else {
              ~~~~^~~~~~~~~~
              _
/Users/bogdan/work/Septica/Septica/Rendering/Metal/CardRenderer.swift:456:41: warning: main actor-isolated property 'activeCards' can not be referenced from a Sendable closure
            guard var properties = self.activeCards[cardId] else {
                                        ^
/Users/bogdan/work/Septica/Septica/Rendering/Metal/CardRenderer.swift:114:20: note: property declared here
    @Published var activeCards: [UUID: CardVisualProperties] = [:]
                   ^
/Users/bogdan/work/Septica/Septica/Rendering/Metal/CardRenderer.swift:462:18: warning: main actor-isolated property 'activeCards' can not be mutated from a Sendable closure
            self.activeCards[cardId] = properties
                 ^
/Users/bogdan/work/Septica/Septica/Rendering/Metal/CardRenderer.swift:114:20: note: mutation of this property is only permitted within the actor
    @Published var activeCards: [UUID: CardVisualProperties] = [:]
                   ^

SwiftCompile normal arm64 /Users/bogdan/work/Septica/Septica/Rendering/Professional/Advanced3DTransform.swift (in target 'Septica' from project 'Septica')
    cd /Users/bogdan/work/Septica
    
/Users/bogdan/work/Septica/Septica/Rendering/Professional/Advanced3DTransform.swift:459:13: warning: initialization of immutable value 'celebrationPhase' was never used; consider replacing with assignment to '_' or removing it
        let celebrationPhase = progress * 6 * .pi
        ~~~~^~~~~~~~~~~~~~~~
        _
/Users/bogdan/work/Septica/Septica/Rendering/Professional/Advanced3DTransform.swift:594:27: warning: capture of 'keyPath' with non-Sendable type 'ReferenceWritableKeyPath<Advanced3DTransform, T>' in a '@Sendable' closure
            self[keyPath: keyPath] = startValue.interpolate(to: targetValue, progress: easedProgress)
                          ^
Swift.ReferenceWritableKeyPath:1:14: note: generic class 'ReferenceWritableKeyPath' does not conform to the 'Sendable' protocol
public class ReferenceWritableKeyPath<Root, Value> : WritableKeyPath<Root, Value> {
             ^

SwiftCompile normal arm64 /Users/bogdan/work/Septica/Septica/Rendering/Professional/AdvancedLightingSystem.swift (in target 'Septica' from project 'Septica')
    cd /Users/bogdan/work/Septica
    

SwiftCompile normal arm64 /Users/bogdan/work/Septica/Septica/Rendering/Professional/EnhancedMaterialSystem.swift (in target 'Septica' from project 'Septica')
    cd /Users/bogdan/work/Septica
    

SwiftCompile normal arm64 /Users/bogdan/work/Septica/Septica/Rendering/Professional/GeometryCache.swift (in target 'Septica' from project 'Septica')
    cd /Users/bogdan/work/Septica
    
/Users/bogdan/work/Septica/Septica/Rendering/Professional/GeometryCache.swift:56:19: warning: call to main actor-isolated instance method 'performCacheCleanup()' in a synchronous nonisolated context
            self?.performCacheCleanup()
                  ^
/Users/bogdan/work/Septica/Septica/Rendering/Professional/GeometryCache.swift:870:18: note: calls to instance method 'performCacheCleanup()' from outside of its actor context are implicitly asynchronous
    private func performCacheCleanup() {
                 ^

SwiftCompile normal arm64 Compiling\ AchievementCelebrationSystem.swift,\ AchievementDataModels.swift,\ AchievementManager.swift,\ EnhancedRomanianAchievementRegistry.swift,\ RomanianAchievementSystem.swift,\ RomanianCulturalAchievementManager.swift,\ TraditionalGameplayMilestoneTracker.swift /Users/bogdan/work/Septica/Septica/Services/Achievement/AchievementCelebrationSystem.swift /Users/bogdan/work/Septica/Septica/Services/Achievement/AchievementDataModels.swift /Users/bogdan/work/Septica/Septica/Services/Achievement/AchievementManager.swift /Users/bogdan/work/Septica/Septica/Services/Achievement/EnhancedRomanianAchievementRegistry.swift /Users/bogdan/work/Septica/Septica/Services/Achievement/RomanianAchievementSystem.swift /Users/bogdan/work/Septica/Septica/Services/Achievement/RomanianCulturalAchievementManager.swift /Users/bogdan/work/Septica/Septica/Services/Achievement/TraditionalGameplayMilestoneTracker.swift (in target 'Septica' from project 'Septica')

SwiftCompile normal arm64 /Users/bogdan/work/Septica/Septica/Services/Achievement/AchievementCelebrationSystem.swift (in target 'Septica' from project 'Septica')
    cd /Users/bogdan/work/Septica
    

SwiftCompile normal arm64 /Users/bogdan/work/Septica/Septica/Services/Achievement/AchievementDataModels.swift (in target 'Septica' from project 'Septica')
    cd /Users/bogdan/work/Septica
    

SwiftCompile normal arm64 /Users/bogdan/work/Septica/Septica/Services/Achievement/AchievementManager.swift (in target 'Septica' from project 'Septica')
    cd /Users/bogdan/work/Septica
    

SwiftCompile normal arm64 /Users/bogdan/work/Septica/Septica/Services/Achievement/EnhancedRomanianAchievementRegistry.swift (in target 'Septica' from project 'Septica')
    cd /Users/bogdan/work/Septica
    

SwiftCompile normal arm64 /Users/bogdan/work/Septica/Septica/Services/Achievement/RomanianAchievementSystem.swift (in target 'Septica' from project 'Septica')
    cd /Users/bogdan/work/Septica
    

SwiftCompile normal arm64 /Users/bogdan/work/Septica/Septica/Services/Achievement/RomanianCulturalAchievementManager.swift (in target 'Septica' from project 'Septica')
    cd /Users/bogdan/work/Septica
    
/Users/bogdan/work/Septica/Septica/Services/Achievement/RomanianCulturalAchievementManager.swift:15:43: warning: main actor-isolated static property 'shared' can not be referenced from a nonisolated context
    init(registry: AchievementRegistry = .shared, playerId: UUID = UUID()) {
                                          ^
/Users/bogdan/work/Septica/Septica/Services/Achievement/AchievementDataModels.swift:122:16: note: static property declared here
    static let shared = AchievementRegistry()
               ^
/Users/bogdan/work/Septica/Septica/Services/Achievement/RomanianCulturalAchievementManager.swift:81:9: warning: default will never be executed
        default:
        ^

SwiftCompile normal arm64 /Users/bogdan/work/Septica/Septica/Services/Achievement/TraditionalGameplayMilestoneTracker.swift (in target 'Septica' from project 'Septica')
    cd /Users/bogdan/work/Septica
    

SwiftCompile normal arm64 Compiling\ RomanianPlayerAvatarView.swift,\ ShuffleCatsStyleDragSystem.swift,\ RomanianPatternIntegration.swift,\ AdvancedEffectsIntegration.swift,\ AdvancedVisualEffectsIntegration.swift,\ CardVisualEffectsSystem.swift,\ ShuffleCatsQualityEnhancements.swift /Users/bogdan/work/Septica/Septica/Views/Components/RomanianPlayerAvatarView.swift /Users/bogdan/work/Septica/Septica/Views/Components/ShuffleCatsStyleDragSystem.swift /Users/bogdan/work/Septica/Septica/Views/Cultural/RomanianPatternIntegration.swift /Users/bogdan/work/Septica/Septica/Views/Effects/AdvancedEffectsIntegration.swift /Users/bogdan/work/Septica/Septica/Views/Effects/AdvancedVisualEffectsIntegration.swift /Users/bogdan/work/Septica/Septica/Views/Effects/CardVisualEffectsSystem.swift /Users/bogdan/work/Septica/Septica/Views/Enhancements/ShuffleCatsQualityEnhancements.swift (in target 'Septica' from project 'Septica')
SwiftCompile normal arm64 /Users/bogdan/work/Septica/Septica/Views/Components/RomanianPlayerAvatarView.swift (in target 'Septica' from project 'Septica')
    cd /Users/bogdan/work/Septica
    

SwiftCompile normal arm64 /Users/bogdan/work/Septica/Septica/Views/Components/ShuffleCatsStyleDragSystem.swift (in target 'Septica' from project 'Septica')
    cd /Users/bogdan/work/Septica
    

SwiftCompile normal arm64 /Users/bogdan/work/Septica/Septica/Views/Cultural/RomanianPatternIntegration.swift (in target 'Septica' from project 'Septica')
    cd /Users/bogdan/work/Septica
    
/Users/bogdan/work/Septica/Septica/Views/Cultural/RomanianPatternIntegration.swift:52:13: warning: initialization of immutable value 'patternType' was never used; consider replacing with assignment to '_' or removing it
        let patternType = determinePatternType(for: card)
        ~~~~^~~~~~~~~~~
        _
/Users/bogdan/work/Septica/Septica/Views/Cultural/RomanianPatternIntegration.swift:438:10: warning: 'onChange(of:perform:)' was deprecated in iOS 17.0: Use `onChange` with a two or zero parameter action closure instead.
        .onChange(of: patternSet) { newSet in
         ^
/Users/bogdan/work/Septica/Septica/Views/Cultural/RomanianPatternIntegration.swift:442:10: warning: 'onChange(of:perform:)' was deprecated in iOS 17.0: Use `onChange` with a two or zero parameter action closure instead.
        .onChange(of: intensity) { newIntensity in
         ^
/Users/bogdan/work/Septica/Septica/Views/Cultural/RomanianPatternIntegration.swift:501:19: warning: immutable value 'overlayData' was never used; consider replacing with '_' or removing it
        guard let overlayData = overlayData,
              ~~~~^~~~~~~~~~~
              _

SwiftCompile normal arm64 /Users/bogdan/work/Septica/Septica/Views/Effects/AdvancedEffectsIntegration.swift (in target 'Septica' from project 'Septica')
    cd /Users/bogdan/work/Septica
    

SwiftCompile normal arm64 /Users/bogdan/work/Septica/Septica/Views/Effects/AdvancedVisualEffectsIntegration.swift (in target 'Septica' from project 'Septica')
    cd /Users/bogdan/work/Septica
    

SwiftCompile normal arm64 /Users/bogdan/work/Septica/Septica/Views/Effects/CardVisualEffectsSystem.swift (in target 'Septica' from project 'Septica')
    cd /Users/bogdan/work/Septica
    
/Users/bogdan/work/Septica/Septica/Views/Effects/CardVisualEffectsSystem.swift:715:13: warning: initialization of immutable value 'culturalColor' was never used; consider replacing with assignment to '_' or removing it
        let culturalColor = RomanianColors.goldAccent
        ~~~~^~~~~~~~~~~~~
        _
/Users/bogdan/work/Septica/Septica/Views/Effects/CardVisualEffectsSystem.swift:759:13: warning: initialization of immutable value 'redInfluence' was never used; consider replacing with assignment to '_' or removing it
        let redInfluence = RomanianColors.primaryRed
        ~~~~^~~~~~~~~~~~
        _
/Users/bogdan/work/Septica/Septica/Views/Effects/CardVisualEffectsSystem.swift:760:13: warning: initialization of immutable value 'blueInfluence' was never used; consider replacing with assignment to '_' or removing it
        let blueInfluence = RomanianColors.primaryBlue
        ~~~~^~~~~~~~~~~~~
        _
/Users/bogdan/work/Septica/Septica/Views/Effects/CardVisualEffectsSystem.swift:884:13: warning: initialization of variable 'finalColor' was never used; consider replacing with assignment to '_' or removing it
        var finalColor = Color.clear
        ~~~~^~~~~~~~~~
        _

SwiftCompile normal arm64 /Users/bogdan/work/Septica/Septica/Views/Enhancements/ShuffleCatsQualityEnhancements.swift (in target 'Septica' from project 'Septica')
    cd /Users/bogdan/work/Septica
    

SwiftCompile normal arm64 Compiling\ CardView.swift,\ GameBoardView.swift,\ GameResultView.swift,\ GameStatusView.swift,\ GameTableView.swift,\ OpponentHandView.swift,\ OrganizedGameTableView.swift /Users/bogdan/work/Septica/Septica/Views/Game/CardView.swift /Users/bogdan/work/Septica/Septica/Views/Game/GameBoardView.swift /Users/bogdan/work/Septica/Septica/Views/Game/GameResultView.swift /Users/bogdan/work/Septica/Septica/Views/Game/GameStatusView.swift /Users/bogdan/work/Septica/Septica/Views/Game/GameTableView.swift /Users/bogdan/work/Septica/Septica/Views/Game/OpponentHandView.swift /Users/bogdan/work/Septica/Septica/Views/Game/OrganizedGameTableView.swift (in target 'Septica' from project 'Septica')

SwiftCompile normal arm64 /Users/bogdan/work/Septica/Septica/Views/Game/CardView.swift (in target 'Septica' from project 'Septica')
    cd /Users/bogdan/work/Septica
    
/Users/bogdan/work/Septica/Septica/Views/Game/CardView.swift:1145:15: warning: 'catch' block is unreachable because no errors are thrown in 'do' block
            } catch {
              ^
/Users/bogdan/work/Septica/Septica/Views/Game/CardView.swift:1163:11: warning: 'catch' block is unreachable because no errors are thrown in 'do' block
        } catch {
          ^

SwiftCompile normal arm64 /Users/bogdan/work/Septica/Septica/Views/Game/GameBoardView.swift (in target 'Septica' from project 'Septica')
    cd /Users/bogdan/work/Septica
    

SwiftCompile normal arm64 /Users/bogdan/work/Septica/Septica/Views/Game/GameResultView.swift (in target 'Septica' from project 'Septica')
    cd /Users/bogdan/work/Septica
    

SwiftCompile normal arm64 /Users/bogdan/work/Septica/Septica/Views/Game/GameStatusView.swift (in target 'Septica' from project 'Septica')
    cd /Users/bogdan/work/Septica
    

SwiftCompile normal arm64 /Users/bogdan/work/Septica/Septica/Views/Game/GameTableView.swift (in target 'Septica' from project 'Septica')
    cd /Users/bogdan/work/Septica
    

SwiftCompile normal arm64 /Users/bogdan/work/Septica/Septica/Views/Game/OpponentHandView.swift (in target 'Septica' from project 'Septica')
    cd /Users/bogdan/work/Septica
    

SwiftCompile normal arm64 /Users/bogdan/work/Septica/Septica/Views/Game/OrganizedGameTableView.swift (in target 'Septica' from project 'Septica')
    cd /Users/bogdan/work/Septica
    

SwiftCompile normal arm64 Compiling\ RewardChestService.swift,\ RomanianStrategyAnalyzer.swift,\ RomanianDialogueSystem.swift,\ RomanianTournamentManager.swift,\ GameViewModelAnalyticsIntegration.swift,\ CulturalInsightsView.swift,\ DropZoneView.swift /Users/bogdan/work/Septica/Septica/Services/CloudKit/RewardChestService.swift /Users/bogdan/work/Septica/Septica/Services/CloudKit/RomanianStrategyAnalyzer.swift /Users/bogdan/work/Septica/Septica/Services/Dialogue/RomanianDialogueSystem.swift /Users/bogdan/work/Septica/Septica/Services/Tournament/RomanianTournamentManager.swift /Users/bogdan/work/Septica/Septica/ViewModels/GameViewModelAnalyticsIntegration.swift /Users/bogdan/work/Septica/Septica/Views/Analytics/CulturalInsightsView.swift /Users/bogdan/work/Septica/Septica/Views/Components/DropZoneView.swift (in target 'Septica' from project 'Septica')

SwiftCompile normal arm64 /Users/bogdan/work/Septica/Septica/Services/CloudKit/RewardChestService.swift (in target 'Septica' from project 'Septica')
    cd /Users/bogdan/work/Septica
    

SwiftCompile normal arm64 /Users/bogdan/work/Septica/Septica/Services/CloudKit/RomanianStrategyAnalyzer.swift (in target 'Septica' from project 'Septica')
    cd /Users/bogdan/work/Septica
    

SwiftCompile normal arm64 /Users/bogdan/work/Septica/Septica/Services/Dialogue/RomanianDialogueSystem.swift (in target 'Septica' from project 'Septica')
    cd /Users/bogdan/work/Septica
    
/Users/bogdan/work/Septica/Septica/Services/Dialogue/RomanianDialogueSystem.swift:35:13: warning: no 'async' operations occur within 'await' expression
            await self?.clearDialogue()
            ^

SwiftCompile normal arm64 /Users/bogdan/work/Septica/Septica/Services/Tournament/RomanianTournamentManager.swift (in target 'Septica' from project 'Septica')
    cd /Users/bogdan/work/Septica
    

SwiftCompile normal arm64 /Users/bogdan/work/Septica/Septica/ViewModels/GameViewModelAnalyticsIntegration.swift (in target 'Septica' from project 'Septica')
    cd /Users/bogdan/work/Septica
    

SwiftCompile normal arm64 /Users/bogdan/work/Septica/Septica/Views/Analytics/CulturalInsightsView.swift (in target 'Septica' from project 'Septica')
    cd /Users/bogdan/work/Septica
    

SwiftCompile normal arm64 /Users/bogdan/work/Septica/Septica/Views/Components/DropZoneView.swift (in target 'Septica' from project 'Septica')
    cd /Users/bogdan/work/Septica
    
/Users/bogdan/work/Septica/Septica/Views/Components/DropZoneView.swift:58:14: warning: 'onChange(of:perform:)' was deprecated in iOS 17.0: Use `onChange` with a two or zero parameter action closure instead.
            .onChange(of: isHighlighted) { highlighted in
             ^

SwiftCompile normal arm64 Compiling\ CloudKitDataModels.swift,\ CloudKitErrorHandler.swift,\ CloudKitRomanianModels.swift,\ CulturalAchievementSystem.swift,\ FluidCardInteractionSync.swift,\ FluidCardInteractionVisuals.swift,\ PlayerProfileService.swift /Users/bogdan/work/Septica/Septica/Services/CloudKit/CloudKitDataModels.swift /Users/bogdan/work/Septica/Septica/Services/CloudKit/CloudKitErrorHandler.swift /Users/bogdan/work/Septica/Septica/Services/CloudKit/CloudKitRomanianModels.swift /Users/bogdan/work/Septica/Septica/Services/CloudKit/CulturalAchievementSystem.swift /Users/bogdan/work/Septica/Septica/Services/CloudKit/FluidCardInteractionSync.swift /Users/bogdan/work/Septica/Septica/Services/CloudKit/FluidCardInteractionVisuals.swift /Users/bogdan/work/Septica/Septica/Services/CloudKit/PlayerProfileService.swift (in target 'Septica' from project 'Septica')

SwiftCompile normal arm64 /Users/bogdan/work/Septica/Septica/Services/CloudKit/CloudKitDataModels.swift (in target 'Septica' from project 'Septica')
    cd /Users/bogdan/work/Septica
    

SwiftCompile normal arm64 /Users/bogdan/work/Septica/Septica/Services/CloudKit/CloudKitErrorHandler.swift (in target 'Septica' from project 'Septica')
    cd /Users/bogdan/work/Septica
    

SwiftCompile normal arm64 /Users/bogdan/work/Septica/Septica/Services/CloudKit/CloudKitRomanianModels.swift (in target 'Septica' from project 'Septica')
    cd /Users/bogdan/work/Septica
    
/Users/bogdan/work/Septica/Septica/Services/CloudKit/CloudKitRomanianModels.swift:58:9: warning: immutable property will not be decoded because it is declared with an initial value which cannot be overwritten
    let id = UUID()
        ^
/Users/bogdan/work/Septica/Septica/Services/CloudKit/CloudKitRomanianModels.swift:58:9: note: set the initial value via the initializer or explicitly define a CodingKeys enum including a 'id' case to silence this warning
    let id = UUID()
        ^
/Users/bogdan/work/Septica/Septica/Services/CloudKit/CloudKitRomanianModels.swift:58:9: note: make the property mutable instead
    let id = UUID()
    ~~~ ^
    var

SwiftCompile normal arm64 /Users/bogdan/work/Septica/Septica/Services/CloudKit/CulturalAchievementSystem.swift (in target 'Septica' from project 'Septica')
    cd /Users/bogdan/work/Septica
    

SwiftCompile normal arm64 /Users/bogdan/work/Septica/Septica/Services/CloudKit/FluidCardInteractionSync.swift (in target 'Septica' from project 'Septica')
    cd /Users/bogdan/work/Septica
    
/Users/bogdan/work/Septica/Septica/Services/CloudKit/FluidCardInteractionSync.swift:578:16: warning: value 'cardState' was defined but never used; consider replacing with boolean test
        if let cardState = cardStates[cardId] {
           ~~~~^~~~~~~~~~~~
                                              != nil
/Users/bogdan/work/Septica/Septica/Services/CloudKit/FluidCardInteractionSync.swift:628:13: warning: initialization of immutable value 'intensity' was never used; consider replacing with assignment to '_' or removing it
        let intensity = adjustIntensityForAge(pattern.intensity, ageGroup: ageGroup)
        ~~~~^~~~~~~~~
        _

SwiftCompile normal arm64 /Users/bogdan/work/Septica/Septica/Services/CloudKit/FluidCardInteractionVisuals.swift (in target 'Septica' from project 'Septica')
    cd /Users/bogdan/work/Septica
    
/Users/bogdan/work/Septica/Septica/Services/CloudKit/FluidCardInteractionVisuals.swift:19:13: warning: no 'async' operations occur within 'await' expression
            await self?.removeAnimation(animation)
            ^

SwiftCompile normal arm64 /Users/bogdan/work/Septica/Septica/Services/CloudKit/PlayerProfileService.swift (in target 'Septica' from project 'Septica')
    cd /Users/bogdan/work/Septica
    

SwiftCompile normal arm64 Compiling\ GameResultsView.swift,\ GameSetupView.swift,\ MainMenuView.swift,\ RulesView.swift,\ SettingsView.swift,\ StatisticsView.swift /Users/bogdan/work/Septica/Septica/Views/Menu/GameResultsView.swift /Users/bogdan/work/Septica/Septica/Views/Menu/GameSetupView.swift /Users/bogdan/work/Septica/Septica/Views/Menu/MainMenuView.swift /Users/bogdan/work/Septica/Septica/Views/Menu/RulesView.swift /Users/bogdan/work/Septica/Septica/Views/Menu/SettingsView.swift /Users/bogdan/work/Septica/Septica/Views/Menu/StatisticsView.swift (in target 'Septica' from project 'Septica')

SwiftCompile normal arm64 /Users/bogdan/work/Septica/Septica/Views/Menu/GameResultsView.swift (in target 'Septica' from project 'Septica')
    cd /Users/bogdan/work/Septica
    

SwiftCompile normal arm64 /Users/bogdan/work/Septica/Septica/Views/Menu/GameSetupView.swift (in target 'Septica' from project 'Septica')
    cd /Users/bogdan/work/Septica
    

SwiftCompile normal arm64 /Users/bogdan/work/Septica/Septica/Views/Menu/MainMenuView.swift (in target 'Septica' from project 'Septica')
    cd /Users/bogdan/work/Septica
    

SwiftCompile normal arm64 /Users/bogdan/work/Septica/Septica/Views/Menu/RulesView.swift (in target 'Septica' from project 'Septica')
    cd /Users/bogdan/work/Septica
    

SwiftCompile normal arm64 /Users/bogdan/work/Septica/Septica/Views/Menu/SettingsView.swift (in target 'Septica' from project 'Septica')
    cd /Users/bogdan/work/Septica
    

SwiftCompile normal arm64 /Users/bogdan/work/Septica/Septica/Views/Menu/StatisticsView.swift (in target 'Septica' from project 'Septica')
    cd /Users/bogdan/work/Septica
    

SwiftCompile normal arm64 Compiling\ CulturalAuthenticityScoring.swift,\ CulturalEngagementTracker.swift,\ GameStateAnalyticsIntegration.swift,\ PerformanceAnalyticsManager.swift,\ RomanianCulturalAnalytics.swift,\ TraditionalPatternRecognition.swift,\ TraditionalStrategyAnalyzer.swift /Users/bogdan/work/Septica/Septica/Services/Analytics/CulturalAuthenticityScoring.swift /Users/bogdan/work/Septica/Septica/Services/Analytics/CulturalEngagementTracker.swift /Users/bogdan/work/Septica/Septica/Services/Analytics/GameStateAnalyticsIntegration.swift /Users/bogdan/work/Septica/Septica/Services/Analytics/PerformanceAnalyticsManager.swift /Users/bogdan/work/Septica/Septica/Services/Analytics/RomanianCulturalAnalytics.swift /Users/bogdan/work/Septica/Septica/Services/Analytics/TraditionalPatternRecognition.swift /Users/bogdan/work/Septica/Septica/Services/Analytics/TraditionalStrategyAnalyzer.swift (in target 'Septica' from project 'Septica')

SwiftCompile normal arm64 /Users/bogdan/work/Septica/Septica/Services/Analytics/CulturalAuthenticityScoring.swift (in target 'Septica' from project 'Septica')
    cd /Users/bogdan/work/Septica
    

SwiftCompile normal arm64 /Users/bogdan/work/Septica/Septica/Services/Analytics/CulturalEngagementTracker.swift (in target 'Septica' from project 'Septica')
    cd /Users/bogdan/work/Septica
    

SwiftCompile normal arm64 /Users/bogdan/work/Septica/Septica/Services/Analytics/GameStateAnalyticsIntegration.swift (in target 'Septica' from project 'Septica')
    cd /Users/bogdan/work/Septica
    

SwiftCompile normal arm64 /Users/bogdan/work/Septica/Septica/Services/Analytics/PerformanceAnalyticsManager.swift (in target 'Septica' from project 'Septica')
    cd /Users/bogdan/work/Septica
    

SwiftCompile normal arm64 /Users/bogdan/work/Septica/Septica/Services/Analytics/RomanianCulturalAnalytics.swift (in target 'Septica' from project 'Septica')
    cd /Users/bogdan/work/Septica
    

SwiftCompile normal arm64 /Users/bogdan/work/Septica/Septica/Services/Analytics/TraditionalPatternRecognition.swift (in target 'Septica' from project 'Septica')
    cd /Users/bogdan/work/Septica
    

SwiftCompile normal arm64 /Users/bogdan/work/Septica/Septica/Services/Analytics/TraditionalStrategyAnalyzer.swift (in target 'Septica' from project 'Septica')
    cd /Users/bogdan/work/Septica
    

SwiftCompile normal arm64 Compiling\ RenderingSettingsView.swift,\ AppDelegate.swift,\ GameViewController.swift,\ Renderer.swift,\ SepticaGameViewController.swift,\ GeneratedAssetSymbols.swift /Users/bogdan/work/Septica/Septica/Views/Settings/RenderingSettingsView.swift /Users/bogdan/work/Septica/Septica/AppDelegate.swift /Users/bogdan/work/Septica/Septica/GameViewController.swift /Users/bogdan/work/Septica/Septica/Renderer.swift /Users/bogdan/work/Septica/Septica/SepticaGameViewController.swift /Users/bogdan/Library/Developer/Xcode/DerivedData/Septica-bhxnubcmusynzbbkytwvuelspvfa/Build/Intermediates.noindex/Septica.build/Debug-iphonesimulator/Septica.build/DerivedSources/GeneratedAssetSymbols.swift (in target 'Septica' from project 'Septica')

SwiftCompile normal arm64 /Users/bogdan/work/Septica/Septica/Views/Settings/RenderingSettingsView.swift (in target 'Septica' from project 'Septica')
    cd /Users/bogdan/work/Septica
    

SwiftCompile normal arm64 /Users/bogdan/work/Septica/Septica/AppDelegate.swift (in target 'Septica' from project 'Septica')
    cd /Users/bogdan/work/Septica
    

SwiftCompile normal arm64 /Users/bogdan/work/Septica/Septica/GameViewController.swift (in target 'Septica' from project 'Septica')
    cd /Users/bogdan/work/Septica
    

SwiftCompile normal arm64 /Users/bogdan/work/Septica/Septica/Renderer.swift (in target 'Septica' from project 'Septica')
    cd /Users/bogdan/work/Septica
    

SwiftCompile normal arm64 /Users/bogdan/work/Septica/Septica/SepticaGameViewController.swift (in target 'Septica' from project 'Septica')
    cd /Users/bogdan/work/Septica
    

SwiftCompile normal arm64 /Users/bogdan/Library/Developer/Xcode/DerivedData/Septica-bhxnubcmusynzbbkytwvuelspvfa/Build/Intermediates.noindex/Septica.build/Debug-iphonesimulator/Septica.build/DerivedSources/GeneratedAssetSymbols.swift (in target 'Septica' from project 'Septica')
    cd /Users/bogdan/work/Septica
    

SwiftCompile normal arm64 Compiling\ GameRules.swift,\ GameState.swift,\ Player.swift,\ AnalyticsStubs.swift,\ CulturalTypes.swift,\ BatteryOptimizationManager.swift,\ MetalPerformanceMonitor.swift /Users/bogdan/work/Septica/Septica/Models/Core/GameRules.swift /Users/bogdan/work/Septica/Septica/Models/Core/GameState.swift /Users/bogdan/work/Septica/Septica/Models/Core/Player.swift /Users/bogdan/work/Septica/Septica/Models/Shared/AnalyticsStubs.swift /Users/bogdan/work/Septica/Septica/Models/Shared/CulturalTypes.swift /Users/bogdan/work/Septica/Septica/Performance/BatteryOptimizationManager.swift /Users/bogdan/work/Septica/Septica/Performance/MetalPerformanceMonitor.swift (in target 'Septica' from project 'Septica')

SwiftCompile normal arm64 /Users/bogdan/work/Septica/Septica/Models/Core/GameRules.swift (in target 'Septica' from project 'Septica')
    cd /Users/bogdan/work/Septica
    

SwiftCompile normal arm64 /Users/bogdan/work/Septica/Septica/Models/Core/GameState.swift (in target 'Septica' from project 'Septica')
    cd /Users/bogdan/work/Septica
    

SwiftCompile normal arm64 /Users/bogdan/work/Septica/Septica/Models/Core/Player.swift (in target 'Septica' from project 'Septica')
    cd /Users/bogdan/work/Septica
    

SwiftCompile normal arm64 /Users/bogdan/work/Septica/Septica/Models/Shared/AnalyticsStubs.swift (in target 'Septica' from project 'Septica')
    cd /Users/bogdan/work/Septica
    

SwiftCompile normal arm64 /Users/bogdan/work/Septica/Septica/Models/Shared/CulturalTypes.swift (in target 'Septica' from project 'Septica')
    cd /Users/bogdan/work/Septica
    

SwiftCompile normal arm64 /Users/bogdan/work/Septica/Septica/Performance/BatteryOptimizationManager.swift (in target 'Septica' from project 'Septica')
    cd /Users/bogdan/work/Septica
    
/Users/bogdan/work/Septica/Septica/Performance/BatteryOptimizationManager.swift:88:19: warning: call to main actor-isolated instance method 'trackBatteryUsage()' in a synchronous nonisolated context
            self?.trackBatteryUsage()
                  ^
/Users/bogdan/work/Septica/Septica/Performance/BatteryOptimizationManager.swift:195:18: note: calls to instance method 'trackBatteryUsage()' from outside of its actor context are implicitly asynchronous
    private func trackBatteryUsage() {
                 ^

SwiftCompile normal arm64 /Users/bogdan/work/Septica/Septica/Performance/MetalPerformanceMonitor.swift (in target 'Septica' from project 'Septica')
    cd /Users/bogdan/work/Septica
    

SwiftCompile normal arm64 Compiling\ AudioManager.swift,\ ErrorManager.swift,\ HapticManager.swift,\ ManagerCoordinator.swift,\ NavigationManager.swift,\ Card.swift,\ Deck.swift /Users/bogdan/work/Septica/Septica/Managers/AudioManager.swift /Users/bogdan/work/Septica/Septica/Managers/ErrorManager.swift /Users/bogdan/work/Septica/Septica/Managers/HapticManager.swift /Users/bogdan/work/Septica/Septica/Managers/ManagerCoordinator.swift /Users/bogdan/work/Septica/Septica/Managers/NavigationManager.swift /Users/bogdan/work/Septica/Septica/Models/Core/Card.swift /Users/bogdan/work/Septica/Septica/Models/Core/Deck.swift (in target 'Septica' from project 'Septica')

SwiftCompile normal arm64 /Users/bogdan/work/Septica/Septica/Managers/AudioManager.swift (in target 'Septica' from project 'Septica')
    cd /Users/bogdan/work/Septica
    
/Users/bogdan/work/Septica/Septica/Managers/AudioManager.swift:99:14: warning: capture of 'self' in a closure that outlives deinit; this is an error in the Swift 6 language mode
        Task { @MainActor in
             ^

SwiftCompile normal arm64 /Users/bogdan/work/Septica/Septica/Managers/ErrorManager.swift (in target 'Septica' from project 'Septica')
    cd /Users/bogdan/work/Septica
    

SwiftCompile normal arm64 /Users/bogdan/work/Septica/Septica/Managers/HapticManager.swift (in target 'Septica' from project 'Septica')
    cd /Users/bogdan/work/Septica
    

SwiftCompile normal arm64 /Users/bogdan/work/Septica/Septica/Managers/ManagerCoordinator.swift (in target 'Septica' from project 'Septica')
    cd /Users/bogdan/work/Septica
    

SwiftCompile normal arm64 /Users/bogdan/work/Septica/Septica/Managers/NavigationManager.swift (in target 'Septica' from project 'Septica')
    cd /Users/bogdan/work/Septica
    

SwiftCompile normal arm64 /Users/bogdan/work/Septica/Septica/Models/Core/Card.swift (in target 'Septica' from project 'Septica')
    cd /Users/bogdan/work/Septica
    

SwiftCompile normal arm64 /Users/bogdan/work/Septica/Septica/Models/Core/Deck.swift (in target 'Septica' from project 'Septica')
    cd /Users/bogdan/work/Septica
    

SwiftCompile normal arm64 Compiling\ RomanianDialogueBubbleView.swift,\ ShuffleCatsGameScreenExtensions.swift,\ ShuffleCatsInspiredGameScreen.swift,\ SpecialCardEffects.swift,\ WorkingGameScreen.swift,\ PrivacyPolicyView.swift /Users/bogdan/work/Septica/Septica/Views/Game/RomanianDialogueBubbleView.swift /Users/bogdan/work/Septica/Septica/Views/Game/ShuffleCatsGameScreenExtensions.swift /Users/bogdan/work/Septica/Septica/Views/Game/ShuffleCatsInspiredGameScreen.swift /Users/bogdan/work/Septica/Septica/Views/Game/SpecialCardEffects.swift /Users/bogdan/work/Septica/Septica/Views/Game/WorkingGameScreen.swift /Users/bogdan/work/Septica/Septica/Views/Legal/PrivacyPolicyView.swift (in target 'Septica' from project 'Septica')

SwiftCompile normal arm64 /Users/bogdan/work/Septica/Septica/Views/Game/RomanianDialogueBubbleView.swift (in target 'Septica' from project 'Septica')
    cd /Users/bogdan/work/Septica
    

SwiftCompile normal arm64 /Users/bogdan/work/Septica/Septica/Views/Game/ShuffleCatsGameScreenExtensions.swift (in target 'Septica' from project 'Septica')
    cd /Users/bogdan/work/Septica
    

SwiftCompile normal arm64 /Users/bogdan/work/Septica/Septica/Views/Game/ShuffleCatsInspiredGameScreen.swift (in target 'Septica' from project 'Septica')
    cd /Users/bogdan/work/Septica
    

SwiftCompile normal arm64 /Users/bogdan/work/Septica/Septica/Views/Game/SpecialCardEffects.swift (in target 'Septica' from project 'Septica')
    cd /Users/bogdan/work/Septica
    

SwiftCompile normal arm64 /Users/bogdan/work/Septica/Septica/Views/Game/WorkingGameScreen.swift (in target 'Septica' from project 'Septica')
    cd /Users/bogdan/work/Septica
    

SwiftCompile normal arm64 /Users/bogdan/work/Septica/Septica/Views/Legal/PrivacyPolicyView.swift (in target 'Septica' from project 'Septica')
    cd /Users/bogdan/work/Septica
    

SwiftCompile normal arm64 Compiling\ LightingEnvironment.swift,\ MaterialEffect.swift,\ ProfessionalCardRenderer.swift,\ ProfessionalRenderingSupport.swift,\ TextureCache.swift,\ RendererExtensions.swift,\ AchievementCelebrationManager.swift /Users/bogdan/work/Septica/Septica/Rendering/Professional/LightingEnvironment.swift /Users/bogdan/work/Septica/Septica/Rendering/Professional/MaterialEffect.swift /Users/bogdan/work/Septica/Septica/Rendering/Professional/ProfessionalCardRenderer.swift /Users/bogdan/work/Septica/Septica/Rendering/Professional/ProfessionalRenderingSupport.swift /Users/bogdan/work/Septica/Septica/Rendering/Professional/TextureCache.swift /Users/bogdan/work/Septica/Septica/Rendering/RendererExtensions.swift /Users/bogdan/work/Septica/Septica/Services/Achievement/AchievementCelebrationManager.swift (in target 'Septica' from project 'Septica')

SwiftCompile normal arm64 /Users/bogdan/work/Septica/Septica/Rendering/Professional/LightingEnvironment.swift (in target 'Septica' from project 'Septica')
    cd /Users/bogdan/work/Septica
    

SwiftCompile normal arm64 /Users/bogdan/work/Septica/Septica/Rendering/Professional/MaterialEffect.swift (in target 'Septica' from project 'Septica')
    cd /Users/bogdan/work/Septica
    

SwiftCompile normal arm64 /Users/bogdan/work/Septica/Septica/Rendering/Professional/ProfessionalCardRenderer.swift (in target 'Septica' from project 'Septica')
    cd /Users/bogdan/work/Septica
    

SwiftCompile normal arm64 /Users/bogdan/work/Septica/Septica/Rendering/Professional/ProfessionalRenderingSupport.swift (in target 'Septica' from project 'Septica')
    cd /Users/bogdan/work/Septica
    

SwiftCompile normal arm64 /Users/bogdan/work/Septica/Septica/Rendering/Professional/TextureCache.swift (in target 'Septica' from project 'Septica')
    cd /Users/bogdan/work/Septica
    

SwiftCompile normal arm64 /Users/bogdan/work/Septica/Septica/Rendering/RendererExtensions.swift (in target 'Septica' from project 'Septica')
    cd /Users/bogdan/work/Septica
    

SwiftCompile normal arm64 /Users/bogdan/work/Septica/Septica/Services/Achievement/AchievementCelebrationManager.swift (in target 'Septica' from project 'Septica')
    cd /Users/bogdan/work/Septica
    

SwiftCompile normal arm64 Compiling\ RomanianCharacterAvatarView.swift,\ RomanianCharacterReactionOverlay.swift,\ RomanianCharacterSelectionView.swift,\ RomanianCharacterSystem.swift,\ RomanianColors.swift,\ RomanianGameZoneFrames.swift,\ RomanianOrnatePatternSystem.swift /Users/bogdan/work/Septica/Septica/Views/Components/RomanianCharacterAvatarView.swift /Users/bogdan/work/Septica/Septica/Views/Components/RomanianCharacterReactionOverlay.swift /Users/bogdan/work/Septica/Septica/Views/Components/RomanianCharacterSelectionView.swift /Users/bogdan/work/Septica/Septica/Views/Components/RomanianCharacterSystem.swift /Users/bogdan/work/Septica/Septica/Views/Components/RomanianColors.swift /Users/bogdan/work/Septica/Septica/Views/Components/RomanianGameZoneFrames.swift /Users/bogdan/work/Septica/Septica/Views/Components/RomanianOrnatePatternSystem.swift (in target 'Septica' from project 'Septica')

SwiftCompile normal arm64 /Users/bogdan/work/Septica/Septica/Views/Components/RomanianCharacterAvatarView.swift (in target 'Septica' from project 'Septica')
    cd /Users/bogdan/work/Septica
    

SwiftCompile normal arm64 /Users/bogdan/work/Septica/Septica/Views/Components/RomanianCharacterReactionOverlay.swift (in target 'Septica' from project 'Septica')
    cd /Users/bogdan/work/Septica
    

SwiftCompile normal arm64 /Users/bogdan/work/Septica/Septica/Views/Components/RomanianCharacterSelectionView.swift (in target 'Septica' from project 'Septica')
    cd /Users/bogdan/work/Septica
    

SwiftCompile normal arm64 /Users/bogdan/work/Septica/Septica/Views/Components/RomanianCharacterSystem.swift (in target 'Septica' from project 'Septica')
    cd /Users/bogdan/work/Septica
    
/Users/bogdan/work/Septica/Septica/Views/Components/RomanianCharacterSystem.swift:447:13: warning: initialization of immutable value 'audioSettings' was never used; consider replacing with assignment to '_' or removing it
        let audioSettings = expression.voiceTone.audioSettings
        ~~~~^~~~~~~~~~~~~
        _
/Users/bogdan/work/Septica/Septica/Views/Components/RomanianCharacterSystem.swift:460:13: warning: initialization of immutable value 'hapticIntensity' was never used; consider replacing with assignment to '_' or removing it
        let hapticIntensity = intensity.hapticStrength
        ~~~~^~~~~~~~~~~~~~~
        _

SwiftCompile normal arm64 /Users/bogdan/work/Septica/Septica/Views/Components/RomanianColors.swift (in target 'Septica' from project 'Septica')
    cd /Users/bogdan/work/Septica
    

SwiftCompile normal arm64 /Users/bogdan/work/Septica/Septica/Views/Components/RomanianGameZoneFrames.swift (in target 'Septica' from project 'Septica')
    cd /Users/bogdan/work/Septica
    

SwiftCompile normal arm64 /Users/bogdan/work/Septica/Septica/Views/Components/RomanianOrnatePatternSystem.swift (in target 'Septica' from project 'Septica')
    cd /Users/bogdan/work/Septica
    

SwiftDriverJobDiscovery normal arm64 Compiling GameResultsView.swift, GameSetupView.swift, MainMenuView.swift, RulesView.swift, SettingsView.swift, StatisticsView.swift (in target 'Septica' from project 'Septica')

SwiftDriverJobDiscovery normal arm64 Compiling AchievementCelebrationSystem.swift, AchievementDataModels.swift, AchievementManager.swift, EnhancedRomanianAchievementRegistry.swift, RomanianAchievementSystem.swift, RomanianCulturalAchievementManager.swift, TraditionalGameplayMilestoneTracker.swift (in target 'Septica' from project 'Septica')

SwiftDriverJobDiscovery normal arm64 Compiling CulturalAuthenticityScoring.swift, CulturalEngagementTracker.swift, GameStateAnalyticsIntegration.swift, PerformanceAnalyticsManager.swift, RomanianCulturalAnalytics.swift, TraditionalPatternRecognition.swift, TraditionalStrategyAnalyzer.swift (in target 'Septica' from project 'Septica')

SwiftDriverJobDiscovery normal arm64 Compiling RenderingSettingsView.swift, AppDelegate.swift, GameViewController.swift, Renderer.swift, SepticaGameViewController.swift, GeneratedAssetSymbols.swift (in target 'Septica' from project 'Septica')

SwiftDriverJobDiscovery normal arm64 Compiling RewardChestService.swift, RomanianStrategyAnalyzer.swift, RomanianDialogueSystem.swift, RomanianTournamentManager.swift, GameViewModelAnalyticsIntegration.swift, CulturalInsightsView.swift, DropZoneView.swift (in target 'Septica' from project 'Septica')

SwiftCompile normal arm64 Compiling\ GameViewModel.swift /Users/bogdan/work/Septica/Septica/ViewModels/GameViewModel.swift (in target 'Septica' from project 'Septica')

SwiftCompile normal arm64 /Users/bogdan/work/Septica/Septica/ViewModels/GameViewModel.swift (in target 'Septica' from project 'Septica')
    cd /Users/bogdan/work/Septica
    

SwiftDriverJobDiscovery normal arm64 Compiling CloudKitDataModels.swift, CloudKitErrorHandler.swift, CloudKitRomanianModels.swift, CulturalAchievementSystem.swift, FluidCardInteractionSync.swift, FluidCardInteractionVisuals.swift, PlayerProfileService.swift (in target 'Septica' from project 'Septica')

SwiftDriverJobDiscovery normal arm64 Compiling GameViewModel.swift (in target 'Septica' from project 'Septica')

SwiftDriverJobDiscovery normal arm64 Compiling AudioManager.swift, ErrorManager.swift, HapticManager.swift, ManagerCoordinator.swift, NavigationManager.swift, Card.swift, Deck.swift (in target 'Septica' from project 'Septica')

SwiftCompile normal arm64 Compiling\ TournamentDataModels.swift /Users/bogdan/work/Septica/Septica/Services/Tournament/TournamentDataModels.swift (in target 'Septica' from project 'Septica')

SwiftCompile normal arm64 /Users/bogdan/work/Septica/Septica/Services/Tournament/TournamentDataModels.swift (in target 'Septica' from project 'Septica')
    cd /Users/bogdan/work/Septica
    
/Users/bogdan/work/Septica/Septica/Services/Tournament/TournamentDataModels.swift:29:9: warning: immutable property will not be decoded because it is declared with an initial value which cannot be overwritten
    let createdAt: Date = Date()
        ^
/Users/bogdan/work/Septica/Septica/Services/Tournament/TournamentDataModels.swift:29:9: note: set the initial value via the initializer or explicitly define a CodingKeys enum including a 'createdAt' case to silence this warning
    let createdAt: Date = Date()
        ^
/Users/bogdan/work/Septica/Septica/Services/Tournament/TournamentDataModels.swift:29:9: note: make the property mutable instead
    let createdAt: Date = Date()
    ~~~ ^
    var
/Users/bogdan/work/Septica/Septica/Services/Tournament/TournamentDataModels.swift:263:9: warning: immutable property will not be decoded because it is declared with an initial value which cannot be overwritten
    let id = UUID()
        ^
/Users/bogdan/work/Septica/Septica/Services/Tournament/TournamentDataModels.swift:263:9: note: set the initial value via the initializer or explicitly define a CodingKeys enum including a 'id' case to silence this warning
    let id = UUID()
        ^
/Users/bogdan/work/Septica/Septica/Services/Tournament/TournamentDataModels.swift:263:9: note: make the property mutable instead
    let id = UUID()
    ~~~ ^
    var
/Users/bogdan/work/Septica/Septica/Services/Tournament/TournamentDataModels.swift:282:9: warning: immutable property will not be decoded because it is declared with an initial value which cannot be overwritten
    let additionalRequirements: [String] = []
        ^
/Users/bogdan/work/Septica/Septica/Services/Tournament/TournamentDataModels.swift:282:9: note: set the initial value via the initializer or explicitly define a CodingKeys enum including a 'additionalRequirements' case to silence this warning
    let additionalRequirements: [String] = []
        ^
/Users/bogdan/work/Septica/Septica/Services/Tournament/TournamentDataModels.swift:282:9: note: make the property mutable instead
    let additionalRequirements: [String] = []
    ~~~ ^
    var
/Users/bogdan/work/Septica/Septica/Services/Tournament/TournamentDataModels.swift:461:9: warning: immutable property will not be decoded because it is declared with an initial value which cannot be overwritten
    let completedAt: Date = Date()
        ^
/Users/bogdan/work/Septica/Septica/Services/Tournament/TournamentDataModels.swift:461:9: note: set the initial value via the initializer or explicitly define a CodingKeys enum including a 'completedAt' case to silence this warning
    let completedAt: Date = Date()
        ^
/Users/bogdan/work/Septica/Septica/Services/Tournament/TournamentDataModels.swift:461:9: note: make the property mutable instead
    let completedAt: Date = Date()
    ~~~ ^
    var
/Users/bogdan/work/Septica/Septica/Services/Tournament/TournamentDataModels.swift:522:9: warning: immutable property will not be decoded because it is declared with an initial value which cannot be overwritten
    let duration: TimeInterval = 180 // 3 minutes default
        ^
/Users/bogdan/work/Septica/Septica/Services/Tournament/TournamentDataModels.swift:522:9: note: set the initial value via the initializer or explicitly define a CodingKeys enum including a 'duration' case to silence this warning
    let duration: TimeInterval = 180 // 3 minutes default
        ^
/Users/bogdan/work/Septica/Septica/Services/Tournament/TournamentDataModels.swift:522:9: note: make the property mutable instead
    let duration: TimeInterval = 180 // 3 minutes default
    ~~~ ^
    var
/Users/bogdan/work/Septica/Septica/Services/Tournament/TournamentDataModels.swift:523:9: warning: immutable property will not be decoded because it is declared with an initial value which cannot be overwritten
    let tempo: MusicTempo = .moderate
        ^
/Users/bogdan/work/Septica/Septica/Services/Tournament/TournamentDataModels.swift:523:9: note: set the initial value via the initializer or explicitly define a CodingKeys enum including a 'tempo' case to silence this warning
    let tempo: MusicTempo = .moderate
        ^
/Users/bogdan/work/Septica/Septica/Services/Tournament/TournamentDataModels.swift:523:9: note: make the property mutable instead
    let tempo: MusicTempo = .moderate
    ~~~ ^
    var
/Users/bogdan/work/Septica/Septica/Services/Tournament/TournamentDataModels.swift:524:9: warning: immutable property will not be decoded because it is declared with an initial value which cannot be overwritten
    let mood: MusicMood = .celebratory
        ^
/Users/bogdan/work/Septica/Septica/Services/Tournament/TournamentDataModels.swift:524:9: note: set the initial value via the initializer or explicitly define a CodingKeys enum including a 'mood' case to silence this warning
    let mood: MusicMood = .celebratory
        ^
/Users/bogdan/work/Septica/Septica/Services/Tournament/TournamentDataModels.swift:524:9: note: make the property mutable instead
    let mood: MusicMood = .celebratory
    ~~~ ^
    var
/Users/bogdan/work/Septica/Septica/Services/Tournament/TournamentDataModels.swift:549:9: warning: immutable property will not be decoded because it is declared with an initial value which cannot be overwritten
    let estimatedReadingTime: TimeInterval = 120 // 2 minutes
        ^
/Users/bogdan/work/Septica/Septica/Services/Tournament/TournamentDataModels.swift:549:9: note: set the initial value via the initializer or explicitly define a CodingKeys enum including a 'estimatedReadingTime' case to silence this warning
    let estimatedReadingTime: TimeInterval = 120 // 2 minutes
        ^
/Users/bogdan/work/Septica/Septica/Services/Tournament/TournamentDataModels.swift:549:9: note: make the property mutable instead
    let estimatedReadingTime: TimeInterval = 120 // 2 minutes
    ~~~ ^
    var
/Users/bogdan/work/Septica/Septica/Services/Tournament/TournamentDataModels.swift:550:9: warning: immutable property will not be decoded because it is declared with an initial value which cannot be overwritten
    let ageAppropriate: Bool = true
        ^
/Users/bogdan/work/Septica/Septica/Services/Tournament/TournamentDataModels.swift:550:9: note: set the initial value via the initializer or explicitly define a CodingKeys enum including a 'ageAppropriate' case to silence this warning
    let ageAppropriate: Bool = true
        ^
/Users/bogdan/work/Septica/Septica/Services/Tournament/TournamentDataModels.swift:550:9: note: make the property mutable instead
    let ageAppropriate: Bool = true
    ~~~ ^
    var
/Users/bogdan/work/Septica/Septica/Services/Tournament/TournamentDataModels.swift:551:9: warning: immutable property will not be decoded because it is declared with an initial value which cannot be overwritten
    let requiresParentalGuidance: Bool = false
        ^
/Users/bogdan/work/Septica/Septica/Services/Tournament/TournamentDataModels.swift:551:9: note: set the initial value via the initializer or explicitly define a CodingKeys enum including a 'requiresParentalGuidance' case to silence this warning
    let requiresParentalGuidance: Bool = false
        ^
/Users/bogdan/work/Septica/Septica/Services/Tournament/TournamentDataModels.swift:551:9: note: make the property mutable instead
    let requiresParentalGuidance: Bool = false
    ~~~ ^
    var
/Users/bogdan/work/Septica/Septica/Services/Tournament/TournamentDataModels.swift:558:9: warning: immutable property will not be decoded because it is declared with an initial value which cannot be overwritten
    let id = UUID()
        ^
/Users/bogdan/work/Septica/Septica/Services/Tournament/TournamentDataModels.swift:558:9: note: set the initial value via the initializer or explicitly define a CodingKeys enum including a 'id' case to silence this warning
    let id = UUID()
        ^
/Users/bogdan/work/Septica/Septica/Services/Tournament/TournamentDataModels.swift:558:9: note: make the property mutable instead
    let id = UUID()
    ~~~ ^
    var

SwiftCompile normal arm64 Compiling\ CrossDeviceAchievementSyncManager.swift /Users/bogdan/work/Septica/Septica/Services/CloudKit/CrossDeviceAchievementSyncManager.swift (in target 'Septica' from project 'Septica')

SwiftCompile normal arm64 /Users/bogdan/work/Septica/Septica/Services/CloudKit/CrossDeviceAchievementSyncManager.swift (in target 'Septica' from project 'Septica')
    cd /Users/bogdan/work/Septica
    

SwiftCompile normal arm64 Compiling\ AchievementNotificationView.swift /Users/bogdan/work/Septica/Septica/Views/Achievements/AchievementNotificationView.swift (in target 'Septica' from project 'Septica')

SwiftCompile normal arm64 /Users/bogdan/work/Septica/Septica/Views/Achievements/AchievementNotificationView.swift (in target 'Septica' from project 'Septica')
    cd /Users/bogdan/work/Septica
    

SwiftCompile normal arm64 Compiling\ CloudKitSharedTypes.swift /Users/bogdan/work/Septica/Septica/Services/CloudKit/CloudKitSharedTypes.swift (in target 'Septica' from project 'Septica')

SwiftCompile normal arm64 /Users/bogdan/work/Septica/Septica/Services/CloudKit/CloudKitSharedTypes.swift (in target 'Septica' from project 'Septica')
    cd /Users/bogdan/work/Septica
    

SwiftCompile normal arm64 Compiling\ AchievementView.swift /Users/bogdan/work/Septica/Septica/Views/Achievement/AchievementView.swift (in target 'Septica' from project 'Septica')

SwiftCompile normal arm64 /Users/bogdan/work/Septica/Septica/Views/Achievement/AchievementView.swift (in target 'Septica' from project 'Septica')
    cd /Users/bogdan/work/Septica
    

SwiftCompile normal arm64 Compiling\ EnhancedPlayerProfileManager.swift /Users/bogdan/work/Septica/Septica/Services/Profile/EnhancedPlayerProfileManager.swift (in target 'Septica' from project 'Septica')

SwiftCompile normal arm64 /Users/bogdan/work/Septica/Septica/Services/Profile/EnhancedPlayerProfileManager.swift (in target 'Septica' from project 'Septica')
    cd /Users/bogdan/work/Septica
    

SwiftCompile normal arm64 Compiling\ WebSocketMessage.swift /Users/bogdan/work/Septica/Septica/Services/Network/WebSocketMessage.swift (in target 'Septica' from project 'Septica')

SwiftCompile normal arm64 /Users/bogdan/work/Septica/Septica/Services/Network/WebSocketMessage.swift (in target 'Septica' from project 'Septica')
    cd /Users/bogdan/work/Septica
    

SwiftDriverJobDiscovery normal arm64 Compiling CloudKitSharedTypes.swift (in target 'Septica' from project 'Septica')

SwiftDriverJobDiscovery normal arm64 Compiling RomanianDialogueBubbleView.swift, ShuffleCatsGameScreenExtensions.swift, ShuffleCatsInspiredGameScreen.swift, SpecialCardEffects.swift, WorkingGameScreen.swift, PrivacyPolicyView.swift (in target 'Septica' from project 'Septica')

SwiftDriverJobDiscovery normal arm64 Emitting module for Septica (in target 'Septica' from project 'Septica')

SwiftDriverJobDiscovery normal arm64 Compiling AchievementNotificationView.swift (in target 'Septica' from project 'Septica')

SwiftDriver\ Compilation\ Requirements Septica normal arm64 com.apple.xcode.tools.swift.compiler (in target 'Septica' from project 'Septica')
    cd /Users/bogdan/work/Septica
    builtin-Swift-Compilation-Requirements -- /Applications/Xcode.app/Contents/Developer/Toolchains/XcodeDefault.xctoolchain/usr/bin/swiftc -module-name Septica -Onone -enforce-exclusivity\=checked @/Users/bogdan/Library/Developer/Xcode/DerivedData/Septica-bhxnubcmusynzbbkytwvuelspvfa/Build/Intermediates.noindex/Septica.build/Debug-iphonesimulator/Septica.build/Objects-normal/arm64/Septica.SwiftFileList -DDEBUG -default-isolation\=MainActor -enable-bare-slash-regex -enable-upcoming-feature MemberImportVisibility -enable-experimental-feature DebugDescriptionMacro -sdk /Applications/Xcode.app/Contents/Developer/Platforms/iPhoneSimulator.platform/Developer/SDKs/iPhoneSimulator26.0.sdk -target arm64-apple-ios18.0-simulator -g -module-cache-path /Users/bogdan/Library/Developer/Xcode/DerivedData/ModuleCache.noindex -Xfrontend -serialize-debugging-options -profile-coverage-mapping -profile-generate -enable-testing -index-store-path /Users/bogdan/Library/Developer/Xcode/DerivedData/Septica-bhxnubcmusynzbbkytwvuelspvfa/Index.noindex/DataStore -Xcc -D_LIBCPP_HARDENING_MODE\=_LIBCPP_HARDENING_MODE_DEBUG -swift-version 5 -I /Users/bogdan/Library/Developer/Xcode/DerivedData/Septica-bhxnubcmusynzbbkytwvuelspvfa/Build/Products/Debug-iphonesimulator -F /Users/bogdan/Library/Developer/Xcode/DerivedData/Septica-bhxnubcmusynzbbkytwvuelspvfa/Build/Products/Debug-iphonesimulator -emit-localized-strings -emit-localized-strings-path /Users/bogdan/Library/Developer/Xcode/DerivedData/Septica-bhxnubcmusynzbbkytwvuelspvfa/Build/Intermediates.noindex/Septica.build/Debug-iphonesimulator/Septica.build/Objects-normal/arm64 -c -j16 -enable-batch-mode -incremental -Xcc -ivfsstatcache -Xcc /Users/bogdan/Library/Developer/Xcode/DerivedData/SDKStatCaches.noindex/iphonesimulator26.0-23A339-3885c01c3e6b6a337905948deab2002e26257891a6c027eb51374368541b8346.sdkstatcache -output-file-map /Users/bogdan/Library/Developer/Xcode/DerivedData/Septica-bhxnubcmusynzbbkytwvuelspvfa/Build/Intermediates.noindex/Septica.build/Debug-iphonesimulator/Septica.build/Objects-normal/arm64/Septica-OutputFileMap.json -use-frontend-parseable-output -save-temps -no-color-diagnostics -explicit-module-build -module-cache-path /Users/bogdan/Library/Developer/Xcode/DerivedData/Septica-bhxnubcmusynzbbkytwvuelspvfa/Build/Intermediates.noindex/SwiftExplicitPrecompiledModules -clang-scanner-module-cache-path /Users/bogdan/Library/Developer/Xcode/DerivedData/ModuleCache.noindex -sdk-module-cache-path /Users/bogdan/Library/Developer/Xcode/DerivedData/ModuleCache.noindex -serialize-diagnostics -emit-dependencies -emit-module -emit-module-path /Users/bogdan/Library/Developer/Xcode/DerivedData/Septica-bhxnubcmusynzbbkytwvuelspvfa/Build/Intermediates.noindex/Septica.build/Debug-iphonesimulator/Septica.build/Objects-normal/arm64/Septica.swiftmodule -validate-clang-modules-once -clang-build-session-file /Users/bogdan/Library/Developer/Xcode/DerivedData/ModuleCache.noindex/Session.modulevalidation -Xcc -I/Users/bogdan/Library/Developer/Xcode/DerivedData/Septica-bhxnubcmusynzbbkytwvuelspvfa/Build/Intermediates.noindex/Septica.build/Debug-iphonesimulator/Septica.build/swift-overrides.hmap -emit-const-values -Xfrontend -const-gather-protocols-file -Xfrontend /Users/bogdan/Library/Developer/Xcode/DerivedData/Septica-bhxnubcmusynzbbkytwvuelspvfa/Build/Intermediates.noindex/Septica.build/Debug-iphonesimulator/Septica.build/Objects-normal/arm64/Septica_const_extract_protocols.json -Xcc -iquote -Xcc /Users/bogdan/Library/Developer/Xcode/DerivedData/Septica-bhxnubcmusynzbbkytwvuelspvfa/Build/Intermediates.noindex/Septica.build/Debug-iphonesimulator/Septica.build/Septica-generated-files.hmap -Xcc -I/Users/bogdan/Library/Developer/Xcode/DerivedData/Septica-bhxnubcmusynzbbkytwvuelspvfa/Build/Intermediates.noindex/Septica.build/Debug-iphonesimulator/Septica.build/Septica-own-target-headers.hmap -Xcc -I/Users/bogdan/Library/Developer/Xcode/DerivedData/Septica-bhxnubcmusynzbbkytwvuelspvfa/Build/Intermediates.noindex/Septica.build/Debug-iphonesimulator/Septica.build/Septica-all-target-headers.hmap -Xcc -iquote -Xcc /Users/bogdan/Library/Developer/Xcode/DerivedData/Septica-bhxnubcmusynzbbkytwvuelspvfa/Build/Intermediates.noindex/Septica.build/Debug-iphonesimulator/Septica.build/Septica-project-headers.hmap -Xcc -I/Users/bogdan/Library/Developer/Xcode/DerivedData/Septica-bhxnubcmusynzbbkytwvuelspvfa/Build/Products/Debug-iphonesimulator/include -Xcc -I/Users/bogdan/Library/Developer/Xcode/DerivedData/Septica-bhxnubcmusynzbbkytwvuelspvfa/Build/Intermediates.noindex/Septica.build/Debug-iphonesimulator/Septica.build/DerivedSources-normal/arm64 -Xcc -I/Users/bogdan/Library/Developer/Xcode/DerivedData/Septica-bhxnubcmusynzbbkytwvuelspvfa/Build/Intermediates.noindex/Septica.build/Debug-iphonesimulator/Septica.build/DerivedSources/arm64 -Xcc -I/Users/bogdan/Library/Developer/Xcode/DerivedData/Septica-bhxnubcmusynzbbkytwvuelspvfa/Build/Intermediates.noindex/Septica.build/Debug-iphonesimulator/Septica.build/DerivedSources -Xcc -DDEBUG\=1 -emit-objc-header -emit-objc-header-path /Users/bogdan/Library/Developer/Xcode/DerivedData/Septica-bhxnubcmusynzbbkytwvuelspvfa/Build/Intermediates.noindex/Septica.build/Debug-iphonesimulator/Septica.build/Objects-normal/arm64/Septica-Swift.h -import-objc-header /Users/bogdan/work/Septica/Septica/ShaderTypes.h -working-directory /Users/bogdan/work/Septica -experimental-emit-module-separately -disable-cmo

SwiftDriverJobDiscovery normal arm64 Compiling GameRules.swift, GameState.swift, Player.swift, AnalyticsStubs.swift, CulturalTypes.swift, BatteryOptimizationManager.swift, MetalPerformanceMonitor.swift (in target 'Septica' from project 'Septica')

SwiftDriverJobDiscovery normal arm64 Compiling CrossDeviceAchievementSyncManager.swift (in target 'Septica' from project 'Septica')

SwiftCompile normal arm64 Compiling\ GameStateCloudKitIntegration.swift /Users/bogdan/work/Septica/Septica/Services/CloudKit/GameStateCloudKitIntegration.swift (in target 'Septica' from project 'Septica')

SwiftCompile normal arm64 /Users/bogdan/work/Septica/Septica/Services/CloudKit/GameStateCloudKitIntegration.swift (in target 'Septica' from project 'Septica')
    cd /Users/bogdan/work/Septica
    

Copy /Users/bogdan/Library/Developer/Xcode/DerivedData/Septica-bhxnubcmusynzbbkytwvuelspvfa/Build/Products/Debug-iphonesimulator/Septica.swiftmodule/arm64-apple-ios-simulator.swiftmodule /Users/bogdan/Library/Developer/Xcode/DerivedData/Septica-bhxnubcmusynzbbkytwvuelspvfa/Build/Intermediates.noindex/Septica.build/Debug-iphonesimulator/Septica.build/Objects-normal/arm64/Septica.swiftmodule (in target 'Septica' from project 'Septica')
    cd /Users/bogdan/work/Septica
    builtin-copy -exclude .DS_Store -exclude CVS -exclude .svn -exclude .git -exclude .hg -resolve-src-symlinks -rename /Users/bogdan/Library/Developer/Xcode/DerivedData/Septica-bhxnubcmusynzbbkytwvuelspvfa/Build/Intermediates.noindex/Septica.build/Debug-iphonesimulator/Septica.build/Objects-normal/arm64/Septica.swiftmodule /Users/bogdan/Library/Developer/Xcode/DerivedData/Septica-bhxnubcmusynzbbkytwvuelspvfa/Build/Products/Debug-iphonesimulator/Septica.swiftmodule/arm64-apple-ios-simulator.swiftmodule

Copy /Users/bogdan/Library/Developer/Xcode/DerivedData/Septica-bhxnubcmusynzbbkytwvuelspvfa/Build/Products/Debug-iphonesimulator/Septica.swiftmodule/arm64-apple-ios-simulator.swiftdoc /Users/bogdan/Library/Developer/Xcode/DerivedData/Septica-bhxnubcmusynzbbkytwvuelspvfa/Build/Intermediates.noindex/Septica.build/Debug-iphonesimulator/Septica.build/Objects-normal/arm64/Septica.swiftdoc (in target 'Septica' from project 'Septica')
    cd /Users/bogdan/work/Septica
    builtin-copy -exclude .DS_Store -exclude CVS -exclude .svn -exclude .git -exclude .hg -resolve-src-symlinks -rename /Users/bogdan/Library/Developer/Xcode/DerivedData/Septica-bhxnubcmusynzbbkytwvuelspvfa/Build/Intermediates.noindex/Septica.build/Debug-iphonesimulator/Septica.build/Objects-normal/arm64/Septica.swiftdoc /Users/bogdan/Library/Developer/Xcode/DerivedData/Septica-bhxnubcmusynzbbkytwvuelspvfa/Build/Products/Debug-iphonesimulator/Septica.swiftmodule/arm64-apple-ios-simulator.swiftdoc

Copy /Users/bogdan/Library/Developer/Xcode/DerivedData/Septica-bhxnubcmusynzbbkytwvuelspvfa/Build/Products/Debug-iphonesimulator/Septica.swiftmodule/arm64-apple-ios-simulator.abi.json /Users/bogdan/Library/Developer/Xcode/DerivedData/Septica-bhxnubcmusynzbbkytwvuelspvfa/Build/Intermediates.noindex/Septica.build/Debug-iphonesimulator/Septica.build/Objects-normal/arm64/Septica.abi.json (in target 'Septica' from project 'Septica')
    cd /Users/bogdan/work/Septica
    builtin-copy -exclude .DS_Store -exclude CVS -exclude .svn -exclude .git -exclude .hg -resolve-src-symlinks -rename /Users/bogdan/Library/Developer/Xcode/DerivedData/Septica-bhxnubcmusynzbbkytwvuelspvfa/Build/Intermediates.noindex/Septica.build/Debug-iphonesimulator/Septica.build/Objects-normal/arm64/Septica.abi.json /Users/bogdan/Library/Developer/Xcode/DerivedData/Septica-bhxnubcmusynzbbkytwvuelspvfa/Build/Products/Debug-iphonesimulator/Septica.swiftmodule/arm64-apple-ios-simulator.abi.json

Copy /Users/bogdan/Library/Developer/Xcode/DerivedData/Septica-bhxnubcmusynzbbkytwvuelspvfa/Build/Products/Debug-iphonesimulator/Septica.swiftmodule/Project/arm64-apple-ios-simulator.swiftsourceinfo /Users/bogdan/Library/Developer/Xcode/DerivedData/Septica-bhxnubcmusynzbbkytwvuelspvfa/Build/Intermediates.noindex/Septica.build/Debug-iphonesimulator/Septica.build/Objects-normal/arm64/Septica.swiftsourceinfo (in target 'Septica' from project 'Septica')
    cd /Users/bogdan/work/Septica
    builtin-copy -exclude .DS_Store -exclude CVS -exclude .svn -exclude .git -exclude .hg -resolve-src-symlinks -rename /Users/bogdan/Library/Developer/Xcode/DerivedData/Septica-bhxnubcmusynzbbkytwvuelspvfa/Build/Intermediates.noindex/Septica.build/Debug-iphonesimulator/Septica.build/Objects-normal/arm64/Septica.swiftsourceinfo /Users/bogdan/Library/Developer/Xcode/DerivedData/Septica-bhxnubcmusynzbbkytwvuelspvfa/Build/Products/Debug-iphonesimulator/Septica.swiftmodule/Project/arm64-apple-ios-simulator.swiftsourceinfo

SwiftDriverJobDiscovery normal arm64 Compiling AchievementView.swift (in target 'Septica' from project 'Septica')

SwiftDriverJobDiscovery normal arm64 Compiling EnhancedPlayerProfileManager.swift (in target 'Septica' from project 'Septica')

SwiftDriverJobDiscovery normal arm64 Compiling GameStateCloudKitIntegration.swift (in target 'Septica' from project 'Septica')

SwiftDriverJobDiscovery normal arm64 Compiling WebSocketMessage.swift (in target 'Septica' from project 'Septica')

SwiftDriverJobDiscovery normal arm64 Compiling GameController.swift, SepticaErrorHandling.swift, ContentRatingManager.swift, PrivacyPolicyManager.swift, TermsOfServiceManager.swift, AccessibilityManager.swift, AnimationManager.swift (in target 'Septica' from project 'Septica')

SwiftDriverJobDiscovery normal arm64 Compiling LightingEnvironment.swift, MaterialEffect.swift, ProfessionalCardRenderer.swift, ProfessionalRenderingSupport.swift, TextureCache.swift, RendererExtensions.swift, AchievementCelebrationManager.swift (in target 'Septica' from project 'Septica')

SwiftDriverJobDiscovery normal arm64 Compiling RomanianCharacterAvatarView.swift, RomanianCharacterReactionOverlay.swift, RomanianCharacterSelectionView.swift, RomanianCharacterSystem.swift, RomanianColors.swift, RomanianGameZoneFrames.swift, RomanianOrnatePatternSystem.swift (in target 'Septica' from project 'Septica')

SwiftDriverJobDiscovery normal arm64 Compiling TournamentDataModels.swift (in target 'Septica' from project 'Septica')

SwiftDriverJobDiscovery normal arm64 Compiling PerformanceMonitor.swift, PerformanceValidation.swift, CardRenderer.swift, Advanced3DTransform.swift, AdvancedLightingSystem.swift, EnhancedMaterialSystem.swift, GeometryCache.swift (in target 'Septica' from project 'Septica')

SwiftCompile normal arm64 Compiling\ OfflineSyncQueue.swift /Users/bogdan/work/Septica/Septica/Services/CloudKit/OfflineSyncQueue.swift (in target 'Septica' from project 'Septica')

SwiftCompile normal arm64 /Users/bogdan/work/Septica/Septica/Services/CloudKit/OfflineSyncQueue.swift (in target 'Septica' from project 'Septica')
    cd /Users/bogdan/work/Septica
    
/Users/bogdan/work/Septica/Septica/Services/CloudKit/OfflineSyncQueue.swift:12:13: warning: no 'async' operations occur within 'await' expression
            await self?.completeOperation()
            ^

SwiftCompile normal arm64 Compiling\ Array+Chunked.swift /Users/bogdan/work/Septica/Septica/Utilities/Array+Chunked.swift (in target 'Septica' from project 'Septica')

SwiftCompile normal arm64 /Users/bogdan/work/Septica/Septica/Utilities/Array+Chunked.swift (in target 'Septica' from project 'Septica')
    cd /Users/bogdan/work/Septica
    

SwiftCompile normal arm64 Compiling\ CardCollectionMasteryEngine.swift /Users/bogdan/work/Septica/Septica/Services/Analytics/CardCollectionMasteryEngine.swift (in target 'Septica' from project 'Septica')

SwiftCompile normal arm64 /Users/bogdan/work/Septica/Septica/Services/Analytics/CardCollectionMasteryEngine.swift (in target 'Septica' from project 'Septica')
    cd /Users/bogdan/work/Septica
    

SwiftDriverJobDiscovery normal arm64 Compiling Array+Chunked.swift (in target 'Septica' from project 'Septica')

SwiftDriverJobDiscovery normal arm64 Compiling CardCollectionMasteryEngine.swift (in target 'Septica' from project 'Septica')

SwiftDriverJobDiscovery normal arm64 Compiling OfflineSyncQueue.swift (in target 'Septica' from project 'Septica')

SwiftDriverJobDiscovery normal arm64 Compiling PlayerHandView.swift, PremiumCardEffects.swift, PremiumGameScreen.swift, ProfessionalCard.swift, ProfessionalCardView.swift, RomanianArenaBackgroundView.swift, RomanianCulturalPatternView.swift (in target 'Septica' from project 'Septica')

SwiftDriverJobDiscovery normal arm64 Compiling CardView.swift, GameBoardView.swift, GameResultView.swift, GameStatusView.swift, GameTableView.swift, OpponentHandView.swift, OrganizedGameTableView.swift (in target 'Septica' from project 'Septica')

SwiftDriverJobDiscovery normal arm64 Compiling RomanianPlayerAvatarView.swift, ShuffleCatsStyleDragSystem.swift, RomanianPatternIntegration.swift, AdvancedEffectsIntegration.swift, AdvancedVisualEffectsIntegration.swift, CardVisualEffectsSystem.swift, ShuffleCatsQualityEnhancements.swift (in target 'Septica' from project 'Septica')

SwiftCompile normal arm64 Compiling\ MultiplayerIntegration.swift /Users/bogdan/work/Septica/Septica/Services/Network/MultiplayerIntegration.swift (in target 'Septica' from project 'Septica')

SwiftCompile normal arm64 /Users/bogdan/work/Septica/Septica/Services/Network/MultiplayerIntegration.swift (in target 'Septica' from project 'Septica')
    cd /Users/bogdan/work/Septica
    

SwiftCompile normal arm64 Compiling\ MultiplayerService.swift /Users/bogdan/work/Septica/Septica/Services/Network/MultiplayerService.swift (in target 'Septica' from project 'Septica')
SwiftCompile normal arm64 /Users/bogdan/work/Septica/Septica/Services/Network/MultiplayerService.swift (in target 'Septica' from project 'Septica')
    cd /Users/bogdan/work/Septica
    

SwiftCompile normal arm64 Compiling\ NetworkManager.swift /Users/bogdan/work/Septica/Septica/Services/Network/NetworkManager.swift (in target 'Septica' from project 'Septica')

SwiftCompile normal arm64 /Users/bogdan/work/Septica/Septica/Services/Network/NetworkManager.swift (in target 'Septica' from project 'Septica')
    cd /Users/bogdan/work/Septica
    

SwiftCompile normal arm64 Compiling\ RomanianCulturalIntelligence.swift /Users/bogdan/work/Septica/Septica/Services/Intelligence/RomanianCulturalIntelligence.swift (in target 'Septica' from project 'Septica')

SwiftCompile normal arm64 /Users/bogdan/work/Septica/Septica/Services/Intelligence/RomanianCulturalIntelligence.swift (in target 'Septica' from project 'Septica')
    cd /Users/bogdan/work/Septica
    

SwiftCompile normal arm64 Compiling\ RomanianCulturalContentLibrary.swift /Users/bogdan/work/Septica/Septica/Services/Culture/RomanianCulturalContentLibrary.swift (in target 'Septica' from project 'Septica')

SwiftCompile normal arm64 /Users/bogdan/work/Septica/Septica/Services/Culture/RomanianCulturalContentLibrary.swift (in target 'Septica' from project 'Septica')
    cd /Users/bogdan/work/Septica
    

SwiftCompile normal arm64 Compiling\ GameEndCelebrationSystem.swift /Users/bogdan/work/Septica/Septica/Services/GameEnd/GameEndCelebrationSystem.swift (in target 'Septica' from project 'Septica')

SwiftCompile normal arm64 /Users/bogdan/work/Septica/Septica/Services/GameEnd/GameEndCelebrationSystem.swift (in target 'Septica' from project 'Septica')
    cd /Users/bogdan/work/Septica
    

SwiftCompile normal arm64 Compiling\ EnhancedCloudKitIntegrationService.swift /Users/bogdan/work/Septica/Septica/Services/CloudKit/EnhancedCloudKitIntegrationService.swift (in target 'Septica' from project 'Septica')
SwiftCompile normal arm64 /Users/bogdan/work/Septica/Septica/Services/CloudKit/EnhancedCloudKitIntegrationService.swift (in target 'Septica' from project 'Septica')
    cd /Users/bogdan/work/Septica
    

SwiftCompile normal arm64 Compiling\ CoreDataCloudKitManager.swift /Users/bogdan/work/Septica/Septica/Services/CloudKit/CoreDataCloudKitManager.swift (in target 'Septica' from project 'Septica')

SwiftCompile normal arm64 /Users/bogdan/work/Septica/Septica/Services/CloudKit/CoreDataCloudKitManager.swift (in target 'Septica' from project 'Septica')
    cd /Users/bogdan/work/Septica
    

SwiftCompile normal arm64 Compiling\ NetworkCoordinator.swift /Users/bogdan/work/Septica/Septica/Services/Network/NetworkCoordinator.swift (in target 'Septica' from project 'Septica')

SwiftCompile normal arm64 /Users/bogdan/work/Septica/Septica/Services/Network/NetworkCoordinator.swift (in target 'Septica' from project 'Septica')
    cd /Users/bogdan/work/Septica
    

SwiftCompile normal arm64 Compiling\ CloudKitRecordManager.swift /Users/bogdan/work/Septica/Septica/Services/CloudKit/CloudKitRecordManager.swift (in target 'Septica' from project 'Septica')

SwiftCompile normal arm64 /Users/bogdan/work/Septica/Septica/Services/CloudKit/CloudKitRecordManager.swift (in target 'Septica' from project 'Septica')
    cd /Users/bogdan/work/Septica
    

SwiftCompile normal arm64 Compiling\ CloudKitSubscriptionManager.swift /Users/bogdan/work/Septica/Septica/Services/CloudKit/CloudKitSubscriptionManager.swift (in target 'Septica' from project 'Septica')

SwiftCompile normal arm64 /Users/bogdan/work/Septica/Septica/Services/CloudKit/CloudKitSubscriptionManager.swift (in target 'Septica' from project 'Septica')
    cd /Users/bogdan/work/Septica
    

SwiftCompile normal arm64 Compiling\ CloudKitSyncEngine.swift /Users/bogdan/work/Septica/Septica/Services/CloudKit/CloudKitSyncEngine.swift (in target 'Septica' from project 'Septica')

SwiftCompile normal arm64 /Users/bogdan/work/Septica/Septica/Services/CloudKit/CloudKitSyncEngine.swift (in target 'Septica' from project 'Septica')
    cd /Users/bogdan/work/Septica
    

SwiftCompile normal arm64 Compiling\ RomanianTraditionalAI.swift /Users/bogdan/work/Septica/Septica/AI/RomanianTraditionalAI.swift (in target 'Septica' from project 'Septica')

SwiftCompile normal arm64 /Users/bogdan/work/Septica/Septica/AI/RomanianTraditionalAI.swift (in target 'Septica' from project 'Septica')
    cd /Users/bogdan/work/Septica
    

SwiftCompile normal arm64 Compiling\ StatisticsCloudKitManager.swift /Users/bogdan/work/Septica/Septica/Services/Analytics/StatisticsCloudKitManager.swift (in target 'Septica' from project 'Septica')

SwiftCompile normal arm64 /Users/bogdan/work/Septica/Septica/Services/Analytics/StatisticsCloudKitManager.swift (in target 'Septica' from project 'Septica')
    cd /Users/bogdan/work/Septica
    

SwiftCompile normal arm64 Compiling\ SepticaCloudKitManager.swift /Users/bogdan/work/Septica/Septica/Services/CloudKit/SepticaCloudKitManager.swift (in target 'Septica' from project 'Septica')

SwiftCompile normal arm64 /Users/bogdan/work/Septica/Septica/Services/CloudKit/SepticaCloudKitManager.swift (in target 'Septica' from project 'Septica')
    cd /Users/bogdan/work/Septica
    

SwiftDriverJobDiscovery normal arm64 Compiling RomanianCulturalContentLibrary.swift (in target 'Septica' from project 'Septica')

SwiftDriverJobDiscovery normal arm64 Compiling CloudKitRecordManager.swift (in target 'Septica' from project 'Septica')

SwiftDriverJobDiscovery normal arm64 Compiling CloudKitSyncEngine.swift (in target 'Septica' from project 'Septica')

SwiftDriverJobDiscovery normal arm64 Compiling RomanianCulturalIntelligence.swift (in target 'Septica' from project 'Septica')

SwiftDriverJobDiscovery normal arm64 Compiling RomanianTraditionalAI.swift (in target 'Septica' from project 'Septica')

SwiftDriverJobDiscovery normal arm64 Compiling MultiplayerIntegration.swift (in target 'Septica' from project 'Septica')

SwiftDriverJobDiscovery normal arm64 Compiling NetworkCoordinator.swift (in target 'Septica' from project 'Septica')

SwiftDriverJobDiscovery normal arm64 Compiling GameEndCelebrationSystem.swift (in target 'Septica' from project 'Septica')

SwiftDriverJobDiscovery normal arm64 Compiling CloudKitSubscriptionManager.swift (in target 'Septica' from project 'Septica')

SwiftDriverJobDiscovery normal arm64 Compiling SepticaCloudKitManager.swift (in target 'Septica' from project 'Septica')

SwiftDriverJobDiscovery normal arm64 Compiling CoreDataCloudKitManager.swift (in target 'Septica' from project 'Septica')

SwiftDriverJobDiscovery normal arm64 Compiling NetworkManager.swift (in target 'Septica' from project 'Septica')

SwiftDriverJobDiscovery normal arm64 Compiling MultiplayerService.swift (in target 'Septica' from project 'Septica')

SwiftDriverJobDiscovery normal arm64 Compiling StatisticsCloudKitManager.swift (in target 'Septica' from project 'Septica')

SwiftDriverJobDiscovery normal arm64 Compiling EnhancedCloudKitIntegrationService.swift (in target 'Septica' from project 'Septica')

SwiftDriver\ Compilation Septica normal arm64 com.apple.xcode.tools.swift.compiler (in target 'Septica' from project 'Septica')
    cd /Users/bogdan/work/Septica
    builtin-Swift-Compilation -- /Applications/Xcode.app/Contents/Developer/Toolchains/XcodeDefault.xctoolchain/usr/bin/swiftc -module-name Septica -Onone -enforce-exclusivity\=checked @/Users/bogdan/Library/Developer/Xcode/DerivedData/Septica-bhxnubcmusynzbbkytwvuelspvfa/Build/Intermediates.noindex/Septica.build/Debug-iphonesimulator/Septica.build/Objects-normal/arm64/Septica.SwiftFileList -DDEBUG -default-isolation\=MainActor -enable-bare-slash-regex -enable-upcoming-feature MemberImportVisibility -enable-experimental-feature DebugDescriptionMacro -sdk /Applications/Xcode.app/Contents/Developer/Platforms/iPhoneSimulator.platform/Developer/SDKs/iPhoneSimulator26.0.sdk -target arm64-apple-ios18.0-simulator -g -module-cache-path /Users/bogdan/Library/Developer/Xcode/DerivedData/ModuleCache.noindex -Xfrontend -serialize-debugging-options -profile-coverage-mapping -profile-generate -enable-testing -index-store-path /Users/bogdan/Library/Developer/Xcode/DerivedData/Septica-bhxnubcmusynzbbkytwvuelspvfa/Index.noindex/DataStore -Xcc -D_LIBCPP_HARDENING_MODE\=_LIBCPP_HARDENING_MODE_DEBUG -swift-version 5 -I /Users/bogdan/Library/Developer/Xcode/DerivedData/Septica-bhxnubcmusynzbbkytwvuelspvfa/Build/Products/Debug-iphonesimulator -F /Users/bogdan/Library/Developer/Xcode/DerivedData/Septica-bhxnubcmusynzbbkytwvuelspvfa/Build/Products/Debug-iphonesimulator -emit-localized-strings -emit-localized-strings-path /Users/bogdan/Library/Developer/Xcode/DerivedData/Septica-bhxnubcmusynzbbkytwvuelspvfa/Build/Intermediates.noindex/Septica.build/Debug-iphonesimulator/Septica.build/Objects-normal/arm64 -c -j16 -enable-batch-mode -incremental -Xcc -ivfsstatcache -Xcc /Users/bogdan/Library/Developer/Xcode/DerivedData/SDKStatCaches.noindex/iphonesimulator26.0-23A339-3885c01c3e6b6a337905948deab2002e26257891a6c027eb51374368541b8346.sdkstatcache -output-file-map /Users/bogdan/Library/Developer/Xcode/DerivedData/Septica-bhxnubcmusynzbbkytwvuelspvfa/Build/Intermediates.noindex/Septica.build/Debug-iphonesimulator/Septica.build/Objects-normal/arm64/Septica-OutputFileMap.json -use-frontend-parseable-output -save-temps -no-color-diagnostics -explicit-module-build -module-cache-path /Users/bogdan/Library/Developer/Xcode/DerivedData/Septica-bhxnubcmusynzbbkytwvuelspvfa/Build/Intermediates.noindex/SwiftExplicitPrecompiledModules -clang-scanner-module-cache-path /Users/bogdan/Library/Developer/Xcode/DerivedData/ModuleCache.noindex -sdk-module-cache-path /Users/bogdan/Library/Developer/Xcode/DerivedData/ModuleCache.noindex -serialize-diagnostics -emit-dependencies -emit-module -emit-module-path /Users/bogdan/Library/Developer/Xcode/DerivedData/Septica-bhxnubcmusynzbbkytwvuelspvfa/Build/Intermediates.noindex/Septica.build/Debug-iphonesimulator/Septica.build/Objects-normal/arm64/Septica.swiftmodule -validate-clang-modules-once -clang-build-session-file /Users/bogdan/Library/Developer/Xcode/DerivedData/ModuleCache.noindex/Session.modulevalidation -Xcc -I/Users/bogdan/Library/Developer/Xcode/DerivedData/Septica-bhxnubcmusynzbbkytwvuelspvfa/Build/Intermediates.noindex/Septica.build/Debug-iphonesimulator/Septica.build/swift-overrides.hmap -emit-const-values -Xfrontend -const-gather-protocols-file -Xfrontend /Users/bogdan/Library/Developer/Xcode/DerivedData/Septica-bhxnubcmusynzbbkytwvuelspvfa/Build/Intermediates.noindex/Septica.build/Debug-iphonesimulator/Septica.build/Objects-normal/arm64/Septica_const_extract_protocols.json -Xcc -iquote -Xcc /Users/bogdan/Library/Developer/Xcode/DerivedData/Septica-bhxnubcmusynzbbkytwvuelspvfa/Build/Intermediates.noindex/Septica.build/Debug-iphonesimulator/Septica.build/Septica-generated-files.hmap -Xcc -I/Users/bogdan/Library/Developer/Xcode/DerivedData/Septica-bhxnubcmusynzbbkytwvuelspvfa/Build/Intermediates.noindex/Septica.build/Debug-iphonesimulator/Septica.build/Septica-own-target-headers.hmap -Xcc -I/Users/bogdan/Library/Developer/Xcode/DerivedData/Septica-bhxnubcmusynzbbkytwvuelspvfa/Build/Intermediates.noindex/Septica.build/Debug-iphonesimulator/Septica.build/Septica-all-target-headers.hmap -Xcc -iquote -Xcc /Users/bogdan/Library/Developer/Xcode/DerivedData/Septica-bhxnubcmusynzbbkytwvuelspvfa/Build/Intermediates.noindex/Septica.build/Debug-iphonesimulator/Septica.build/Septica-project-headers.hmap -Xcc -I/Users/bogdan/Library/Developer/Xcode/DerivedData/Septica-bhxnubcmusynzbbkytwvuelspvfa/Build/Products/Debug-iphonesimulator/include -Xcc -I/Users/bogdan/Library/Developer/Xcode/DerivedData/Septica-bhxnubcmusynzbbkytwvuelspvfa/Build/Intermediates.noindex/Septica.build/Debug-iphonesimulator/Septica.build/DerivedSources-normal/arm64 -Xcc -I/Users/bogdan/Library/Developer/Xcode/DerivedData/Septica-bhxnubcmusynzbbkytwvuelspvfa/Build/Intermediates.noindex/Septica.build/Debug-iphonesimulator/Septica.build/DerivedSources/arm64 -Xcc -I/Users/bogdan/Library/Developer/Xcode/DerivedData/Septica-bhxnubcmusynzbbkytwvuelspvfa/Build/Intermediates.noindex/Septica.build/Debug-iphonesimulator/Septica.build/DerivedSources -Xcc -DDEBUG\=1 -emit-objc-header -emit-objc-header-path /Users/bogdan/Library/Developer/Xcode/DerivedData/Septica-bhxnubcmusynzbbkytwvuelspvfa/Build/Intermediates.noindex/Septica.build/Debug-iphonesimulator/Septica.build/Objects-normal/arm64/Septica-Swift.h -import-objc-header /Users/bogdan/work/Septica/Septica/ShaderTypes.h -working-directory /Users/bogdan/work/Septica -experimental-emit-module-separately -disable-cmo

Ld /Users/bogdan/Library/Developer/Xcode/DerivedData/Septica-bhxnubcmusynzbbkytwvuelspvfa/Build/Products/Debug-iphonesimulator/Septica.app/Septica.debug.dylib normal (in target 'Septica' from project 'Septica')
    cd /Users/bogdan/work/Septica
    /Applications/Xcode.app/Contents/Developer/Toolchains/XcodeDefault.xctoolchain/usr/bin/clang -Xlinker -reproducible -target arm64-apple-ios18.0-simulator -dynamiclib -isysroot /Applications/Xcode.app/Contents/Developer/Platforms/iPhoneSimulator.platform/Developer/SDKs/iPhoneSimulator26.0.sdk -O0 -L/Users/bogdan/Library/Developer/Xcode/DerivedData/Septica-bhxnubcmusynzbbkytwvuelspvfa/Build/Intermediates.noindex/EagerLinkingTBDs/Debug-iphonesimulator -L/Users/bogdan/Library/Developer/Xcode/DerivedData/Septica-bhxnubcmusynzbbkytwvuelspvfa/Build/Products/Debug-iphonesimulator -F/Users/bogdan/Library/Developer/Xcode/DerivedData/Septica-bhxnubcmusynzbbkytwvuelspvfa/Build/Intermediates.noindex/EagerLinkingTBDs/Debug-iphonesimulator -F/Users/bogdan/Library/Developer/Xcode/DerivedData/Septica-bhxnubcmusynzbbkytwvuelspvfa/Build/Products/Debug-iphonesimulator -filelist /Users/bogdan/Library/Developer/Xcode/DerivedData/Septica-bhxnubcmusynzbbkytwvuelspvfa/Build/Intermediates.noindex/Septica.build/Debug-iphonesimulator/Septica.build/Objects-normal/arm64/Septica.LinkFileList -install_name @rpath/Septica.debug.dylib -Xlinker -rpath -Xlinker /usr/lib/swift -Xlinker -rpath -Xlinker @executable_path/Frameworks -dead_strip -Xlinker -object_path_lto -Xlinker /Users/bogdan/Library/Developer/Xcode/DerivedData/Septica-bhxnubcmusynzbbkytwvuelspvfa/Build/Intermediates.noindex/Septica.build/Debug-iphonesimulator/Septica.build/Objects-normal/arm64/Septica_lto.o -rdynamic -Xlinker -no_deduplicate -Xlinker -objc_abi_version -Xlinker 2 -Xlinker -debug_variant -Xlinker -dependency_info -Xlinker /Users/bogdan/Library/Developer/Xcode/DerivedData/Septica-bhxnubcmusynzbbkytwvuelspvfa/Build/Intermediates.noindex/Septica.build/Debug-iphonesimulator/Septica.build/Objects-normal/arm64/Septica_dependency_info.dat -fobjc-link-runtime -fprofile-instr-generate -L/Applications/Xcode.app/Contents/Developer/Toolchains/XcodeDefault.xctoolchain/usr/lib/swift/iphonesimulator -L/usr/lib/swift -Xlinker -add_ast_path -Xlinker /Users/bogdan/Library/Developer/Xcode/DerivedData/Septica-bhxnubcmusynzbbkytwvuelspvfa/Build/Intermediates.noindex/Septica.build/Debug-iphonesimulator/Septica.build/Objects-normal/arm64/Septica.swiftmodule @/Users/bogdan/Library/Developer/Xcode/DerivedData/Septica-bhxnubcmusynzbbkytwvuelspvfa/Build/Intermediates.noindex/Septica.build/Debug-iphonesimulator/Septica.build/Objects-normal/arm64/Septica-linker-args.resp -Xlinker -alias -Xlinker _main -Xlinker ___debug_main_executable_dylib_entry_point -Xlinker -no_adhoc_codesign -o /Users/bogdan/Library/Developer/Xcode/DerivedData/Septica-bhxnubcmusynzbbkytwvuelspvfa/Build/Products/Debug-iphonesimulator/Septica.app/Septica.debug.dylib

ConstructStubExecutorLinkFileList /Users/bogdan/Library/Developer/Xcode/DerivedData/Septica-bhxnubcmusynzbbkytwvuelspvfa/Build/Intermediates.noindex/Septica.build/Debug-iphonesimulator/Septica.build/Septica-ExecutorLinkFileList-normal-arm64.txt (in target 'Septica' from project 'Septica')
    cd /Users/bogdan/work/Septica
    construct-stub-executor-link-file-list /Users/bogdan/Library/Developer/Xcode/DerivedData/Septica-bhxnubcmusynzbbkytwvuelspvfa/Build/Products/Debug-iphonesimulator/Septica.app/Septica.debug.dylib /Applications/Xcode.app/Contents/Developer/Platforms/iPhoneSimulator.platform/Developer/usr/lib/libPreviewsJITStubExecutor_no_swift_entry_point.a /Applications/Xcode.app/Contents/Developer/Platforms/iPhoneSimulator.platform/Developer/usr/lib/libPreviewsJITStubExecutor.a --output /Users/bogdan/Library/Developer/Xcode/DerivedData/Septica-bhxnubcmusynzbbkytwvuelspvfa/Build/Intermediates.noindex/Septica.build/Debug-iphonesimulator/Septica.build/Septica-ExecutorLinkFileList-normal-arm64.txt
note: Using stub executor library with Swift entry point. (in target 'Septica' from project 'Septica')

Ld /Users/bogdan/Library/Developer/Xcode/DerivedData/Septica-bhxnubcmusynzbbkytwvuelspvfa/Build/Products/Debug-iphonesimulator/Septica.app/Septica normal (in target 'Septica' from project 'Septica')
    cd /Users/bogdan/work/Septica
    /Applications/Xcode.app/Contents/Developer/Toolchains/XcodeDefault.xctoolchain/usr/bin/clang -Xlinker -reproducible -target arm64-apple-ios18.0-simulator -isysroot /Applications/Xcode.app/Contents/Developer/Platforms/iPhoneSimulator.platform/Developer/SDKs/iPhoneSimulator26.0.sdk -O0 -L/Users/bogdan/Library/Developer/Xcode/DerivedData/Septica-bhxnubcmusynzbbkytwvuelspvfa/Build/Products/Debug-iphonesimulator -F/Users/bogdan/Library/Developer/Xcode/DerivedData/Septica-bhxnubcmusynzbbkytwvuelspvfa/Build/Products/Debug-iphonesimulator -Xlinker -rpath -Xlinker @executable_path -Xlinker -rpath -Xlinker @executable_path/Frameworks -rdynamic -Xlinker -no_deduplicate -Xlinker -objc_abi_version -Xlinker 2 -Xlinker -debug_variant -e ___debug_blank_executor_main -Xlinker -sectcreate -Xlinker __TEXT -Xlinker __debug_dylib -Xlinker /Users/bogdan/Library/Developer/Xcode/DerivedData/Septica-bhxnubcmusynzbbkytwvuelspvfa/Build/Intermediates.noindex/Septica.build/Debug-iphonesimulator/Septica.build/Septica-DebugDylibPath-normal-arm64.txt -Xlinker -sectcreate -Xlinker __TEXT -Xlinker __debug_instlnm -Xlinker /Users/bogdan/Library/Developer/Xcode/DerivedData/Septica-bhxnubcmusynzbbkytwvuelspvfa/Build/Intermediates.noindex/Septica.build/Debug-iphonesimulator/Septica.build/Septica-DebugDylibInstallName-normal-arm64.txt -Xlinker -filelist -Xlinker /Users/bogdan/Library/Developer/Xcode/DerivedData/Septica-bhxnubcmusynzbbkytwvuelspvfa/Build/Intermediates.noindex/Septica.build/Debug-iphonesimulator/Septica.build/Septica-ExecutorLinkFileList-normal-arm64.txt -Xlinker -sectcreate -Xlinker __TEXT -Xlinker __entitlements -Xlinker /Users/bogdan/Library/Developer/Xcode/DerivedData/Septica-bhxnubcmusynzbbkytwvuelspvfa/Build/Intermediates.noindex/Septica.build/Debug-iphonesimulator/Septica.build/Septica.app-Simulated.xcent -Xlinker -sectcreate -Xlinker __TEXT -Xlinker __ents_der -Xlinker /Users/bogdan/Library/Developer/Xcode/DerivedData/Septica-bhxnubcmusynzbbkytwvuelspvfa/Build/Intermediates.noindex/Septica.build/Debug-iphonesimulator/Septica.build/Septica.app-Simulated.xcent.der /Users/bogdan/Library/Developer/Xcode/DerivedData/Septica-bhxnubcmusynzbbkytwvuelspvfa/Build/Products/Debug-iphonesimulator/Septica.app/Septica.debug.dylib -Xlinker -no_adhoc_codesign -o /Users/bogdan/Library/Developer/Xcode/DerivedData/Septica-bhxnubcmusynzbbkytwvuelspvfa/Build/Products/Debug-iphonesimulator/Septica.app/Septica

CopySwiftLibs /Users/bogdan/Library/Developer/Xcode/DerivedData/Septica-bhxnubcmusynzbbkytwvuelspvfa/Build/Products/Debug-iphonesimulator/Septica.app (in target 'Septica' from project 'Septica')
    cd /Users/bogdan/work/Septica
    builtin-swiftStdLibTool --copy --verbose --sign - --scan-executable /Users/bogdan/Library/Developer/Xcode/DerivedData/Septica-bhxnubcmusynzbbkytwvuelspvfa/Build/Products/Debug-iphonesimulator/Septica.app/Septica.debug.dylib --scan-folder /Users/bogdan/Library/Developer/Xcode/DerivedData/Septica-bhxnubcmusynzbbkytwvuelspvfa/Build/Products/Debug-iphonesimulator/Septica.app/Frameworks --scan-folder /Users/bogdan/Library/Developer/Xcode/DerivedData/Septica-bhxnubcmusynzbbkytwvuelspvfa/Build/Products/Debug-iphonesimulator/Septica.app/PlugIns --scan-folder /Users/bogdan/Library/Developer/Xcode/DerivedData/Septica-bhxnubcmusynzbbkytwvuelspvfa/Build/Products/Debug-iphonesimulator/Septica.app/SystemExtensions --scan-folder /Users/bogdan/Library/Developer/Xcode/DerivedData/Septica-bhxnubcmusynzbbkytwvuelspvfa/Build/Products/Debug-iphonesimulator/Septica.app/Extensions --platform iphonesimulator --toolchain /Users/bogdan/Library/Developer/Toolchains/Metal.xctoolchain --toolchain /Applications/Xcode.app/Contents/Developer/Toolchains/XcodeDefault.xctoolchain --destination /Users/bogdan/Library/Developer/Xcode/DerivedData/Septica-bhxnubcmusynzbbkytwvuelspvfa/Build/Products/Debug-iphonesimulator/Septica.app/Frameworks --strip-bitcode --strip-bitcode-tool /Applications/Xcode.app/Contents/Developer/Toolchains/XcodeDefault.xctoolchain/usr/bin/bitcode_strip --emit-dependency-info /Users/bogdan/Library/Developer/Xcode/DerivedData/Septica-bhxnubcmusynzbbkytwvuelspvfa/Build/Intermediates.noindex/Septica.build/Debug-iphonesimulator/Septica.build/SwiftStdLibToolInputDependencies.dep --filter-for-swift-os

ExtractAppIntentsMetadata (in target 'Septica' from project 'Septica')
    cd /Users/bogdan/work/Septica
    /Applications/Xcode.app/Contents/Developer/Toolchains/XcodeDefault.xctoolchain/usr/bin/appintentsmetadataprocessor --toolchain-dir /Users/bogdan/Library/Developer/Toolchains/Metal.xctoolchain --module-name Septica --sdk-root /Applications/Xcode.app/Contents/Developer/Platforms/iPhoneSimulator.platform/Developer/SDKs/iPhoneSimulator26.0.sdk --xcode-version 17A400 --platform-family iOS --deployment-target 18.0 --bundle-identifier dev.leanvibe.game.Septica --output /Users/bogdan/Library/Developer/Xcode/DerivedData/Septica-bhxnubcmusynzbbkytwvuelspvfa/Build/Products/Debug-iphonesimulator/Septica.app --target-triple arm64-apple-ios18.0-simulator --binary-file /Users/bogdan/Library/Developer/Xcode/DerivedData/Septica-bhxnubcmusynzbbkytwvuelspvfa/Build/Products/Debug-iphonesimulator/Septica.app/Septica --dependency-file /Users/bogdan/Library/Developer/Xcode/DerivedData/Septica-bhxnubcmusynzbbkytwvuelspvfa/Build/Intermediates.noindex/Septica.build/Debug-iphonesimulator/Septica.build/Objects-normal/arm64/Septica_dependency_info.dat --stringsdata-file /Users/bogdan/Library/Developer/Xcode/DerivedData/Septica-bhxnubcmusynzbbkytwvuelspvfa/Build/Intermediates.noindex/Septica.build/Debug-iphonesimulator/Septica.build/Objects-normal/arm64/ExtractedAppShortcutsMetadata.stringsdata --source-file-list /Users/bogdan/Library/Developer/Xcode/DerivedData/Septica-bhxnubcmusynzbbkytwvuelspvfa/Build/Intermediates.noindex/Septica.build/Debug-iphonesimulator/Septica.build/Objects-normal/arm64/Septica.SwiftFileList --metadata-file-list /Users/bogdan/Library/Developer/Xcode/DerivedData/Septica-bhxnubcmusynzbbkytwvuelspvfa/Build/Intermediates.noindex/Septica.build/Debug-iphonesimulator/Septica.build/Septica.DependencyMetadataFileList --static-metadata-file-list /Users/bogdan/Library/Developer/Xcode/DerivedData/Septica-bhxnubcmusynzbbkytwvuelspvfa/Build/Intermediates.noindex/Septica.build/Debug-iphonesimulator/Septica.build/Septica.DependencyStaticMetadataFileList --swift-const-vals-list /Users/bogdan/Library/Developer/Xcode/DerivedData/Septica-bhxnubcmusynzbbkytwvuelspvfa/Build/Intermediates.noindex/Septica.build/Debug-iphonesimulator/Septica.build/Objects-normal/arm64/Septica.SwiftConstValuesFileList --compile-time-extraction --deployment-aware-processing --validate-assistant-intents --no-app-shortcuts-localization
2025-09-26 09:48:42.681 appintentsmetadataprocessor[84150:235594220] Starting appintentsmetadataprocessor export
2025-09-26 09:48:42.685 appintentsmetadataprocessor[84150:235594220] warning: Metadata extraction skipped. No AppIntents.framework dependency found.

AppIntentsSSUTraining (in target 'Septica' from project 'Septica')
    cd /Users/bogdan/work/Septica
    /Applications/Xcode.app/Contents/Developer/Toolchains/XcodeDefault.xctoolchain/usr/bin/appintentsnltrainingprocessor --infoplist-path /Users/bogdan/Library/Developer/Xcode/DerivedData/Septica-bhxnubcmusynzbbkytwvuelspvfa/Build/Products/Debug-iphonesimulator/Septica.app/Info.plist --temp-dir-path /Users/bogdan/Library/Developer/Xcode/DerivedData/Septica-bhxnubcmusynzbbkytwvuelspvfa/Build/Intermediates.noindex/Septica.build/Debug-iphonesimulator/Septica.build/ssu --bundle-id dev.leanvibe.game.Septica --product-path /Users/bogdan/Library/Developer/Xcode/DerivedData/Septica-bhxnubcmusynzbbkytwvuelspvfa/Build/Products/Debug-iphonesimulator/Septica.app --extracted-metadata-path /Users/bogdan/Library/Developer/Xcode/DerivedData/Septica-bhxnubcmusynzbbkytwvuelspvfa/Build/Products/Debug-iphonesimulator/Septica.app/Metadata.appintents --metadata-file-list /Users/bogdan/Library/Developer/Xcode/DerivedData/Septica-bhxnubcmusynzbbkytwvuelspvfa/Build/Intermediates.noindex/Septica.build/Debug-iphonesimulator/Septica.build/Septica.DependencyMetadataFileList --archive-ssu-assets
2025-09-26 09:48:42.705 appintentsnltrainingprocessor[84163:235594272] Parsing options for appintentsnltrainingprocessor
2025-09-26 09:48:42.706 appintentsnltrainingprocessor[84163:235594272] No AppShortcuts found - Skipping.

CodeSign /Users/bogdan/Library/Developer/Xcode/DerivedData/Septica-bhxnubcmusynzbbkytwvuelspvfa/Build/Products/Debug-iphonesimulator/Septica.app/Septica.debug.dylib (in target 'Septica' from project 'Septica')
    cd /Users/bogdan/work/Septica
    
    Signing Identity:     "Sign to Run Locally"
    
    /usr/bin/codesign --force --sign - --timestamp\=none --generate-entitlement-der /Users/bogdan/Library/Developer/Xcode/DerivedData/Septica-bhxnubcmusynzbbkytwvuelspvfa/Build/Products/Debug-iphonesimulator/Septica.app/Septica.debug.dylib

CodeSign /Users/bogdan/Library/Developer/Xcode/DerivedData/Septica-bhxnubcmusynzbbkytwvuelspvfa/Build/Products/Debug-iphonesimulator/Septica.app/__preview.dylib (in target 'Septica' from project 'Septica')
    cd /Users/bogdan/work/Septica
    
    Signing Identity:     "Sign to Run Locally"
    
    /usr/bin/codesign --force --sign - --timestamp\=none --generate-entitlement-der /Users/bogdan/Library/Developer/Xcode/DerivedData/Septica-bhxnubcmusynzbbkytwvuelspvfa/Build/Products/Debug-iphonesimulator/Septica.app/__preview.dylib

CodeSign /Users/bogdan/Library/Developer/Xcode/DerivedData/Septica-bhxnubcmusynzbbkytwvuelspvfa/Build/Products/Debug-iphonesimulator/Septica.app (in target 'Septica' from project 'Septica')
    cd /Users/bogdan/work/Septica
    
    Signing Identity:     "Sign to Run Locally"
    
    /usr/bin/codesign --force --sign - --timestamp\=none --generate-entitlement-der /Users/bogdan/Library/Developer/Xcode/DerivedData/Septica-bhxnubcmusynzbbkytwvuelspvfa/Build/Products/Debug-iphonesimulator/Septica.app

RegisterExecutionPolicyException /Users/bogdan/Library/Developer/Xcode/DerivedData/Septica-bhxnubcmusynzbbkytwvuelspvfa/Build/Products/Debug-iphonesimulator/Septica.app (in target 'Septica' from project 'Septica')
    cd /Users/bogdan/work/Septica
    builtin-RegisterExecutionPolicyException /Users/bogdan/Library/Developer/Xcode/DerivedData/Septica-bhxnubcmusynzbbkytwvuelspvfa/Build/Products/Debug-iphonesimulator/Septica.app

Validate /Users/bogdan/Library/Developer/Xcode/DerivedData/Septica-bhxnubcmusynzbbkytwvuelspvfa/Build/Products/Debug-iphonesimulator/Septica.app (in target 'Septica' from project 'Septica')
    cd /Users/bogdan/work/Septica
    builtin-validationUtility /Users/bogdan/Library/Developer/Xcode/DerivedData/Septica-bhxnubcmusynzbbkytwvuelspvfa/Build/Products/Debug-iphonesimulator/Septica.app -shallow-bundle -infoplist-subpath Info.plist

Touch /Users/bogdan/Library/Developer/Xcode/DerivedData/Septica-bhxnubcmusynzbbkytwvuelspvfa/Build/Products/Debug-iphonesimulator/Septica.app (in target 'Septica' from project 'Septica')
    cd /Users/bogdan/work/Septica
    /usr/bin/touch -c /Users/bogdan/Library/Developer/Xcode/DerivedData/Septica-bhxnubcmusynzbbkytwvuelspvfa/Build/Products/Debug-iphonesimulator/Septica.app

warning: Skipping duplicate build file in Compile Sources build phase: /Users/bogdan/work/Septica/Septica/Services/CloudKit/SepticaCloudKitManager.swift (in target 'Septica' from project 'Septica')
** BUILD SUCCEEDED **

