Command line invocation:
    /Applications/Xcode-beta.app/Contents/Developer/usr/bin/xcodebuild -project Septica.xcodeproj -scheme Septica -configuration Debug -destination "platform=iOS Simulator,name=iPhone 16 Pro" -toolchain com.apple.dt.toolchain.Metal.32023 build

Build settings from command line:
    TOOLCHAINS = com.apple.dt.toolchain.Metal.32023

ComputePackagePrebuildTargetDependencyGraph

Prepare packages

CreateBuildRequest

SendProjectDescription

CreateBuildOperation

ComputeTargetDependencyGraph
note: Building targets in dependency order
note: Target dependency graph (1 target)
    Target 'Septica' in project 'Septica' (no dependencies)

GatherProvisioningInputs

CreateBuildDescription

ExecuteExternalTool /Applications/Xcode-beta.app/Contents/Developer/Toolchains/XcodeDefault.xctoolchain/usr/bin/clang -v -E -dM -isysroot /Applications/Xcode-beta.app/Contents/Developer/Platforms/iPhoneSimulator.platform/Developer/SDKs/iPhoneSimulator26.0.sdk -x c -c /dev/null

ExecuteExternalTool /Applications/Xcode-beta.app/Contents/Developer/usr/bin/ibtool --version --output-format xml1

ExecuteExternalTool /Applications/Xcode-beta.app/Contents/Developer/usr/bin/actool --print-asset-tag-combinations --output-format xml1 /Users/bogdan/work/Septica/Septica/Assets.xcassets

ExecuteExternalTool /Applications/Xcode-beta.app/Contents/Developer/usr/bin/actool --version --output-format xml1

ExecuteExternalTool /Applications/Xcode-beta.app/Contents/Developer/Toolchains/XcodeDefault.xctoolchain/usr/bin/swiftc --version

ExecuteExternalTool /Applications/Xcode-beta.app/Contents/Developer/Toolchains/XcodeDefault.xctoolchain/usr/bin/ld -version_details

Build description signature: 4d94bf6438325f9cc96740b62e38129b
Build description path: /Users/bogdan/Library/Developer/Xcode/DerivedData/Septica-bhxnubcmusynzbbkytwvuelspvfa/Build/Intermediates.noindex/XCBuildData/4d94bf6438325f9cc96740b62e38129b.xcbuilddata
note: Using global toolchain override 'Metal.32023'.
ClangStatCache /Applications/Xcode-beta.app/Contents/Developer/Toolchains/XcodeDefault.xctoolchain/usr/bin/clang-stat-cache /Applications/Xcode-beta.app/Contents/Developer/Platforms/iPhoneSimulator.platform/Developer/SDKs/iPhoneSimulator26.0.sdk /Users/bogdan/Library/Developer/Xcode/DerivedData/SDKStatCaches.noindex/iphonesimulator26.0-23A5260k-63e97e272b91c62c6d972b68babfa6b4fc862078e33f881139a9d2f83bd1a9d0.sdkstatcache
    cd /Users/bogdan/work/Septica/Septica.xcodeproj
    /Applications/Xcode-beta.app/Contents/Developer/Toolchains/XcodeDefault.xctoolchain/usr/bin/clang-stat-cache /Applications/Xcode-beta.app/Contents/Developer/Platforms/iPhoneSimulator.platform/Developer/SDKs/iPhoneSimulator26.0.sdk -o /Users/bogdan/Library/Developer/Xcode/DerivedData/SDKStatCaches.noindex/iphonesimulator26.0-23A5260k-63e97e272b91c62c6d972b68babfa6b4fc862078e33f881139a9d2f83bd1a9d0.sdkstatcache

ProcessProductPackaging "" /Users/bogdan/Library/Developer/Xcode/DerivedData/Septica-bhxnubcmusynzbbkytwvuelspvfa/Build/Intermediates.noindex/Septica.build/Debug-iphonesimulator/Septica.build/Septica.app-Simulated.xcent (in target 'Septica' from project 'Septica')
    cd /Users/bogdan/work/Septica
    
    Entitlements:
    
    {
    "application-identifier" = "GLKDB2BTQG.dev.leanvibe.game.Septica";
}
    
    builtin-productPackagingUtility -entitlements -format xml -o /Users/bogdan/Library/Developer/Xcode/DerivedData/Septica-bhxnubcmusynzbbkytwvuelspvfa/Build/Intermediates.noindex/Septica.build/Debug-iphonesimulator/Septica.build/Septica.app-Simulated.xcent

ProcessProductPackagingDER /Users/bogdan/Library/Developer/Xcode/DerivedData/Septica-bhxnubcmusynzbbkytwvuelspvfa/Build/Intermediates.noindex/Septica.build/Debug-iphonesimulator/Septica.build/Septica.app-Simulated.xcent /Users/bogdan/Library/Developer/Xcode/DerivedData/Septica-bhxnubcmusynzbbkytwvuelspvfa/Build/Intermediates.noindex/Septica.build/Debug-iphonesimulator/Septica.build/Septica.app-Simulated.xcent.der (in target 'Septica' from project 'Septica')
    cd /Users/bogdan/work/Septica
    /usr/bin/derq query -f xml -i /Users/bogdan/Library/Developer/Xcode/DerivedData/Septica-bhxnubcmusynzbbkytwvuelspvfa/Build/Intermediates.noindex/Septica.build/Debug-iphonesimulator/Septica.build/Septica.app-Simulated.xcent -o /Users/bogdan/Library/Developer/Xcode/DerivedData/Septica-bhxnubcmusynzbbkytwvuelspvfa/Build/Intermediates.noindex/Septica.build/Debug-iphonesimulator/Septica.build/Septica.app-Simulated.xcent.der --raw

Ld /Users/bogdan/Library/Developer/Xcode/DerivedData/Septica-bhxnubcmusynzbbkytwvuelspvfa/Build/Products/Debug-iphonesimulator/Septica.app/__preview.dylib normal (in target 'Septica' from project 'Septica')
    cd /Users/bogdan/work/Septica
    /Applications/Xcode-beta.app/Contents/Developer/Toolchains/XcodeDefault.xctoolchain/usr/bin/clang -Xlinker -reproducible -target arm64-apple-ios18.0-simulator -dynamiclib -isysroot /Applications/Xcode-beta.app/Contents/Developer/Platforms/iPhoneSimulator.platform/Developer/SDKs/iPhoneSimulator26.0.sdk -O0 -L/Users/bogdan/Library/Developer/Xcode/DerivedData/Septica-bhxnubcmusynzbbkytwvuelspvfa/Build/Products/Debug-iphonesimulator -F/Users/bogdan/Library/Developer/Xcode/DerivedData/Septica-bhxnubcmusynzbbkytwvuelspvfa/Build/Products/Debug-iphonesimulator -install_name @rpath/Septica.debug.dylib -dead_strip -rdynamic -Xlinker -no_deduplicate -Xlinker -objc_abi_version -Xlinker 2 -Xlinker -debug_variant -Xlinker -dependency_info -Xlinker /Users/bogdan/Library/Developer/Xcode/DerivedData/Septica-bhxnubcmusynzbbkytwvuelspvfa/Build/Intermediates.noindex/Septica.build/Debug-iphonesimulator/Septica.build/Objects-normal/arm64/Septica_dependency_info.dat -Xlinker -sectcreate -Xlinker __TEXT -Xlinker __entitlements -Xlinker /Users/bogdan/Library/Developer/Xcode/DerivedData/Septica-bhxnubcmusynzbbkytwvuelspvfa/Build/Intermediates.noindex/Septica.build/Debug-iphonesimulator/Septica.build/Septica.app-Simulated.xcent -Xlinker -sectcreate -Xlinker __TEXT -Xlinker __ents_der -Xlinker /Users/bogdan/Library/Developer/Xcode/DerivedData/Septica-bhxnubcmusynzbbkytwvuelspvfa/Build/Intermediates.noindex/Septica.build/Debug-iphonesimulator/Septica.build/Septica.app-Simulated.xcent.der -Xlinker -no_adhoc_codesign -o /Users/bogdan/Library/Developer/Xcode/DerivedData/Septica-bhxnubcmusynzbbkytwvuelspvfa/Build/Products/Debug-iphonesimulator/Septica.app/__preview.dylib

ProcessInfoPlistFile /Users/bogdan/Library/Developer/Xcode/DerivedData/Septica-bhxnubcmusynzbbkytwvuelspvfa/Build/Products/Debug-iphonesimulator/Septica.app/Info.plist /Users/bogdan/Library/Developer/Xcode/DerivedData/Septica-bhxnubcmusynzbbkytwvuelspvfa/Build/Intermediates.noindex/Septica.build/Debug-iphonesimulator/Septica.build/empty-Septica.plist (in target 'Septica' from project 'Septica')
    cd /Users/bogdan/work/Septica
    builtin-infoPlistUtility /Users/bogdan/Library/Developer/Xcode/DerivedData/Septica-bhxnubcmusynzbbkytwvuelspvfa/Build/Intermediates.noindex/Septica.build/Debug-iphonesimulator/Septica.build/empty-Septica.plist -producttype com.apple.product-type.application -genpkginfo /Users/bogdan/Library/Developer/Xcode/DerivedData/Septica-bhxnubcmusynzbbkytwvuelspvfa/Build/Products/Debug-iphonesimulator/Septica.app/PkgInfo -expandbuildsettings -format binary -platform iphonesimulator -additionalcontentfile /Users/bogdan/Library/Developer/Xcode/DerivedData/Septica-bhxnubcmusynzbbkytwvuelspvfa/Build/Intermediates.noindex/Septica.build/Debug-iphonesimulator/Septica.build/Base.lproj/LaunchScreen-SBPartialInfo.plist -additionalcontentfile /Users/bogdan/Library/Developer/Xcode/DerivedData/Septica-bhxnubcmusynzbbkytwvuelspvfa/Build/Intermediates.noindex/Septica.build/Debug-iphonesimulator/Septica.build/Base.lproj/Main-SBPartialInfo.plist -additionalcontentfile /Users/bogdan/Library/Developer/Xcode/DerivedData/Septica-bhxnubcmusynzbbkytwvuelspvfa/Build/Intermediates.noindex/Septica.build/Debug-iphonesimulator/Septica.build/assetcatalog_generated_info.plist -o /Users/bogdan/Library/Developer/Xcode/DerivedData/Septica-bhxnubcmusynzbbkytwvuelspvfa/Build/Products/Debug-iphonesimulator/Septica.app/Info.plist

SwiftDriver Septica normal arm64 com.apple.xcode.tools.swift.compiler (in target 'Septica' from project 'Septica')
    cd /Users/bogdan/work/Septica
    builtin-SwiftDriver -- /Applications/Xcode-beta.app/Contents/Developer/Toolchains/XcodeDefault.xctoolchain/usr/bin/swiftc -module-name Septica -Onone -enforce-exclusivity\=checked @/Users/bogdan/Library/Developer/Xcode/DerivedData/Septica-bhxnubcmusynzbbkytwvuelspvfa/Build/Intermediates.noindex/Septica.build/Debug-iphonesimulator/Septica.build/Objects-normal/arm64/Septica.SwiftFileList -DDEBUG -default-isolation\=MainActor -enable-bare-slash-regex -enable-upcoming-feature MemberImportVisibility -enable-experimental-feature DebugDescriptionMacro -sdk /Applications/Xcode-beta.app/Contents/Developer/Platforms/iPhoneSimulator.platform/Developer/SDKs/iPhoneSimulator26.0.sdk -target arm64-apple-ios18.0-simulator -g -module-cache-path /Users/bogdan/Library/Developer/Xcode/DerivedData/ModuleCache.noindex -Xfrontend -serialize-debugging-options -profile-coverage-mapping -profile-generate -enable-testing -index-store-path /Users/bogdan/Library/Developer/Xcode/DerivedData/Septica-bhxnubcmusynzbbkytwvuelspvfa/Index.noindex/DataStore -swift-version 5 -I /Users/bogdan/Library/Developer/Xcode/DerivedData/Septica-bhxnubcmusynzbbkytwvuelspvfa/Build/Products/Debug-iphonesimulator -F /Users/bogdan/Library/Developer/Xcode/DerivedData/Septica-bhxnubcmusynzbbkytwvuelspvfa/Build/Products/Debug-iphonesimulator -emit-localized-strings -emit-localized-strings-path /Users/bogdan/Library/Developer/Xcode/DerivedData/Septica-bhxnubcmusynzbbkytwvuelspvfa/Build/Intermediates.noindex/Septica.build/Debug-iphonesimulator/Septica.build/Objects-normal/arm64 -c -j16 -enable-batch-mode -incremental -Xcc -ivfsstatcache -Xcc /Users/bogdan/Library/Developer/Xcode/DerivedData/SDKStatCaches.noindex/iphonesimulator26.0-23A5260k-63e97e272b91c62c6d972b68babfa6b4fc862078e33f881139a9d2f83bd1a9d0.sdkstatcache -output-file-map /Users/bogdan/Library/Developer/Xcode/DerivedData/Septica-bhxnubcmusynzbbkytwvuelspvfa/Build/Intermediates.noindex/Septica.build/Debug-iphonesimulator/Septica.build/Objects-normal/arm64/Septica-OutputFileMap.json -use-frontend-parseable-output -save-temps -no-color-diagnostics -explicit-module-build -module-cache-path /Users/bogdan/Library/Developer/Xcode/DerivedData/Septica-bhxnubcmusynzbbkytwvuelspvfa/Build/Intermediates.noindex/SwiftExplicitPrecompiledModules -clang-scanner-module-cache-path /Users/bogdan/Library/Developer/Xcode/DerivedData/ModuleCache.noindex -sdk-module-cache-path /Users/bogdan/Library/Developer/Xcode/DerivedData/ModuleCache.noindex -serialize-diagnostics -emit-dependencies -emit-module -emit-module-path /Users/bogdan/Library/Developer/Xcode/DerivedData/Septica-bhxnubcmusynzbbkytwvuelspvfa/Build/Intermediates.noindex/Septica.build/Debug-iphonesimulator/Septica.build/Objects-normal/arm64/Septica.swiftmodule -validate-clang-modules-once -clang-build-session-file /Users/bogdan/Library/Developer/Xcode/DerivedData/ModuleCache.noindex/Session.modulevalidation -Xcc -I/Users/bogdan/Library/Developer/Xcode/DerivedData/Septica-bhxnubcmusynzbbkytwvuelspvfa/Build/Intermediates.noindex/Septica.build/Debug-iphonesimulator/Septica.build/swift-overrides.hmap -emit-const-values -Xfrontend -const-gather-protocols-file -Xfrontend /Users/bogdan/Library/Developer/Xcode/DerivedData/Septica-bhxnubcmusynzbbkytwvuelspvfa/Build/Intermediates.noindex/Septica.build/Debug-iphonesimulator/Septica.build/Objects-normal/arm64/Septica_const_extract_protocols.json -Xcc -iquote -Xcc /Users/bogdan/Library/Developer/Xcode/DerivedData/Septica-bhxnubcmusynzbbkytwvuelspvfa/Build/Intermediates.noindex/Septica.build/Debug-iphonesimulator/Septica.build/Septica-generated-files.hmap -Xcc -I/Users/bogdan/Library/Developer/Xcode/DerivedData/Septica-bhxnubcmusynzbbkytwvuelspvfa/Build/Intermediates.noindex/Septica.build/Debug-iphonesimulator/Septica.build/Septica-own-target-headers.hmap -Xcc -I/Users/bogdan/Library/Developer/Xcode/DerivedData/Septica-bhxnubcmusynzbbkytwvuelspvfa/Build/Intermediates.noindex/Septica.build/Debug-iphonesimulator/Septica.build/Septica-all-target-headers.hmap -Xcc -iquote -Xcc /Users/bogdan/Library/Developer/Xcode/DerivedData/Septica-bhxnubcmusynzbbkytwvuelspvfa/Build/Intermediates.noindex/Septica.build/Debug-iphonesimulator/Septica.build/Septica-project-headers.hmap -Xcc -I/Users/bogdan/Library/Developer/Xcode/DerivedData/Septica-bhxnubcmusynzbbkytwvuelspvfa/Build/Products/Debug-iphonesimulator/include -Xcc -I/Users/bogdan/Library/Developer/Xcode/DerivedData/Septica-bhxnubcmusynzbbkytwvuelspvfa/Build/Intermediates.noindex/Septica.build/Debug-iphonesimulator/Septica.build/DerivedSources-normal/arm64 -Xcc -I/Users/bogdan/Library/Developer/Xcode/DerivedData/Septica-bhxnubcmusynzbbkytwvuelspvfa/Build/Intermediates.noindex/Septica.build/Debug-iphonesimulator/Septica.build/DerivedSources/arm64 -Xcc -I/Users/bogdan/Library/Developer/Xcode/DerivedData/Septica-bhxnubcmusynzbbkytwvuelspvfa/Build/Intermediates.noindex/Septica.build/Debug-iphonesimulator/Septica.build/DerivedSources -Xcc -DDEBUG\=1 -emit-objc-header -emit-objc-header-path /Users/bogdan/Library/Developer/Xcode/DerivedData/Septica-bhxnubcmusynzbbkytwvuelspvfa/Build/Intermediates.noindex/Septica.build/Debug-iphonesimulator/Septica.build/Objects-normal/arm64/Septica-Swift.h -import-objc-header /Users/bogdan/work/Septica/Septica/ShaderTypes.h -working-directory /Users/bogdan/work/Septica -experimental-emit-module-separately -disable-cmo

SwiftExplicitDependencyGeneratePcm arm64 /Users/bogdan/Library/Developer/Xcode/DerivedData/ModuleCache.noindex/_AvailabilityInternal-EKUFOFT2KEHWX2OAP70U8CMML.pcm

SwiftExplicitDependencyGeneratePcm arm64 /Users/bogdan/Library/Developer/Xcode/DerivedData/ModuleCache.noindex/_Builtin_float-9ZPAP8RI3QKQ9RLFHY3LI739U.pcm

SwiftExplicitDependencyGeneratePcm arm64 /Users/bogdan/Library/Developer/Xcode/DerivedData/ModuleCache.noindex/_SwiftConcurrencyShims-5X6X8233E0TNJDK2T02KCTNSY.pcm

SwiftExplicitDependencyGeneratePcm arm64 /Users/bogdan/Library/Developer/Xcode/DerivedData/ModuleCache.noindex/_Builtin_stdarg-U6339I1AKF4Z0RNX48DRAVQQ.pcm

SwiftExplicitDependencyGeneratePcm arm64 /Users/bogdan/Library/Developer/Xcode/DerivedData/ModuleCache.noindex/_Builtin_stdbool-9HYJO1TQESGVNSL8OIJ9M5XXQ.pcm

SwiftExplicitDependencyGeneratePcm arm64 /Users/bogdan/Library/Developer/Xcode/DerivedData/ModuleCache.noindex/ptrcheck-30MVSPCA586JQZVZ2PXENQ6B.pcm

SwiftExplicitDependencyGeneratePcm arm64 /Users/bogdan/Library/Developer/Xcode/DerivedData/ModuleCache.noindex/ptrauth-713AFZMNQYPLP5BN5C15JV9X4.pcm

SwiftExplicitDependencyGeneratePcm arm64 /Users/bogdan/Library/Developer/Xcode/DerivedData/ModuleCache.noindex/_Builtin_stddef-5GLIK1VXXVH3X95WG3X58TZW5.pcm

SwiftExplicitDependencyGeneratePcm arm64 /Users/bogdan/Library/Developer/Xcode/DerivedData/ModuleCache.noindex/SwiftShims-ELK559DKG1WEPFPXJUQSKBH8S.pcm

SwiftExplicitDependencyGeneratePcm arm64 /Users/bogdan/Library/Developer/Xcode/DerivedData/ModuleCache.noindex/DeveloperToolsSupport-W98OBEQCBBZTRBZG1QFJID97.pcm

SwiftExplicitDependencyGeneratePcm arm64 /Users/bogdan/Library/Developer/Xcode/DerivedData/ModuleCache.noindex/_DarwinFoundation1-5OXNJA1CYY7J6B6FP7VWBDTXV.pcm

SwiftExplicitDependencyGeneratePcm arm64 /Users/bogdan/Library/Developer/Xcode/DerivedData/ModuleCache.noindex/_Builtin_limits-21BVVZVMA9ZD372KCVGPADK6C.pcm

SwiftExplicitDependencyGeneratePcm arm64 /Users/bogdan/Library/Developer/Xcode/DerivedData/ModuleCache.noindex/_DarwinFoundation2-EUNZO5P1W8B1E1D79PLA0DL6C.pcm

SwiftExplicitDependencyGeneratePcm arm64 /Users/bogdan/Library/Developer/Xcode/DerivedData/ModuleCache.noindex/_Builtin_stdint-4UVDY5XCY9MJAW9U4G4LUYON2.pcm

SwiftExplicitDependencyGeneratePcm arm64 /Users/bogdan/Library/Developer/Xcode/DerivedData/ModuleCache.noindex/_Builtin_tgmath-2V1MIDC00Z8N14L9L66U4UG6X.pcm

SwiftExplicitDependencyGeneratePcm arm64 /Users/bogdan/Library/Developer/Xcode/DerivedData/ModuleCache.noindex/_Builtin_stdatomic-QIA3IW5B6AWJWQ749BTWKI5.pcm

SwiftExplicitDependencyGeneratePcm arm64 /Users/bogdan/Library/Developer/Xcode/DerivedData/ModuleCache.noindex/_DarwinFoundation3-9EDJPZTY3NGJENTD06FJVSXC0.pcm

SwiftExplicitDependencyGeneratePcm arm64 /Users/bogdan/Library/Developer/Xcode/DerivedData/ModuleCache.noindex/_Builtin_intrinsics-48XXF42DQ5HFFISD4KEWTUTT0.pcm

SwiftExplicitDependencyGeneratePcm arm64 /Users/bogdan/Library/Developer/Xcode/DerivedData/ModuleCache.noindex/_Builtin_inttypes-5V37IMN35KRISNJSGYD1ANBU0.pcm

SwiftExplicitDependencyGeneratePcm arm64 /Users/bogdan/Library/Developer/Xcode/DerivedData/ModuleCache.noindex/Darwin-7PD7OA39OA8452YDKMJ34QFZU.pcm

SwiftExplicitDependencyGeneratePcm arm64 /Users/bogdan/Library/Developer/Xcode/DerivedData/ModuleCache.noindex/simd-6Y67WV9NX0BFEMH5JVNNTITO6.pcm

SwiftExplicitDependencyGeneratePcm arm64 /Users/bogdan/Library/Developer/Xcode/DerivedData/ModuleCache.noindex/MachO-7JZ909XIJDDHPF7J0F2BCGCN.pcm

SwiftExplicitDependencyGeneratePcm arm64 /Users/bogdan/Library/Developer/Xcode/DerivedData/ModuleCache.noindex/ObjectiveC-W5TDVYSABOBW8J5WW67D9WDH.pcm

SwiftExplicitDependencyGeneratePcm arm64 /Users/bogdan/Library/Developer/Xcode/DerivedData/ModuleCache.noindex/Spatial-DXVEMPBQPK7T8LR6F6BCTMCM1.pcm

SwiftExplicitDependencyGeneratePcm arm64 /Users/bogdan/Library/Developer/Xcode/DerivedData/ModuleCache.noindex/os_object-95K6CNWFOUQPSV6FIIUMM0E2X.pcm

SwiftExplicitDependencyGeneratePcm arm64 /Users/bogdan/Library/Developer/Xcode/DerivedData/ModuleCache.noindex/os_workgroup-EM3RH3QMMFTIJTV0WQCK1NU31.pcm

SwiftExplicitDependencyGeneratePcm arm64 /Users/bogdan/Library/Developer/Xcode/DerivedData/ModuleCache.noindex/Dispatch-888JI9HG72SDV82IHS4ZMUOKW.pcm

SwiftExplicitDependencyGeneratePcm arm64 /Users/bogdan/Library/Developer/Xcode/DerivedData/ModuleCache.noindex/CoreFoundation-92UAIB0GESG0L7UDXPX4IQ9LU.pcm

SwiftExplicitDependencyGeneratePcm arm64 /Users/bogdan/Library/Developer/Xcode/DerivedData/ModuleCache.noindex/XPC-8W8JSZFXXE8LGJMON3IHP1LF.pcm

SwiftExplicitDependencyGeneratePcm arm64 /Users/bogdan/Library/Developer/Xcode/DerivedData/ModuleCache.noindex/dnssd-2LT7EKUQD05GVIOD2SVBA5W19.pcm

SwiftExplicitDependencyGeneratePcm arm64 /Users/bogdan/Library/Developer/Xcode/DerivedData/ModuleCache.noindex/os-3CUG99KP6GUV11SC246ZO9KXV.pcm

SwiftExplicitDependencyGeneratePcm arm64 /Users/bogdan/Library/Developer/Xcode/DerivedData/ModuleCache.noindex/CFNetwork-DLRASCVGK88IYJRR0THXUHH6W.pcm

SwiftExplicitDependencyGeneratePcm arm64 /Users/bogdan/Library/Developer/Xcode/DerivedData/ModuleCache.noindex/CoreGraphics-H42SL75A35B21546QFER7592.pcm

SwiftExplicitDependencyGeneratePcm arm64 /Users/bogdan/Library/Developer/Xcode/DerivedData/ModuleCache.noindex/CoreAudioTypes-2YAY1TG2104XO1OR3R4ZU1RKV.pcm

SwiftExplicitDependencyGeneratePcm arm64 /Users/bogdan/Library/Developer/Xcode/DerivedData/ModuleCache.noindex/Security-4C9XE3YSRFFFFXLUBF4MUL97A.pcm

SwiftExplicitDependencyGeneratePcm arm64 /Users/bogdan/Library/Developer/Xcode/DerivedData/ModuleCache.noindex/CoreAudio-889DFQNLDR24VA39TW5IFQNT9.pcm

SwiftExplicitDependencyGeneratePcm arm64 /Users/bogdan/Library/Developer/Xcode/DerivedData/ModuleCache.noindex/Foundation-3BXO6YQOBL6D903TSRHJNBVOI.pcm

SwiftExplicitDependencyGeneratePcm arm64 /Users/bogdan/Library/Developer/Xcode/DerivedData/ModuleCache.noindex/CoreText-9QXSBU84DDI7B5X6THU8EBBXZ.pcm

SwiftExplicitDependencyGeneratePcm arm64 /Users/bogdan/Library/Developer/Xcode/DerivedData/ModuleCache.noindex/ImageIO-3VOUI6RMTJSZFYSU56QB2ZXX7.pcm

SwiftExplicitDependencyGeneratePcm arm64 /Users/bogdan/Library/Developer/Xcode/DerivedData/ModuleCache.noindex/CoreMIDI-94S6LWW4QTHP9J6RBB6PJNIUV.pcm

SwiftExplicitDependencyGeneratePcm arm64 /Users/bogdan/Library/Developer/Xcode/DerivedData/ModuleCache.noindex/Accessibility-2ZAJA5XEZX42FYZR30ZYC1TJE.pcm

SwiftExplicitDependencyGeneratePcm arm64 /Users/bogdan/Library/Developer/Xcode/DerivedData/ModuleCache.noindex/UIUtilities-70K8944V1EU7NQJIBS6JW2VEA.pcm

SwiftExplicitDependencyGeneratePcm arm64 /Users/bogdan/Library/Developer/Xcode/DerivedData/ModuleCache.noindex/ModelIO-3AH68NOU88TT8I0W88Z9YU0SN.pcm

SwiftExplicitDependencyGeneratePcm arm64 /Users/bogdan/Library/Developer/Xcode/DerivedData/ModuleCache.noindex/_LocationEssentials-1NO4DNXUTXO4C0MRGGYIHZMRQ.pcm

SwiftExplicitDependencyGeneratePcm arm64 /Users/bogdan/Library/Developer/Xcode/DerivedData/ModuleCache.noindex/IOSurface-5LDZF6NFSMQLE1RK7WBEVC5QE.pcm

SwiftExplicitDependencyGeneratePcm arm64 /Users/bogdan/Library/Developer/Xcode/DerivedData/ModuleCache.noindex/Symbols-A1Z137R1DEUJOLI1IZXLEV4I9.pcm

SwiftExplicitDependencyGeneratePcm arm64 /Users/bogdan/Library/Developer/Xcode/DerivedData/ModuleCache.noindex/DataDetection-C0SVSMSFTA3LGZLIBKXXOFZGP.pcm

SwiftExplicitDependencyGeneratePcm arm64 /Users/bogdan/Library/Developer/Xcode/DerivedData/ModuleCache.noindex/UserNotifications-EZW610Q87SDW475XSWKCR2AFV.pcm

SwiftExplicitDependencyGeneratePcm arm64 /Users/bogdan/Library/Developer/Xcode/DerivedData/ModuleCache.noindex/FileProvider-1AQADVYGXZL3IZIDGWPI4JQZJ.pcm

SwiftExplicitDependencyGeneratePcm arm64 /Users/bogdan/Library/Developer/Xcode/DerivedData/ModuleCache.noindex/UniformTypeIdentifiers-3WS4GMSA2F5ET3QUY2AZCWM6X.pcm

SwiftExplicitDependencyGeneratePcm arm64 /Users/bogdan/Library/Developer/Xcode/DerivedData/ModuleCache.noindex/CoreData-4ZOTVQVJJJPUC79SFPCZ204EZ.pcm

SwiftExplicitDependencyGeneratePcm arm64 /Users/bogdan/Library/Developer/Xcode/DerivedData/ModuleCache.noindex/OSLog-1QBLKZ1DWP8FH5Y80WF6RXWJF.pcm

SwiftExplicitDependencyGeneratePcm arm64 /Users/bogdan/Library/Developer/Xcode/DerivedData/ModuleCache.noindex/CoreTransferable-2J1760AEVKNZWOHL4GAE1JG5Y.pcm

SwiftExplicitDependencyGeneratePcm arm64 /Users/bogdan/Library/Developer/Xcode/DerivedData/ModuleCache.noindex/OpenGLES-AAC9XGFMQJIXGCI0ITKJWAK6S.pcm

SwiftExplicitDependencyGeneratePcm arm64 /Users/bogdan/Library/Developer/Xcode/DerivedData/ModuleCache.noindex/Network-ASIOKFLII18C1CUGA6ZYKA7Z7.pcm

SwiftExplicitDependencyGeneratePcm arm64 /Users/bogdan/Library/Developer/Xcode/DerivedData/ModuleCache.noindex/CoreLocation-1J3T0AD6JEZS7JQDDOFURYV71.pcm

SwiftExplicitDependencyGeneratePcm arm64 /Users/bogdan/Library/Developer/Xcode/DerivedData/ModuleCache.noindex/Metal-CBCFZZ2DW8F535118NOWTGMRZ.pcm

SwiftExplicitDependencyGeneratePcm arm64 /Users/bogdan/Library/Developer/Xcode/DerivedData/ModuleCache.noindex/AudioToolbox-C2Z5HN19GEM8XJC39LTVIHN0X.pcm

SwiftExplicitDependencyGeneratePcm arm64 /Users/bogdan/Library/Developer/Xcode/DerivedData/ModuleCache.noindex/AVRouting-5DPDL4KC1YT8P8IZ7LO6LT4P.pcm

SwiftExplicitDependencyGeneratePcm arm64 /Users/bogdan/Library/Developer/Xcode/DerivedData/ModuleCache.noindex/CloudKit-D9E48MO8P84C3VG4FNBOOOGQM.pcm

SwiftExplicitDependencyGeneratePcm arm64 /Users/bogdan/Library/Developer/Xcode/DerivedData/ModuleCache.noindex/CoreVideo-9C3L7D5HGVDZ0UDHYE0V3H6VM.pcm

SwiftExplicitDependencyGeneratePcm arm64 /Users/bogdan/Library/Developer/Xcode/DerivedData/ModuleCache.noindex/MetalPerformanceShaders-7VNQ63X9O2WHEKW1KEST3ZST8.pcm

SwiftExplicitDependencyGeneratePcm arm64 /Users/bogdan/Library/Developer/Xcode/DerivedData/ModuleCache.noindex/CoreImage-7GG2ZXABSLTR177YQC2A7XK21.pcm

SwiftExplicitDependencyGeneratePcm arm64 /Users/bogdan/Library/Developer/Xcode/DerivedData/ModuleCache.noindex/CoreMedia-E1CTDKV8J3FCKGP3VUL63CTOH.pcm

SwiftExplicitDependencyGeneratePcm arm64 /Users/bogdan/Library/Developer/Xcode/DerivedData/ModuleCache.noindex/QuartzCore-17FPUV394OOMPC5ANYS810FOI.pcm

SwiftExplicitDependencyGeneratePcm arm64 /Users/bogdan/Library/Developer/Xcode/DerivedData/ModuleCache.noindex/CoreML-C4D66W3K1XE5P2HCCWWC6EVOS.pcm

SwiftExplicitDependencyGeneratePcm arm64 /Users/bogdan/Library/Developer/Xcode/DerivedData/ModuleCache.noindex/SwiftUICore-AOOLLPWPMDZPHY26O7WD0OZMT.pcm

SwiftExplicitDependencyGeneratePcm arm64 /Users/bogdan/Library/Developer/Xcode/DerivedData/ModuleCache.noindex/UIKit-7RGIYUXZ4RUUSH2QA5MS7PALQ.pcm

SwiftExplicitDependencyGeneratePcm arm64 /Users/bogdan/Library/Developer/Xcode/DerivedData/ModuleCache.noindex/AVFAudio-B8FQJKJR6VQMZMYWU5XFLWCR3.pcm

SwiftExplicitDependencyGeneratePcm arm64 /Users/bogdan/Library/Developer/Xcode/DerivedData/ModuleCache.noindex/MediaToolbox-89SEZQ8FIKXTEOK5G5GXCMAKG.pcm

SwiftExplicitDependencyGeneratePcm arm64 /Users/bogdan/Library/Developer/Xcode/DerivedData/ModuleCache.noindex/AVFoundation-D07MK6AOZH595G36ZFE3TSSRI.pcm

SwiftExplicitDependencyGeneratePcm arm64 /Users/bogdan/Library/Developer/Xcode/DerivedData/ModuleCache.noindex/MetalKit-DGCOCPUDOPD22ZDHBR1NFU106.pcm

SwiftExplicitDependencyGeneratePcm arm64 /Users/bogdan/Library/Developer/Xcode/DerivedData/ModuleCache.noindex/SwiftUI-9FXMZ6QTA83RU4GWFLXCDXUE0.pcm

SwiftGeneratePch normal arm64 Compiling\ bridging\ header (in target 'Septica' from project 'Septica')

SwiftDriverJobDiscovery normal arm64 Compiling bridging header (in target 'Septica' from project 'Septica')

SwiftCompile normal arm64 Compiling\ GameResultsView.swift,\ GameSetupView.swift,\ MainMenuView.swift,\ RulesView.swift,\ SettingsView.swift,\ StatisticsView.swift /Users/bogdan/work/Septica/Septica/Views/Menu/GameResultsView.swift /Users/bogdan/work/Septica/Septica/Views/Menu/GameSetupView.swift /Users/bogdan/work/Septica/Septica/Views/Menu/MainMenuView.swift /Users/bogdan/work/Septica/Septica/Views/Menu/RulesView.swift /Users/bogdan/work/Septica/Septica/Views/Menu/SettingsView.swift /Users/bogdan/work/Septica/Septica/Views/Menu/StatisticsView.swift (in target 'Septica' from project 'Septica')

SwiftCompile normal arm64 /Users/bogdan/work/Septica/Septica/Views/Menu/GameResultsView.swift (in target 'Septica' from project 'Septica')
    cd /Users/bogdan/work/Septica
    

SwiftCompile normal arm64 /Users/bogdan/work/Septica/Septica/Views/Menu/GameSetupView.swift (in target 'Septica' from project 'Septica')
    cd /Users/bogdan/work/Septica
    

SwiftCompile normal arm64 /Users/bogdan/work/Septica/Septica/Views/Menu/MainMenuView.swift (in target 'Septica' from project 'Septica')
    cd /Users/bogdan/work/Septica
    

SwiftCompile normal arm64 /Users/bogdan/work/Septica/Septica/Views/Menu/RulesView.swift (in target 'Septica' from project 'Septica')
    cd /Users/bogdan/work/Septica
    

SwiftCompile normal arm64 /Users/bogdan/work/Septica/Septica/Views/Menu/SettingsView.swift (in target 'Septica' from project 'Septica')
    cd /Users/bogdan/work/Septica
    

SwiftCompile normal arm64 /Users/bogdan/work/Septica/Septica/Views/Menu/StatisticsView.swift (in target 'Septica' from project 'Septica')
    cd /Users/bogdan/work/Septica
    

SwiftCompile normal arm64 Compiling\ ShuffleCatsQualityEnhancements.swift,\ CardView.swift,\ GameBoardView.swift,\ GameResultView.swift,\ GameStatusView.swift,\ GameTableView.swift,\ OpponentHandView.swift /Users/bogdan/work/Septica/Septica/Views/Enhancements/ShuffleCatsQualityEnhancements.swift /Users/bogdan/work/Septica/Septica/Views/Game/CardView.swift /Users/bogdan/work/Septica/Septica/Views/Game/GameBoardView.swift /Users/bogdan/work/Septica/Septica/Views/Game/GameResultView.swift /Users/bogdan/work/Septica/Septica/Views/Game/GameStatusView.swift /Users/bogdan/work/Septica/Septica/Views/Game/GameTableView.swift /Users/bogdan/work/Septica/Septica/Views/Game/OpponentHandView.swift (in target 'Septica' from project 'Septica')
SwiftCompile normal arm64 /Users/bogdan/work/Septica/Septica/Views/Enhancements/ShuffleCatsQualityEnhancements.swift (in target 'Septica' from project 'Septica')
    cd /Users/bogdan/work/Septica
    

SwiftCompile normal arm64 /Users/bogdan/work/Septica/Septica/Views/Game/CardView.swift (in target 'Septica' from project 'Septica')
    cd /Users/bogdan/work/Septica
    
/Users/bogdan/work/Septica/Septica/Views/Game/CardView.swift:1142:15: warning: 'catch' block is unreachable because no errors are thrown in 'do' block
            } catch {
              ^
/Users/bogdan/work/Septica/Septica/Views/Game/CardView.swift:1160:11: warning: 'catch' block is unreachable because no errors are thrown in 'do' block
        } catch {
          ^

SwiftCompile normal arm64 /Users/bogdan/work/Septica/Septica/Views/Game/GameBoardView.swift (in target 'Septica' from project 'Septica')
    cd /Users/bogdan/work/Septica
    
/Users/bogdan/work/Septica/Septica/Views/Game/GameBoardView.swift:257:10: warning: 'onChange(of:perform:)' was deprecated in iOS 17.0: Use `onChange` with a two or zero parameter action closure instead.
        .onChange(of: gameViewModel.gamePhase) { newPhase in
         ^

SwiftCompile normal arm64 /Users/bogdan/work/Septica/Septica/Views/Game/GameResultView.swift (in target 'Septica' from project 'Septica')
    cd /Users/bogdan/work/Septica
    
/Users/bogdan/work/Septica/Septica/Views/Game/GameResultView.swift:139:15: warning: 'catch' block is unreachable because no errors are thrown in 'do' block
            } catch {
              ^

SwiftCompile normal arm64 /Users/bogdan/work/Septica/Septica/Views/Game/GameStatusView.swift (in target 'Septica' from project 'Septica')
    cd /Users/bogdan/work/Septica
    

SwiftCompile normal arm64 /Users/bogdan/work/Septica/Septica/Views/Game/GameTableView.swift (in target 'Septica' from project 'Septica')
    cd /Users/bogdan/work/Septica
    

SwiftCompile normal arm64 /Users/bogdan/work/Septica/Septica/Views/Game/OpponentHandView.swift (in target 'Septica' from project 'Septica')
    cd /Users/bogdan/work/Septica
    

SwiftCompile normal arm64 Compiling\ RenderingSettingsView.swift,\ AppDelegate.swift,\ GameViewController.swift,\ Renderer.swift,\ SepticaGameViewController.swift,\ GeneratedAssetSymbols.swift /Users/bogdan/work/Septica/Septica/Views/Settings/RenderingSettingsView.swift /Users/bogdan/work/Septica/Septica/AppDelegate.swift /Users/bogdan/work/Septica/Septica/GameViewController.swift /Users/bogdan/work/Septica/Septica/Renderer.swift /Users/bogdan/work/Septica/Septica/SepticaGameViewController.swift /Users/bogdan/Library/Developer/Xcode/DerivedData/Septica-bhxnubcmusynzbbkytwvuelspvfa/Build/Intermediates.noindex/Septica.build/Debug-iphonesimulator/Septica.build/DerivedSources/GeneratedAssetSymbols.swift (in target 'Septica' from project 'Septica')

SwiftCompile normal arm64 /Users/bogdan/work/Septica/Septica/Views/Settings/RenderingSettingsView.swift (in target 'Septica' from project 'Septica')
    cd /Users/bogdan/work/Septica
    

SwiftCompile normal arm64 /Users/bogdan/work/Septica/Septica/AppDelegate.swift (in target 'Septica' from project 'Septica')
    cd /Users/bogdan/work/Septica
    

SwiftCompile normal arm64 /Users/bogdan/work/Septica/Septica/GameViewController.swift (in target 'Septica' from project 'Septica')
    cd /Users/bogdan/work/Septica
    

SwiftCompile normal arm64 /Users/bogdan/work/Septica/Septica/Renderer.swift (in target 'Septica' from project 'Septica')
    cd /Users/bogdan/work/Septica
    

SwiftCompile normal arm64 /Users/bogdan/work/Septica/Septica/SepticaGameViewController.swift (in target 'Septica' from project 'Septica')
    cd /Users/bogdan/work/Septica
    

SwiftCompile normal arm64 /Users/bogdan/Library/Developer/Xcode/DerivedData/Septica-bhxnubcmusynzbbkytwvuelspvfa/Build/Intermediates.noindex/Septica.build/Debug-iphonesimulator/Septica.build/DerivedSources/GeneratedAssetSymbols.swift (in target 'Septica' from project 'Septica')
    cd /Users/bogdan/work/Septica
    

SwiftCompile normal arm64 Compiling\ RomanianOrnatePatternSystem.swift,\ RomanianPlayerAvatarView.swift,\ ShuffleCatsStyleDragSystem.swift,\ RomanianPatternIntegration.swift,\ AdvancedEffectsIntegration.swift,\ AdvancedVisualEffectsIntegration.swift,\ CardVisualEffectsSystem.swift /Users/bogdan/work/Septica/Septica/Views/Components/RomanianOrnatePatternSystem.swift /Users/bogdan/work/Septica/Septica/Views/Components/RomanianPlayerAvatarView.swift /Users/bogdan/work/Septica/Septica/Views/Components/ShuffleCatsStyleDragSystem.swift /Users/bogdan/work/Septica/Septica/Views/Cultural/RomanianPatternIntegration.swift /Users/bogdan/work/Septica/Septica/Views/Effects/AdvancedEffectsIntegration.swift /Users/bogdan/work/Septica/Septica/Views/Effects/AdvancedVisualEffectsIntegration.swift /Users/bogdan/work/Septica/Septica/Views/Effects/CardVisualEffectsSystem.swift (in target 'Septica' from project 'Septica')
SwiftCompile normal arm64 /Users/bogdan/work/Septica/Septica/Views/Components/RomanianOrnatePatternSystem.swift (in target 'Septica' from project 'Septica')
    cd /Users/bogdan/work/Septica
    

SwiftCompile normal arm64 /Users/bogdan/work/Septica/Septica/Views/Components/RomanianPlayerAvatarView.swift (in target 'Septica' from project 'Septica')
    cd /Users/bogdan/work/Septica
    

SwiftCompile normal arm64 /Users/bogdan/work/Septica/Septica/Views/Components/ShuffleCatsStyleDragSystem.swift (in target 'Septica' from project 'Septica')
    cd /Users/bogdan/work/Septica
    

SwiftCompile normal arm64 /Users/bogdan/work/Septica/Septica/Views/Cultural/RomanianPatternIntegration.swift (in target 'Septica' from project 'Septica')
    cd /Users/bogdan/work/Septica
    
/Users/bogdan/work/Septica/Septica/Views/Cultural/RomanianPatternIntegration.swift:52:13: warning: initialization of immutable value 'patternType' was never used; consider replacing with assignment to '_' or removing it
        let patternType = determinePatternType(for: card)
        ~~~~^~~~~~~~~~~
        _
/Users/bogdan/work/Septica/Septica/Views/Cultural/RomanianPatternIntegration.swift:171:29: warning: no 'async' operations occur within 'await' expression
                    _ = try await textureCache.getFolkMotifTexture(motif: motif)
                            ^
/Users/bogdan/work/Septica/Septica/Views/Cultural/RomanianPatternIntegration.swift:438:10: warning: 'onChange(of:perform:)' was deprecated in iOS 17.0: Use `onChange` with a two or zero parameter action closure instead.
        .onChange(of: patternSet) { newSet in
         ^
/Users/bogdan/work/Septica/Septica/Views/Cultural/RomanianPatternIntegration.swift:442:10: warning: 'onChange(of:perform:)' was deprecated in iOS 17.0: Use `onChange` with a two or zero parameter action closure instead.
        .onChange(of: intensity) { newIntensity in
         ^
/Users/bogdan/work/Septica/Septica/Views/Cultural/RomanianPatternIntegration.swift:452:32: warning: no 'async' operations occur within 'await' expression
                let data = try await patternManager.generateCulturalOverlay(for: card, size: size)
                               ^
/Users/bogdan/work/Septica/Septica/Views/Cultural/RomanianPatternIntegration.swift:501:19: warning: immutable value 'overlayData' was never used; consider replacing with '_' or removing it
        guard let overlayData = overlayData,
              ~~~~^~~~~~~~~~~
              _

SwiftCompile normal arm64 /Users/bogdan/work/Septica/Septica/Views/Effects/AdvancedEffectsIntegration.swift (in target 'Septica' from project 'Septica')
    cd /Users/bogdan/work/Septica
    

SwiftCompile normal arm64 /Users/bogdan/work/Septica/Septica/Views/Effects/AdvancedVisualEffectsIntegration.swift (in target 'Septica' from project 'Septica')
    cd /Users/bogdan/work/Septica
    

SwiftCompile normal arm64 /Users/bogdan/work/Septica/Septica/Views/Effects/CardVisualEffectsSystem.swift (in target 'Septica' from project 'Septica')
    cd /Users/bogdan/work/Septica
    
/Users/bogdan/work/Septica/Septica/Views/Effects/CardVisualEffectsSystem.swift:715:13: warning: initialization of immutable value 'culturalColor' was never used; consider replacing with assignment to '_' or removing it
        let culturalColor = RomanianColors.goldAccent
        ~~~~^~~~~~~~~~~~~
        _
/Users/bogdan/work/Septica/Septica/Views/Effects/CardVisualEffectsSystem.swift:759:13: warning: initialization of immutable value 'redInfluence' was never used; consider replacing with assignment to '_' or removing it
        let redInfluence = RomanianColors.primaryRed
        ~~~~^~~~~~~~~~~~
        _
/Users/bogdan/work/Septica/Septica/Views/Effects/CardVisualEffectsSystem.swift:760:13: warning: initialization of immutable value 'blueInfluence' was never used; consider replacing with assignment to '_' or removing it
        let blueInfluence = RomanianColors.primaryBlue
        ~~~~^~~~~~~~~~~~~
        _
/Users/bogdan/work/Septica/Septica/Views/Effects/CardVisualEffectsSystem.swift:884:13: warning: initialization of variable 'finalColor' was never used; consider replacing with assignment to '_' or removing it
        var finalColor = Color.clear
        ~~~~^~~~~~~~~~
        _

SwiftCompile normal arm64 Compiling\ RomanianCulturalPatternView.swift,\ ShuffleCatsGameScreenExtensions.swift,\ ShuffleCatsInspiredGameScreen.swift,\ SpecialCardEffects.swift,\ WorkingGameScreen.swift,\ PrivacyPolicyView.swift /Users/bogdan/work/Septica/Septica/Views/Game/RomanianCulturalPatternView.swift /Users/bogdan/work/Septica/Septica/Views/Game/ShuffleCatsGameScreenExtensions.swift /Users/bogdan/work/Septica/Septica/Views/Game/ShuffleCatsInspiredGameScreen.swift /Users/bogdan/work/Septica/Septica/Views/Game/SpecialCardEffects.swift /Users/bogdan/work/Septica/Septica/Views/Game/WorkingGameScreen.swift /Users/bogdan/work/Septica/Septica/Views/Legal/PrivacyPolicyView.swift (in target 'Septica' from project 'Septica')
SwiftCompile normal arm64 /Users/bogdan/work/Septica/Septica/Views/Game/RomanianCulturalPatternView.swift (in target 'Septica' from project 'Septica')
    cd /Users/bogdan/work/Septica
    

SwiftCompile normal arm64 /Users/bogdan/work/Septica/Septica/Views/Game/ShuffleCatsGameScreenExtensions.swift (in target 'Septica' from project 'Septica')
    cd /Users/bogdan/work/Septica
    

SwiftCompile normal arm64 /Users/bogdan/work/Septica/Septica/Views/Game/ShuffleCatsInspiredGameScreen.swift (in target 'Septica' from project 'Septica')
    cd /Users/bogdan/work/Septica
    

SwiftCompile normal arm64 /Users/bogdan/work/Septica/Septica/Views/Game/SpecialCardEffects.swift (in target 'Septica' from project 'Septica')
    cd /Users/bogdan/work/Septica
    

SwiftCompile normal arm64 /Users/bogdan/work/Septica/Septica/Views/Game/WorkingGameScreen.swift (in target 'Septica' from project 'Septica')
    cd /Users/bogdan/work/Septica
    

SwiftCompile normal arm64 /Users/bogdan/work/Septica/Septica/Views/Legal/PrivacyPolicyView.swift (in target 'Septica' from project 'Septica')
    cd /Users/bogdan/work/Septica
    

SwiftCompile normal arm64 Compiling\ OfflineSyncQueue.swift,\ PlayerProfileService.swift,\ RewardChestService.swift,\ RomanianStrategyAnalyzer.swift,\ RomanianCulturalContentLibrary.swift,\ RomanianDialogueSystem.swift,\ GameEndCelebrationSystem.swift /Users/bogdan/work/Septica/Septica/Services/CloudKit/OfflineSyncQueue.swift /Users/bogdan/work/Septica/Septica/Services/CloudKit/PlayerProfileService.swift /Users/bogdan/work/Septica/Septica/Services/CloudKit/RewardChestService.swift /Users/bogdan/work/Septica/Septica/Services/CloudKit/RomanianStrategyAnalyzer.swift /Users/bogdan/work/Septica/Septica/Services/Culture/RomanianCulturalContentLibrary.swift /Users/bogdan/work/Septica/Septica/Services/Dialogue/RomanianDialogueSystem.swift /Users/bogdan/work/Septica/Septica/Services/GameEnd/GameEndCelebrationSystem.swift (in target 'Septica' from project 'Septica')

SwiftCompile normal arm64 /Users/bogdan/work/Septica/Septica/Services/CloudKit/OfflineSyncQueue.swift (in target 'Septica' from project 'Septica')
    cd /Users/bogdan/work/Septica
    

SwiftCompile normal arm64 /Users/bogdan/work/Septica/Septica/Services/CloudKit/PlayerProfileService.swift (in target 'Septica' from project 'Septica')
    cd /Users/bogdan/work/Septica
    

SwiftCompile normal arm64 /Users/bogdan/work/Septica/Septica/Services/CloudKit/RewardChestService.swift (in target 'Septica' from project 'Septica')
    cd /Users/bogdan/work/Septica
    

SwiftCompile normal arm64 /Users/bogdan/work/Septica/Septica/Services/CloudKit/RomanianStrategyAnalyzer.swift (in target 'Septica' from project 'Septica')
    cd /Users/bogdan/work/Septica
    
/Users/bogdan/work/Septica/Septica/Services/CloudKit/RomanianStrategyAnalyzer.swift:877:17: warning: initialization of immutable value 'gameData' was never used; consider replacing with assignment to '_' or removing it
            let gameData = generatePlaceholderGameplayData(for: game)
            ~~~~^~~~~~~~
            _

SwiftCompile normal arm64 /Users/bogdan/work/Septica/Septica/Services/Culture/RomanianCulturalContentLibrary.swift (in target 'Septica' from project 'Septica')
    cd /Users/bogdan/work/Septica
    
/Users/bogdan/work/Septica/Septica/Services/Culture/RomanianCulturalContentLibrary.swift:103:11: warning: 'catch' block is unreachable because no errors are thrown in 'do' block
        } catch {
          ^

SwiftCompile normal arm64 /Users/bogdan/work/Septica/Septica/Services/Dialogue/RomanianDialogueSystem.swift (in target 'Septica' from project 'Septica')
    cd /Users/bogdan/work/Septica
    

SwiftCompile normal arm64 /Users/bogdan/work/Septica/Septica/Services/GameEnd/GameEndCelebrationSystem.swift (in target 'Septica' from project 'Septica')
    cd /Users/bogdan/work/Septica
    

SwiftCompile normal arm64 Compiling\ CloudKitRomanianModels.swift,\ CloudKitSharedTypes.swift,\ CloudKitSyncEngine.swift,\ CulturalAchievementSystem.swift,\ EnhancedCloudKitIntegrationService.swift,\ FluidCardInteractionSync.swift,\ FluidCardInteractionVisuals.swift /Users/bogdan/work/Septica/Septica/Services/CloudKit/CloudKitRomanianModels.swift /Users/bogdan/work/Septica/Septica/Services/CloudKit/CloudKitSharedTypes.swift /Users/bogdan/work/Septica/Septica/Services/CloudKit/CloudKitSyncEngine.swift /Users/bogdan/work/Septica/Septica/Services/CloudKit/CulturalAchievementSystem.swift /Users/bogdan/work/Septica/Septica/Services/CloudKit/EnhancedCloudKitIntegrationService.swift /Users/bogdan/work/Septica/Septica/Services/CloudKit/FluidCardInteractionSync.swift /Users/bogdan/work/Septica/Septica/Services/CloudKit/FluidCardInteractionVisuals.swift (in target 'Septica' from project 'Septica')

SwiftCompile normal arm64 /Users/bogdan/work/Septica/Septica/Services/CloudKit/CloudKitRomanianModels.swift (in target 'Septica' from project 'Septica')
    cd /Users/bogdan/work/Septica
    
/Users/bogdan/work/Septica/Septica/Services/CloudKit/CloudKitRomanianModels.swift:26:9: warning: immutable property will not be decoded because it is declared with an initial value which cannot be overwritten
    let id = UUID()
        ^
/Users/bogdan/work/Septica/Septica/Services/CloudKit/CloudKitRomanianModels.swift:26:9: note: set the initial value via the initializer or explicitly define a CodingKeys enum including a 'id' case to silence this warning
    let id = UUID()
        ^
/Users/bogdan/work/Septica/Septica/Services/CloudKit/CloudKitRomanianModels.swift:26:9: note: make the property mutable instead
    let id = UUID()
    ~~~ ^
    var
/Users/bogdan/work/Septica/Septica/Services/CloudKit/CloudKitRomanianModels.swift:75:19: warning: immutable value 'createdDate' was never used; consider replacing with '_' or removing it
              let createdDate = record["createdDate"] as? Date,
              ~~~~^~~~~~~~~~~
              _
/Users/bogdan/work/Septica/Septica/Services/CloudKit/CloudKitRomanianModels.swift:94:9: warning: immutable property will not be decoded because it is declared with an initial value which cannot be overwritten
    let id = UUID()
        ^
/Users/bogdan/work/Septica/Septica/Services/CloudKit/CloudKitRomanianModels.swift:94:9: note: set the initial value via the initializer or explicitly define a CodingKeys enum including a 'id' case to silence this warning
    let id = UUID()
        ^
/Users/bogdan/work/Septica/Septica/Services/CloudKit/CloudKitRomanianModels.swift:94:9: note: make the property mutable instead
    let id = UUID()
    ~~~ ^
    var
/Users/bogdan/work/Septica/Septica/Services/CloudKit/CloudKitRomanianModels.swift:141:19: warning: immutable value 'timestamp' was never used; consider replacing with '_' or removing it
              let timestamp = record["timestamp"] as? Date else {
              ~~~~^~~~~~~~~
              _
/Users/bogdan/work/Septica/Septica/Services/CloudKit/CloudKitRomanianModels.swift:148:13: warning: variable 'gameRecord' was never mutated; consider changing to 'let' constant
        var gameRecord = GameRecord(
        ~~~ ^
        let
/Users/bogdan/work/Septica/Septica/Services/CloudKit/CloudKitRomanianModels.swift:163:9: warning: immutable property will not be decoded because it is declared with an initial value which cannot be overwritten
    let id = UUID()
        ^
/Users/bogdan/work/Septica/Septica/Services/CloudKit/CloudKitRomanianModels.swift:163:9: note: set the initial value via the initializer or explicitly define a CodingKeys enum including a 'id' case to silence this warning
    let id = UUID()
        ^
/Users/bogdan/work/Septica/Septica/Services/CloudKit/CloudKitRomanianModels.swift:163:9: note: make the property mutable instead
    let id = UUID()
    ~~~ ^
    var

SwiftCompile normal arm64 /Users/bogdan/work/Septica/Septica/Services/CloudKit/CloudKitSharedTypes.swift (in target 'Septica' from project 'Septica')
    cd /Users/bogdan/work/Septica
    

SwiftCompile normal arm64 /Users/bogdan/work/Septica/Septica/Services/CloudKit/CloudKitSyncEngine.swift (in target 'Septica' from project 'Septica')
    cd /Users/bogdan/work/Septica
    
/Users/bogdan/work/Septica/Septica/Services/CloudKit/CloudKitSyncEngine.swift:378:13: warning: initialization of immutable value 'localIDs' was never used; consider replacing with assignment to '_' or removing it
        let localIDs = Set(local.map { $0.gameID })
        ~~~~^~~~~~~~
        _

SwiftCompile normal arm64 /Users/bogdan/work/Septica/Septica/Services/CloudKit/CulturalAchievementSystem.swift (in target 'Septica' from project 'Septica')
    cd /Users/bogdan/work/Septica
    

SwiftCompile normal arm64 /Users/bogdan/work/Septica/Septica/Services/CloudKit/EnhancedCloudKitIntegrationService.swift (in target 'Septica' from project 'Septica')
    cd /Users/bogdan/work/Septica
    
/Users/bogdan/work/Septica/Septica/Services/CloudKit/EnhancedCloudKitIntegrationService.swift:103:11: warning: 'catch' block is unreachable because no errors are thrown in 'do' block
        } catch {
          ^
/Users/bogdan/work/Septica/Septica/Services/CloudKit/EnhancedCloudKitIntegrationService.swift:238:17: warning: initialization of immutable value 'uploadResult' was never used; consider replacing with assignment to '_' or removing it
            let uploadResult = try await batchUploadRecords(records, priority: .mastery)
            ~~~~^~~~~~~~~~~~
            _

SwiftCompile normal arm64 /Users/bogdan/work/Septica/Septica/Services/CloudKit/FluidCardInteractionSync.swift (in target 'Septica' from project 'Septica')
    cd /Users/bogdan/work/Septica
    
/Users/bogdan/work/Septica/Septica/Services/CloudKit/FluidCardInteractionSync.swift:578:16: warning: value 'cardState' was defined but never used; consider replacing with boolean test
        if let cardState = cardStates[cardId] {
           ~~~~^~~~~~~~~~~~
                                              != nil
/Users/bogdan/work/Septica/Septica/Services/CloudKit/FluidCardInteractionSync.swift:628:13: warning: initialization of immutable value 'intensity' was never used; consider replacing with assignment to '_' or removing it
        let intensity = adjustIntensityForAge(pattern.intensity, ageGroup: ageGroup)
        ~~~~^~~~~~~~~
        _

SwiftCompile normal arm64 /Users/bogdan/work/Septica/Septica/Services/CloudKit/FluidCardInteractionVisuals.swift (in target 'Septica' from project 'Septica')
    cd /Users/bogdan/work/Septica
    

SwiftCompile normal arm64 Compiling\ GeometryCache.swift,\ LightingEnvironment.swift,\ MaterialEffect.swift,\ ProfessionalCardRenderer.swift,\ ProfessionalRenderingSupport.swift,\ TextureCache.swift,\ RendererExtensions.swift /Users/bogdan/work/Septica/Septica/Rendering/Professional/GeometryCache.swift /Users/bogdan/work/Septica/Septica/Rendering/Professional/LightingEnvironment.swift /Users/bogdan/work/Septica/Septica/Rendering/Professional/MaterialEffect.swift /Users/bogdan/work/Septica/Septica/Rendering/Professional/ProfessionalCardRenderer.swift /Users/bogdan/work/Septica/Septica/Rendering/Professional/ProfessionalRenderingSupport.swift /Users/bogdan/work/Septica/Septica/Rendering/Professional/TextureCache.swift /Users/bogdan/work/Septica/Septica/Rendering/RendererExtensions.swift (in target 'Septica' from project 'Septica')

SwiftCompile normal arm64 /Users/bogdan/work/Septica/Septica/Rendering/Professional/GeometryCache.swift (in target 'Septica' from project 'Septica')
    cd /Users/bogdan/work/Septica
    
/Users/bogdan/work/Septica/Septica/Rendering/Professional/GeometryCache.swift:56:19: warning: call to main actor-isolated instance method 'performCacheCleanup()' in a synchronous nonisolated context; this is an error in the Swift 6 language mode
            self?.performCacheCleanup()
                  ^
/Users/bogdan/work/Septica/Septica/Rendering/Professional/GeometryCache.swift:870:18: note: calls to instance method 'performCacheCleanup()' from outside of its actor context are implicitly asynchronous
    private func performCacheCleanup() {
                 ^

SwiftCompile normal arm64 /Users/bogdan/work/Septica/Septica/Rendering/Professional/LightingEnvironment.swift (in target 'Septica' from project 'Septica')
    cd /Users/bogdan/work/Septica
    

SwiftCompile normal arm64 /Users/bogdan/work/Septica/Septica/Rendering/Professional/MaterialEffect.swift (in target 'Septica' from project 'Septica')
    cd /Users/bogdan/work/Septica
    

SwiftCompile normal arm64 /Users/bogdan/work/Septica/Septica/Rendering/Professional/ProfessionalCardRenderer.swift (in target 'Septica' from project 'Septica')
    cd /Users/bogdan/work/Septica
    

SwiftCompile normal arm64 /Users/bogdan/work/Septica/Septica/Rendering/Professional/ProfessionalRenderingSupport.swift (in target 'Septica' from project 'Septica')
    cd /Users/bogdan/work/Septica
    

SwiftCompile normal arm64 /Users/bogdan/work/Septica/Septica/Rendering/Professional/TextureCache.swift (in target 'Septica' from project 'Septica')
    cd /Users/bogdan/work/Septica
    
/Users/bogdan/work/Septica/Septica/Rendering/Professional/TextureCache.swift:892:25: warning: no 'async' operations occur within 'await' expression
                _ = try await generateRomanianPattern(type: .traditionalBorder)
                        ^
/Users/bogdan/work/Septica/Septica/Rendering/Professional/TextureCache.swift:893:25: warning: no 'async' operations occur within 'await' expression
                _ = try await generateRomanianPattern(type: .floralMotif)
                        ^
/Users/bogdan/work/Septica/Septica/Rendering/Professional/TextureCache.swift:894:25: warning: no 'async' operations occur within 'await' expression
                _ = try await generateRomanianPattern(type: .geometricPattern)
                        ^

SwiftCompile normal arm64 /Users/bogdan/work/Septica/Septica/Rendering/RendererExtensions.swift (in target 'Septica' from project 'Septica')
    cd /Users/bogdan/work/Septica
    

SwiftCompile normal arm64 Compiling\ Card.swift,\ Deck.swift,\ GameRules.swift,\ GameState.swift,\ Player.swift,\ CulturalTypes.swift,\ BatteryOptimizationManager.swift /Users/bogdan/work/Septica/Septica/Models/Core/Card.swift /Users/bogdan/work/Septica/Septica/Models/Core/Deck.swift /Users/bogdan/work/Septica/Septica/Models/Core/GameRules.swift /Users/bogdan/work/Septica/Septica/Models/Core/GameState.swift /Users/bogdan/work/Septica/Septica/Models/Core/Player.swift /Users/bogdan/work/Septica/Septica/Models/Shared/CulturalTypes.swift /Users/bogdan/work/Septica/Septica/Performance/BatteryOptimizationManager.swift (in target 'Septica' from project 'Septica')

SwiftCompile normal arm64 /Users/bogdan/work/Septica/Septica/Models/Core/Card.swift (in target 'Septica' from project 'Septica')
    cd /Users/bogdan/work/Septica
    

SwiftCompile normal arm64 /Users/bogdan/work/Septica/Septica/Models/Core/Deck.swift (in target 'Septica' from project 'Septica')
    cd /Users/bogdan/work/Septica
    

SwiftCompile normal arm64 /Users/bogdan/work/Septica/Septica/Models/Core/GameRules.swift (in target 'Septica' from project 'Septica')
    cd /Users/bogdan/work/Septica
    

SwiftCompile normal arm64 /Users/bogdan/work/Septica/Septica/Models/Core/GameState.swift (in target 'Septica' from project 'Septica')
    cd /Users/bogdan/work/Septica
    

SwiftCompile normal arm64 /Users/bogdan/work/Septica/Septica/Models/Core/Player.swift (in target 'Septica' from project 'Septica')
    cd /Users/bogdan/work/Septica
    

SwiftCompile normal arm64 /Users/bogdan/work/Septica/Septica/Models/Shared/CulturalTypes.swift (in target 'Septica' from project 'Septica')
    cd /Users/bogdan/work/Septica
    

SwiftCompile normal arm64 /Users/bogdan/work/Septica/Septica/Performance/BatteryOptimizationManager.swift (in target 'Septica' from project 'Septica')
    cd /Users/bogdan/work/Septica
    
/Users/bogdan/work/Septica/Septica/Performance/BatteryOptimizationManager.swift:88:19: warning: call to main actor-isolated instance method 'trackBatteryUsage()' in a synchronous nonisolated context; this is an error in the Swift 6 language mode
            self?.trackBatteryUsage()
                  ^
/Users/bogdan/work/Septica/Septica/Performance/BatteryOptimizationManager.swift:195:18: note: calls to instance method 'trackBatteryUsage()' from outside of its actor context are implicitly asynchronous
    private func trackBatteryUsage() {
                 ^

SwiftCompile normal arm64 Compiling\ AccessibilityManager.swift,\ AnimationManager.swift,\ AudioManager.swift,\ ErrorManager.swift,\ HapticManager.swift,\ ManagerCoordinator.swift,\ NavigationManager.swift /Users/bogdan/work/Septica/Septica/Managers/AccessibilityManager.swift /Users/bogdan/work/Septica/Septica/Managers/AnimationManager.swift /Users/bogdan/work/Septica/Septica/Managers/AudioManager.swift /Users/bogdan/work/Septica/Septica/Managers/ErrorManager.swift /Users/bogdan/work/Septica/Septica/Managers/HapticManager.swift /Users/bogdan/work/Septica/Septica/Managers/ManagerCoordinator.swift /Users/bogdan/work/Septica/Septica/Managers/NavigationManager.swift (in target 'Septica' from project 'Septica')

SwiftCompile normal arm64 /Users/bogdan/work/Septica/Septica/Managers/AccessibilityManager.swift (in target 'Septica' from project 'Septica')
    cd /Users/bogdan/work/Septica
    

SwiftCompile normal arm64 /Users/bogdan/work/Septica/Septica/Managers/AnimationManager.swift (in target 'Septica' from project 'Septica')
    cd /Users/bogdan/work/Septica
    
/Users/bogdan/work/Septica/Septica/Managers/AnimationManager.swift:1182:13: warning: initialization of immutable value 'gravityStrength' was never used; consider replacing with assignment to '_' or removing it
        let gravityStrength = quality == .maximum ? 9.81 : 4.905  // Reduced for card game
        ~~~~^~~~~~~~~~~~~~~
        _
/Users/bogdan/work/Septica/Septica/Managers/AnimationManager.swift:1187:13: warning: initialization of immutable value 'frictionCoefficient' was never used; consider replacing with assignment to '_' or removing it
        let frictionCoefficient = AnimationManager.AnimationSettings.EnergyConservation.frictionCoefficient
        ~~~~^~~~~~~~~~~~~~~~~~~
        _

SwiftCompile normal arm64 /Users/bogdan/work/Septica/Septica/Managers/AudioManager.swift (in target 'Septica' from project 'Septica')
    cd /Users/bogdan/work/Septica
    
/Users/bogdan/work/Septica/Septica/Managers/AudioManager.swift:99:14: warning: capture of 'self' in a closure that outlives deinit; this is an error in the Swift 6 language mode
        Task { @MainActor in
             ^

SwiftCompile normal arm64 /Users/bogdan/work/Septica/Septica/Managers/ErrorManager.swift (in target 'Septica' from project 'Septica')
    cd /Users/bogdan/work/Septica
    

SwiftCompile normal arm64 /Users/bogdan/work/Septica/Septica/Managers/HapticManager.swift (in target 'Septica' from project 'Septica')
    cd /Users/bogdan/work/Septica
    

SwiftCompile normal arm64 /Users/bogdan/work/Septica/Septica/Managers/ManagerCoordinator.swift (in target 'Septica' from project 'Septica')
    cd /Users/bogdan/work/Septica
    

SwiftCompile normal arm64 /Users/bogdan/work/Septica/Septica/Managers/NavigationManager.swift (in target 'Septica' from project 'Septica')
    cd /Users/bogdan/work/Septica
    

SwiftCompile normal arm64 Compiling\ DropZoneView.swift,\ RomanianCharacterAvatarView.swift,\ RomanianCharacterReactionOverlay.swift,\ RomanianCharacterSelectionView.swift,\ RomanianCharacterSystem.swift,\ RomanianColors.swift,\ RomanianGameZoneFrames.swift /Users/bogdan/work/Septica/Septica/Views/Components/DropZoneView.swift /Users/bogdan/work/Septica/Septica/Views/Components/RomanianCharacterAvatarView.swift /Users/bogdan/work/Septica/Septica/Views/Components/RomanianCharacterReactionOverlay.swift /Users/bogdan/work/Septica/Septica/Views/Components/RomanianCharacterSelectionView.swift /Users/bogdan/work/Septica/Septica/Views/Components/RomanianCharacterSystem.swift /Users/bogdan/work/Septica/Septica/Views/Components/RomanianColors.swift /Users/bogdan/work/Septica/Septica/Views/Components/RomanianGameZoneFrames.swift (in target 'Septica' from project 'Septica')

SwiftCompile normal arm64 /Users/bogdan/work/Septica/Septica/Views/Components/DropZoneView.swift (in target 'Septica' from project 'Septica')
    cd /Users/bogdan/work/Septica
    
/Users/bogdan/work/Septica/Septica/Views/Components/DropZoneView.swift:58:14: warning: 'onChange(of:perform:)' was deprecated in iOS 17.0: Use `onChange` with a two or zero parameter action closure instead.
            .onChange(of: isHighlighted) { highlighted in
             ^

SwiftCompile normal arm64 /Users/bogdan/work/Septica/Septica/Views/Components/RomanianCharacterAvatarView.swift (in target 'Septica' from project 'Septica')
    cd /Users/bogdan/work/Septica
    

SwiftCompile normal arm64 /Users/bogdan/work/Septica/Septica/Views/Components/RomanianCharacterReactionOverlay.swift (in target 'Septica' from project 'Septica')
    cd /Users/bogdan/work/Septica
    

SwiftCompile normal arm64 /Users/bogdan/work/Septica/Septica/Views/Components/RomanianCharacterSelectionView.swift (in target 'Septica' from project 'Septica')
    cd /Users/bogdan/work/Septica
    

SwiftCompile normal arm64 /Users/bogdan/work/Septica/Septica/Views/Components/RomanianCharacterSystem.swift (in target 'Septica' from project 'Septica')
    cd /Users/bogdan/work/Septica
    
/Users/bogdan/work/Septica/Septica/Views/Components/RomanianCharacterSystem.swift:447:13: warning: initialization of immutable value 'audioSettings' was never used; consider replacing with assignment to '_' or removing it
        let audioSettings = expression.voiceTone.audioSettings
        ~~~~^~~~~~~~~~~~~
        _
/Users/bogdan/work/Septica/Septica/Views/Components/RomanianCharacterSystem.swift:460:13: warning: initialization of immutable value 'hapticIntensity' was never used; consider replacing with assignment to '_' or removing it
        let hapticIntensity = intensity.hapticStrength
        ~~~~^~~~~~~~~~~~~~~
        _

SwiftCompile normal arm64 /Users/bogdan/work/Septica/Septica/Views/Components/RomanianColors.swift (in target 'Septica' from project 'Septica')
    cd /Users/bogdan/work/Septica
    

SwiftCompile normal arm64 /Users/bogdan/work/Septica/Septica/Views/Components/RomanianGameZoneFrames.swift (in target 'Septica' from project 'Septica')
    cd /Users/bogdan/work/Septica
    

SwiftCompile normal arm64 Compiling\ SepticaCloudKitManager.swift,\ RomanianTraditionalAI.swift,\ GameController.swift,\ SepticaErrorHandling.swift,\ ContentRatingManager.swift,\ PrivacyPolicyManager.swift,\ TermsOfServiceManager.swift /Users/bogdan/work/Septica/Septica/Services/CloudKit/SepticaCloudKitManager.swift /Users/bogdan/work/Septica/Septica/AI/RomanianTraditionalAI.swift /Users/bogdan/work/Septica/Septica/Controllers/GameController.swift /Users/bogdan/work/Septica/Septica/ErrorHandling/SepticaErrorHandling.swift /Users/bogdan/work/Septica/Septica/Legal/ContentRatingManager.swift /Users/bogdan/work/Septica/Septica/Legal/PrivacyPolicyManager.swift /Users/bogdan/work/Septica/Septica/Legal/TermsOfServiceManager.swift (in target 'Septica' from project 'Septica')

SwiftCompile normal arm64 /Users/bogdan/work/Septica/Septica/Services/CloudKit/SepticaCloudKitManager.swift (in target 'Septica' from project 'Septica')
    cd /Users/bogdan/work/Septica
    
/Users/bogdan/work/Septica/Septica/Services/CloudKit/SepticaCloudKitManager.swift:367:14: warning: capture of 'self' in a closure that outlives deinit; this is an error in the Swift 6 language mode
        Task { @MainActor in await reachabilityMonitor.stopMonitoring() }
             ^
/Users/bogdan/work/Septica/Septica/Services/CloudKit/SepticaCloudKitManager.swift:367:30: warning: no 'async' operations occur within 'await' expression
        Task { @MainActor in await reachabilityMonitor.stopMonitoring() }
                             ^

SwiftCompile normal arm64 /Users/bogdan/work/Septica/Septica/AI/RomanianTraditionalAI.swift (in target 'Septica' from project 'Septica')
    cd /Users/bogdan/work/Septica
    

SwiftCompile normal arm64 /Users/bogdan/work/Septica/Septica/Controllers/GameController.swift (in target 'Septica' from project 'Septica')
    cd /Users/bogdan/work/Septica
    

SwiftCompile normal arm64 /Users/bogdan/work/Septica/Septica/ErrorHandling/SepticaErrorHandling.swift (in target 'Septica' from project 'Septica')
    cd /Users/bogdan/work/Septica
    

SwiftCompile normal arm64 /Users/bogdan/work/Septica/Septica/Legal/ContentRatingManager.swift (in target 'Septica' from project 'Septica')
    cd /Users/bogdan/work/Septica
    

SwiftCompile normal arm64 /Users/bogdan/work/Septica/Septica/Legal/PrivacyPolicyManager.swift (in target 'Septica' from project 'Septica')
    cd /Users/bogdan/work/Septica
    
/Users/bogdan/work/Septica/Septica/Legal/PrivacyPolicyManager.swift:372:13: warning: initialization of immutable value 'coppaStatus' was never used; consider replacing with assignment to '_' or removing it
        let coppaStatus = getCOPPAComplianceStatus()
        ~~~~^~~~~~~~~~~
        _
/Users/bogdan/work/Septica/Septica/Legal/PrivacyPolicyManager.swift:373:13: warning: initialization of immutable value 'gdprStatus' was never used; consider replacing with assignment to '_' or removing it
        let gdprStatus = getGDPRComplianceStatus()
        ~~~~^~~~~~~~~~
        _

SwiftCompile normal arm64 /Users/bogdan/work/Septica/Septica/Legal/TermsOfServiceManager.swift (in target 'Septica' from project 'Septica')
    cd /Users/bogdan/work/Septica
    

SwiftCompile normal arm64 Compiling\ RomanianCulturalIntelligence.swift,\ RomanianTournamentManager.swift,\ TournamentDataModels.swift,\ GameViewModel.swift,\ GameViewModelAnalyticsIntegration.swift,\ AchievementView.swift,\ AchievementNotificationView.swift /Users/bogdan/work/Septica/Septica/Services/Intelligence/RomanianCulturalIntelligence.swift /Users/bogdan/work/Septica/Septica/Services/Tournament/RomanianTournamentManager.swift /Users/bogdan/work/Septica/Septica/Services/Tournament/TournamentDataModels.swift /Users/bogdan/work/Septica/Septica/ViewModels/GameViewModel.swift /Users/bogdan/work/Septica/Septica/ViewModels/GameViewModelAnalyticsIntegration.swift /Users/bogdan/work/Septica/Septica/Views/Achievement/AchievementView.swift /Users/bogdan/work/Septica/Septica/Views/Achievements/AchievementNotificationView.swift (in target 'Septica' from project 'Septica')

SwiftCompile normal arm64 /Users/bogdan/work/Septica/Septica/Services/Intelligence/RomanianCulturalIntelligence.swift (in target 'Septica' from project 'Septica')
    cd /Users/bogdan/work/Septica
    

SwiftCompile normal arm64 /Users/bogdan/work/Septica/Septica/Services/Tournament/RomanianTournamentManager.swift (in target 'Septica' from project 'Septica')
    cd /Users/bogdan/work/Septica
    

SwiftCompile normal arm64 /Users/bogdan/work/Septica/Septica/Services/Tournament/TournamentDataModels.swift (in target 'Septica' from project 'Septica')
    cd /Users/bogdan/work/Septica
    
/Users/bogdan/work/Septica/Septica/Services/Tournament/TournamentDataModels.swift:29:9: warning: immutable property will not be decoded because it is declared with an initial value which cannot be overwritten
    let createdAt: Date = Date()
        ^
/Users/bogdan/work/Septica/Septica/Services/Tournament/TournamentDataModels.swift:29:9: note: set the initial value via the initializer or explicitly define a CodingKeys enum including a 'createdAt' case to silence this warning
    let createdAt: Date = Date()
        ^
/Users/bogdan/work/Septica/Septica/Services/Tournament/TournamentDataModels.swift:29:9: note: make the property mutable instead
    let createdAt: Date = Date()
    ~~~ ^
    var
/Users/bogdan/work/Septica/Septica/Services/Tournament/TournamentDataModels.swift:263:9: warning: immutable property will not be decoded because it is declared with an initial value which cannot be overwritten
    let id = UUID()
        ^
/Users/bogdan/work/Septica/Septica/Services/Tournament/TournamentDataModels.swift:263:9: note: set the initial value via the initializer or explicitly define a CodingKeys enum including a 'id' case to silence this warning
    let id = UUID()
        ^
/Users/bogdan/work/Septica/Septica/Services/Tournament/TournamentDataModels.swift:263:9: note: make the property mutable instead
    let id = UUID()
    ~~~ ^
    var
/Users/bogdan/work/Septica/Septica/Services/Tournament/TournamentDataModels.swift:282:9: warning: immutable property will not be decoded because it is declared with an initial value which cannot be overwritten
    let additionalRequirements: [String] = []
        ^
/Users/bogdan/work/Septica/Septica/Services/Tournament/TournamentDataModels.swift:282:9: note: set the initial value via the initializer or explicitly define a CodingKeys enum including a 'additionalRequirements' case to silence this warning
    let additionalRequirements: [String] = []
        ^
/Users/bogdan/work/Septica/Septica/Services/Tournament/TournamentDataModels.swift:282:9: note: make the property mutable instead
    let additionalRequirements: [String] = []
    ~~~ ^
    var
/Users/bogdan/work/Septica/Septica/Services/Tournament/TournamentDataModels.swift:461:9: warning: immutable property will not be decoded because it is declared with an initial value which cannot be overwritten
    let completedAt: Date = Date()
        ^
/Users/bogdan/work/Septica/Septica/Services/Tournament/TournamentDataModels.swift:461:9: note: set the initial value via the initializer or explicitly define a CodingKeys enum including a 'completedAt' case to silence this warning
    let completedAt: Date = Date()
        ^
/Users/bogdan/work/Septica/Septica/Services/Tournament/TournamentDataModels.swift:461:9: note: make the property mutable instead
    let completedAt: Date = Date()
    ~~~ ^
    var
/Users/bogdan/work/Septica/Septica/Services/Tournament/TournamentDataModels.swift:522:9: warning: immutable property will not be decoded because it is declared with an initial value which cannot be overwritten
    let duration: TimeInterval = 180 // 3 minutes default
        ^
/Users/bogdan/work/Septica/Septica/Services/Tournament/TournamentDataModels.swift:522:9: note: set the initial value via the initializer or explicitly define a CodingKeys enum including a 'duration' case to silence this warning
    let duration: TimeInterval = 180 // 3 minutes default
        ^
/Users/bogdan/work/Septica/Septica/Services/Tournament/TournamentDataModels.swift:522:9: note: make the property mutable instead
    let duration: TimeInterval = 180 // 3 minutes default
    ~~~ ^
    var
/Users/bogdan/work/Septica/Septica/Services/Tournament/TournamentDataModels.swift:523:9: warning: immutable property will not be decoded because it is declared with an initial value which cannot be overwritten
    let tempo: MusicTempo = .moderate
        ^
/Users/bogdan/work/Septica/Septica/Services/Tournament/TournamentDataModels.swift:523:9: note: set the initial value via the initializer or explicitly define a CodingKeys enum including a 'tempo' case to silence this warning
    let tempo: MusicTempo = .moderate
        ^
/Users/bogdan/work/Septica/Septica/Services/Tournament/TournamentDataModels.swift:523:9: note: make the property mutable instead
    let tempo: MusicTempo = .moderate
    ~~~ ^
    var
/Users/bogdan/work/Septica/Septica/Services/Tournament/TournamentDataModels.swift:524:9: warning: immutable property will not be decoded because it is declared with an initial value which cannot be overwritten
    let mood: MusicMood = .celebratory
        ^
/Users/bogdan/work/Septica/Septica/Services/Tournament/TournamentDataModels.swift:524:9: note: set the initial value via the initializer or explicitly define a CodingKeys enum including a 'mood' case to silence this warning
    let mood: MusicMood = .celebratory
        ^
/Users/bogdan/work/Septica/Septica/Services/Tournament/TournamentDataModels.swift:524:9: note: make the property mutable instead
    let mood: MusicMood = .celebratory
    ~~~ ^
    var
/Users/bogdan/work/Septica/Septica/Services/Tournament/TournamentDataModels.swift:549:9: warning: immutable property will not be decoded because it is declared with an initial value which cannot be overwritten
    let estimatedReadingTime: TimeInterval = 120 // 2 minutes
        ^
/Users/bogdan/work/Septica/Septica/Services/Tournament/TournamentDataModels.swift:549:9: note: set the initial value via the initializer or explicitly define a CodingKeys enum including a 'estimatedReadingTime' case to silence this warning
    let estimatedReadingTime: TimeInterval = 120 // 2 minutes
        ^
/Users/bogdan/work/Septica/Septica/Services/Tournament/TournamentDataModels.swift:549:9: note: make the property mutable instead
    let estimatedReadingTime: TimeInterval = 120 // 2 minutes
    ~~~ ^
    var
/Users/bogdan/work/Septica/Septica/Services/Tournament/TournamentDataModels.swift:550:9: warning: immutable property will not be decoded because it is declared with an initial value which cannot be overwritten
    let ageAppropriate: Bool = true
        ^
/Users/bogdan/work/Septica/Septica/Services/Tournament/TournamentDataModels.swift:550:9: note: set the initial value via the initializer or explicitly define a CodingKeys enum including a 'ageAppropriate' case to silence this warning
    let ageAppropriate: Bool = true
        ^
/Users/bogdan/work/Septica/Septica/Services/Tournament/TournamentDataModels.swift:550:9: note: make the property mutable instead
    let ageAppropriate: Bool = true
    ~~~ ^
    var
/Users/bogdan/work/Septica/Septica/Services/Tournament/TournamentDataModels.swift:551:9: warning: immutable property will not be decoded because it is declared with an initial value which cannot be overwritten
    let requiresParentalGuidance: Bool = false
        ^
/Users/bogdan/work/Septica/Septica/Services/Tournament/TournamentDataModels.swift:551:9: note: set the initial value via the initializer or explicitly define a CodingKeys enum including a 'requiresParentalGuidance' case to silence this warning
    let requiresParentalGuidance: Bool = false
        ^
/Users/bogdan/work/Septica/Septica/Services/Tournament/TournamentDataModels.swift:551:9: note: make the property mutable instead
    let requiresParentalGuidance: Bool = false
    ~~~ ^
    var
/Users/bogdan/work/Septica/Septica/Services/Tournament/TournamentDataModels.swift:558:9: warning: immutable property will not be decoded because it is declared with an initial value which cannot be overwritten
    let id = UUID()
        ^
/Users/bogdan/work/Septica/Septica/Services/Tournament/TournamentDataModels.swift:558:9: note: set the initial value via the initializer or explicitly define a CodingKeys enum including a 'id' case to silence this warning
    let id = UUID()
        ^
/Users/bogdan/work/Septica/Septica/Services/Tournament/TournamentDataModels.swift:558:9: note: make the property mutable instead
    let id = UUID()
    ~~~ ^
    var

SwiftCompile normal arm64 /Users/bogdan/work/Septica/Septica/ViewModels/GameViewModel.swift (in target 'Septica' from project 'Septica')
    cd /Users/bogdan/work/Septica
    
/Users/bogdan/work/Septica/Septica/ViewModels/GameViewModel.swift:110:14: warning: capture of 'self' in a closure that outlives deinit; this is an error in the Swift 6 language mode
        Task { @MainActor in
             ^
/Users/bogdan/work/Septica/Septica/ViewModels/GameViewModel.swift:126:19: warning: 'catch' block is unreachable because no errors are thrown in 'do' block
                } catch {
                  ^
/Users/bogdan/work/Septica/Septica/ViewModels/GameViewModel.swift:148:11: warning: 'catch' block is unreachable because no errors are thrown in 'do' block
        } catch {
          ^
/Users/bogdan/work/Septica/Septica/ViewModels/GameViewModel.swift:371:13: warning: initialization of immutable value 'originalDelay' was never used; consider replacing with assignment to '_' or removing it
        let originalDelay = aiMoveDelay
        ~~~~^~~~~~~~~~~~~
        _

SwiftCompile normal arm64 /Users/bogdan/work/Septica/Septica/ViewModels/GameViewModelAnalyticsIntegration.swift (in target 'Septica' from project 'Septica')
    cd /Users/bogdan/work/Septica
    

SwiftCompile normal arm64 /Users/bogdan/work/Septica/Septica/Views/Achievement/AchievementView.swift (in target 'Septica' from project 'Septica')
    cd /Users/bogdan/work/Septica
    

SwiftCompile normal arm64 /Users/bogdan/work/Septica/Septica/Views/Achievements/AchievementNotificationView.swift (in target 'Septica' from project 'Septica')
    cd /Users/bogdan/work/Septica
    

SwiftCompile normal arm64 Compiling\ AchievementCelebrationManager.swift,\ AchievementDataModels.swift,\ RomanianAchievementSystem.swift,\ RomanianCulturalAchievementManager.swift,\ CardCollectionMasteryEngine.swift,\ CloudKitDataModels.swift,\ CloudKitIntegrationValidator.swift /Users/bogdan/work/Septica/Septica/Services/Achievement/AchievementCelebrationManager.swift /Users/bogdan/work/Septica/Septica/Services/Achievement/AchievementDataModels.swift /Users/bogdan/work/Septica/Septica/Services/Achievement/RomanianAchievementSystem.swift /Users/bogdan/work/Septica/Septica/Services/Achievement/RomanianCulturalAchievementManager.swift /Users/bogdan/work/Septica/Septica/Services/Analytics/CardCollectionMasteryEngine.swift /Users/bogdan/work/Septica/Septica/Services/CloudKit/CloudKitDataModels.swift /Users/bogdan/work/Septica/Septica/Services/CloudKit/CloudKitIntegrationValidator.swift (in target 'Septica' from project 'Septica')

SwiftCompile normal arm64 /Users/bogdan/work/Septica/Septica/Services/Achievement/AchievementCelebrationManager.swift (in target 'Septica' from project 'Septica')
    cd /Users/bogdan/work/Septica
    

SwiftCompile normal arm64 /Users/bogdan/work/Septica/Septica/Services/Achievement/AchievementDataModels.swift (in target 'Septica' from project 'Septica')
    cd /Users/bogdan/work/Septica
    

SwiftCompile normal arm64 /Users/bogdan/work/Septica/Septica/Services/Achievement/RomanianAchievementSystem.swift (in target 'Septica' from project 'Septica')
    cd /Users/bogdan/work/Septica
    

SwiftCompile normal arm64 /Users/bogdan/work/Septica/Septica/Services/Achievement/RomanianCulturalAchievementManager.swift (in target 'Septica' from project 'Septica')
    cd /Users/bogdan/work/Septica
    

SwiftCompile normal arm64 /Users/bogdan/work/Septica/Septica/Services/Analytics/CardCollectionMasteryEngine.swift (in target 'Septica' from project 'Septica')
    cd /Users/bogdan/work/Septica
    

SwiftCompile normal arm64 /Users/bogdan/work/Septica/Septica/Services/CloudKit/CloudKitDataModels.swift (in target 'Septica' from project 'Septica')
    cd /Users/bogdan/work/Septica
    

SwiftCompile normal arm64 /Users/bogdan/work/Septica/Septica/Services/CloudKit/CloudKitIntegrationValidator.swift (in target 'Septica' from project 'Septica')
    cd /Users/bogdan/work/Septica
    
/Users/bogdan/work/Septica/Septica/Services/CloudKit/CloudKitIntegrationValidator.swift:82:17: warning: initialization of immutable value 'isAvailable' was never used; consider replacing with assignment to '_' or removing it
            let isAvailable = cloudKitManager.isAvailable || !cloudKitManager.isAvailable // Always pass this test since we can't control iCloud in simulator
            ~~~~^~~~~~~~~~~
            _
/Users/bogdan/work/Septica/Septica/Services/CloudKit/CloudKitIntegrationValidator.swift:90:11: warning: 'catch' block is unreachable because no errors are thrown in 'do' block
        } catch {
          ^

SwiftCompile normal arm64 Compiling\ OrganizedGameTableView.swift,\ PlayerHandView.swift,\ PremiumCardEffects.swift,\ PremiumGameScreen.swift,\ ProfessionalCard.swift,\ ProfessionalCardView.swift,\ RomanianArenaBackgroundView.swift /Users/bogdan/work/Septica/Septica/Views/Game/OrganizedGameTableView.swift /Users/bogdan/work/Septica/Septica/Views/Game/PlayerHandView.swift /Users/bogdan/work/Septica/Septica/Views/Game/PremiumCardEffects.swift /Users/bogdan/work/Septica/Septica/Views/Game/PremiumGameScreen.swift /Users/bogdan/work/Septica/Septica/Views/Game/ProfessionalCard.swift /Users/bogdan/work/Septica/Septica/Views/Game/ProfessionalCardView.swift /Users/bogdan/work/Septica/Septica/Views/Game/RomanianArenaBackgroundView.swift (in target 'Septica' from project 'Septica')

SwiftCompile normal arm64 /Users/bogdan/work/Septica/Septica/Views/Game/OrganizedGameTableView.swift (in target 'Septica' from project 'Septica')
    cd /Users/bogdan/work/Septica
    

SwiftCompile normal arm64 /Users/bogdan/work/Septica/Septica/Views/Game/PlayerHandView.swift (in target 'Septica' from project 'Septica')
    cd /Users/bogdan/work/Septica
    

SwiftCompile normal arm64 /Users/bogdan/work/Septica/Septica/Views/Game/PremiumCardEffects.swift (in target 'Septica' from project 'Septica')
    cd /Users/bogdan/work/Septica
    

SwiftCompile normal arm64 /Users/bogdan/work/Septica/Septica/Views/Game/PremiumGameScreen.swift (in target 'Septica' from project 'Septica')
    cd /Users/bogdan/work/Septica
    

SwiftCompile normal arm64 /Users/bogdan/work/Septica/Septica/Views/Game/ProfessionalCard.swift (in target 'Septica' from project 'Septica')
    cd /Users/bogdan/work/Septica
    
/Users/bogdan/work/Septica/Septica/Views/Game/ProfessionalCard.swift:123:10: warning: 'onChange(of:perform:)' was deprecated in iOS 17.0: Use `onChange` with a two or zero parameter action closure instead.
        .onChange(of: isSelected) { newValue in
         ^
/Users/bogdan/work/Septica/Septica/Views/Game/ProfessionalCard.swift:126:10: warning: 'onChange(of:perform:)' was deprecated in iOS 17.0: Use `onChange` with a two or zero parameter action closure instead.
        .onChange(of: card.value) { _ in
         ^
/Users/bogdan/work/Septica/Septica/Views/Game/ProfessionalCard.swift:593:11: warning: 'catch' block is unreachable because no errors are thrown in 'do' block
        } catch {
          ^

SwiftCompile normal arm64 /Users/bogdan/work/Septica/Septica/Views/Game/ProfessionalCardView.swift (in target 'Septica' from project 'Septica')
    cd /Users/bogdan/work/Septica
    
/Users/bogdan/work/Septica/Septica/Views/Game/ProfessionalCardView.swift:35:20: warning: immutable value 'renderer' was never used; consider replacing with '_' or removing it
            if let renderer = professionalRenderer, let texture = renderTexture {
               ~~~~^~~~~~~~
               _
/Users/bogdan/work/Septica/Septica/Views/Game/ProfessionalCardView.swift:126:21: warning: no 'async' operations occur within 'await' expression
                try await renderer.renderCardWithAdvancedEffects(
                    ^

SwiftCompile normal arm64 /Users/bogdan/work/Septica/Septica/Views/Game/RomanianArenaBackgroundView.swift (in target 'Septica' from project 'Septica')
    cd /Users/bogdan/work/Septica
    
/Users/bogdan/work/Septica/Septica/Views/Game/RomanianArenaBackgroundView.swift:158:9: warning: default will never be executed
        default:
        ^

SwiftEmitModule normal arm64 Emitting\ module\ for\ Septica (in target 'Septica' from project 'Septica')

EmitSwiftModule normal arm64 (in target 'Septica' from project 'Septica')
    cd /Users/bogdan/work/Septica
    

SwiftCompile normal arm64 Compiling\ MetalPerformanceMonitor.swift,\ PerformanceMonitor.swift,\ PerformanceValidation.swift,\ CardRenderer.swift,\ Advanced3DTransform.swift,\ AdvancedLightingSystem.swift,\ EnhancedMaterialSystem.swift /Users/bogdan/work/Septica/Septica/Performance/MetalPerformanceMonitor.swift /Users/bogdan/work/Septica/Septica/Performance/PerformanceMonitor.swift /Users/bogdan/work/Septica/Septica/Performance/PerformanceValidation.swift /Users/bogdan/work/Septica/Septica/Rendering/Metal/CardRenderer.swift /Users/bogdan/work/Septica/Septica/Rendering/Professional/Advanced3DTransform.swift /Users/bogdan/work/Septica/Septica/Rendering/Professional/AdvancedLightingSystem.swift /Users/bogdan/work/Septica/Septica/Rendering/Professional/EnhancedMaterialSystem.swift (in target 'Septica' from project 'Septica')

SwiftCompile normal arm64 /Users/bogdan/work/Septica/Septica/Performance/MetalPerformanceMonitor.swift (in target 'Septica' from project 'Septica')
    cd /Users/bogdan/work/Septica
    

SwiftCompile normal arm64 /Users/bogdan/work/Septica/Septica/Performance/PerformanceMonitor.swift (in target 'Septica' from project 'Septica')
    cd /Users/bogdan/work/Septica
    
/Users/bogdan/work/Septica/Septica/Performance/PerformanceMonitor.swift:51:14: warning: capture of 'self' in a closure that outlives deinit; this is an error in the Swift 6 language mode
        Task { @MainActor in
             ^
/Users/bogdan/work/Septica/Septica/Performance/PerformanceMonitor.swift:561:68: warning: left side of nil coalescing operator '??' has non-optional type 'UnicodeScalar' (aka 'Unicode.Scalar'), so the right side is never used
            return identifier + String(UnicodeScalar(UInt8(value)) ?? UnicodeScalar(0)!)
                                       ~~~~~~~~~~~~~~~~~~~~~~~~~~~~^~~~~~~~~~~~~~~~~~~~
                                                                  

SwiftCompile normal arm64 /Users/bogdan/work/Septica/Septica/Performance/PerformanceValidation.swift (in target 'Septica' from project 'Septica')
    cd /Users/bogdan/work/Septica
    
/Users/bogdan/work/Septica/Septica/Performance/PerformanceValidation.swift:199:13: warning: initialization of immutable value 'startTime' was never used; consider replacing with assignment to '_' or removing it
        let startTime = CACurrentMediaTime()
        ~~~~^~~~~~~~~
        _
/Users/bogdan/work/Septica/Septica/Performance/PerformanceValidation.swift:203:13: warning: immutable value 'i' was never used; consider replacing with '_' or removing it
        for i in 0..<4 {
            ^
            _
/Users/bogdan/work/Septica/Septica/Performance/PerformanceValidation.swift:205:17: warning: initialization of immutable value 'animationStart' was never used; consider replacing with assignment to '_' or removing it
            let animationStart = CACurrentMediaTime()
            ~~~~^~~~~~~~~~~~~~
            _

SwiftCompile normal arm64 /Users/bogdan/work/Septica/Septica/Rendering/Metal/CardRenderer.swift (in target 'Septica' from project 'Septica')
    cd /Users/bogdan/work/Septica
    
/Users/bogdan/work/Septica/Septica/Rendering/Metal/CardRenderer.swift:227:19: warning: value 'batteryManager' was defined but never used; consider replacing with boolean test
        guard let batteryManager = batteryOptimizationManager else { return }
              ~~~~^~~~~~~~~~~~~~~~~
                                                              != nil
/Users/bogdan/work/Septica/Septica/Rendering/Metal/CardRenderer.swift:247:19: warning: immutable value 'audioLevel' was never used; consider replacing with '_' or removing it
              let audioLevel = userInfo["audioLevel"] as? AudioProcessingLevel else {
              ~~~~^~~~~~~~~~
              _
/Users/bogdan/work/Septica/Septica/Rendering/Metal/CardRenderer.swift:456:41: warning: main actor-isolated property 'activeCards' can not be referenced from a Sendable closure; this is an error in the Swift 6 language mode
            guard var properties = self.activeCards[cardId] else {
                                        ^
/Users/bogdan/work/Septica/Septica/Rendering/Metal/CardRenderer.swift:114:20: note: property declared here
    @Published var activeCards: [UUID: CardVisualProperties] = [:]
                   ^
/Users/bogdan/work/Septica/Septica/Rendering/Metal/CardRenderer.swift:462:18: warning: main actor-isolated property 'activeCards' can not be mutated from a Sendable closure; this is an error in the Swift 6 language mode
            self.activeCards[cardId] = properties
                 ^
/Users/bogdan/work/Septica/Septica/Rendering/Metal/CardRenderer.swift:114:20: note: mutation of this property is only permitted within the actor
    @Published var activeCards: [UUID: CardVisualProperties] = [:]
                   ^

SwiftCompile normal arm64 /Users/bogdan/work/Septica/Septica/Rendering/Professional/Advanced3DTransform.swift (in target 'Septica' from project 'Septica')
    cd /Users/bogdan/work/Septica
    
/Users/bogdan/work/Septica/Septica/Rendering/Professional/Advanced3DTransform.swift:459:13: warning: initialization of immutable value 'celebrationPhase' was never used; consider replacing with assignment to '_' or removing it
        let celebrationPhase = progress * 6 * .pi
        ~~~~^~~~~~~~~~~~~~~~
        _
/Users/bogdan/work/Septica/Septica/Rendering/Professional/Advanced3DTransform.swift:594:27: warning: capture of 'keyPath' with non-sendable type 'ReferenceWritableKeyPath<Advanced3DTransform, T>' in a '@Sendable' closure
            self[keyPath: keyPath] = startValue.interpolate(to: targetValue, progress: easedProgress)
                          ^
Swift.ReferenceWritableKeyPath:1:14: note: generic class 'ReferenceWritableKeyPath' does not conform to the 'Sendable' protocol
public class ReferenceWritableKeyPath<Root, Value> : WritableKeyPath<Root, Value> {
             ^
/Users/bogdan/work/Septica/Septica/Rendering/Professional/Advanced3DTransform.swift:594:17: warning: capture of non-sendable type 'T.Type' in an isolated closure
            self[keyPath: keyPath] = startValue.interpolate(to: targetValue, progress: easedProgress)
                ^
/Users/bogdan/work/Septica/Septica/Rendering/Professional/Advanced3DTransform.swift:580:39: warning: capture of non-sendable type 'T.Type' in an isolated closure
    private func animateProperty<T>(_ keyPath: ReferenceWritableKeyPath<Advanced3DTransform, T>, to targetValue: T, duration: TimeInterval) where T: Interpolatable {
                                      ^

SwiftCompile normal arm64 /Users/bogdan/work/Septica/Septica/Rendering/Professional/AdvancedLightingSystem.swift (in target 'Septica' from project 'Septica')
    cd /Users/bogdan/work/Septica
    

SwiftCompile normal arm64 /Users/bogdan/work/Septica/Septica/Rendering/Professional/EnhancedMaterialSystem.swift (in target 'Septica' from project 'Septica')
    cd /Users/bogdan/work/Septica
    

SwiftDriverJobDiscovery normal arm64 Compiling RenderingSettingsView.swift, AppDelegate.swift, GameViewController.swift, Renderer.swift, SepticaGameViewController.swift, GeneratedAssetSymbols.swift (in target 'Septica' from project 'Septica')

SwiftDriverJobDiscovery normal arm64 Compiling Card.swift, Deck.swift, GameRules.swift, GameState.swift, Player.swift, CulturalTypes.swift, BatteryOptimizationManager.swift (in target 'Septica' from project 'Septica')

SwiftDriverJobDiscovery normal arm64 Compiling SepticaCloudKitManager.swift, RomanianTraditionalAI.swift, GameController.swift, SepticaErrorHandling.swift, ContentRatingManager.swift, PrivacyPolicyManager.swift, TermsOfServiceManager.swift (in target 'Septica' from project 'Septica')

SwiftDriverJobDiscovery normal arm64 Compiling DropZoneView.swift, RomanianCharacterAvatarView.swift, RomanianCharacterReactionOverlay.swift, RomanianCharacterSelectionView.swift, RomanianCharacterSystem.swift, RomanianColors.swift, RomanianGameZoneFrames.swift (in target 'Septica' from project 'Septica')

SwiftDriverJobDiscovery normal arm64 Compiling AccessibilityManager.swift, AnimationManager.swift, AudioManager.swift, ErrorManager.swift, HapticManager.swift, ManagerCoordinator.swift, NavigationManager.swift (in target 'Septica' from project 'Septica')

SwiftDriverJobDiscovery normal arm64 Emitting module for Septica (in target 'Septica' from project 'Septica')

SwiftDriver\ Compilation\ Requirements Septica normal arm64 com.apple.xcode.tools.swift.compiler (in target 'Septica' from project 'Septica')
    cd /Users/bogdan/work/Septica
    builtin-Swift-Compilation-Requirements -- /Applications/Xcode-beta.app/Contents/Developer/Toolchains/XcodeDefault.xctoolchain/usr/bin/swiftc -module-name Septica -Onone -enforce-exclusivity\=checked @/Users/bogdan/Library/Developer/Xcode/DerivedData/Septica-bhxnubcmusynzbbkytwvuelspvfa/Build/Intermediates.noindex/Septica.build/Debug-iphonesimulator/Septica.build/Objects-normal/arm64/Septica.SwiftFileList -DDEBUG -default-isolation\=MainActor -enable-bare-slash-regex -enable-upcoming-feature MemberImportVisibility -enable-experimental-feature DebugDescriptionMacro -sdk /Applications/Xcode-beta.app/Contents/Developer/Platforms/iPhoneSimulator.platform/Developer/SDKs/iPhoneSimulator26.0.sdk -target arm64-apple-ios18.0-simulator -g -module-cache-path /Users/bogdan/Library/Developer/Xcode/DerivedData/ModuleCache.noindex -Xfrontend -serialize-debugging-options -profile-coverage-mapping -profile-generate -enable-testing -index-store-path /Users/bogdan/Library/Developer/Xcode/DerivedData/Septica-bhxnubcmusynzbbkytwvuelspvfa/Index.noindex/DataStore -swift-version 5 -I /Users/bogdan/Library/Developer/Xcode/DerivedData/Septica-bhxnubcmusynzbbkytwvuelspvfa/Build/Products/Debug-iphonesimulator -F /Users/bogdan/Library/Developer/Xcode/DerivedData/Septica-bhxnubcmusynzbbkytwvuelspvfa/Build/Products/Debug-iphonesimulator -emit-localized-strings -emit-localized-strings-path /Users/bogdan/Library/Developer/Xcode/DerivedData/Septica-bhxnubcmusynzbbkytwvuelspvfa/Build/Intermediates.noindex/Septica.build/Debug-iphonesimulator/Septica.build/Objects-normal/arm64 -c -j16 -enable-batch-mode -incremental -Xcc -ivfsstatcache -Xcc /Users/bogdan/Library/Developer/Xcode/DerivedData/SDKStatCaches.noindex/iphonesimulator26.0-23A5260k-63e97e272b91c62c6d972b68babfa6b4fc862078e33f881139a9d2f83bd1a9d0.sdkstatcache -output-file-map /Users/bogdan/Library/Developer/Xcode/DerivedData/Septica-bhxnubcmusynzbbkytwvuelspvfa/Build/Intermediates.noindex/Septica.build/Debug-iphonesimulator/Septica.build/Objects-normal/arm64/Septica-OutputFileMap.json -use-frontend-parseable-output -save-temps -no-color-diagnostics -explicit-module-build -module-cache-path /Users/bogdan/Library/Developer/Xcode/DerivedData/Septica-bhxnubcmusynzbbkytwvuelspvfa/Build/Intermediates.noindex/SwiftExplicitPrecompiledModules -clang-scanner-module-cache-path /Users/bogdan/Library/Developer/Xcode/DerivedData/ModuleCache.noindex -sdk-module-cache-path /Users/bogdan/Library/Developer/Xcode/DerivedData/ModuleCache.noindex -serialize-diagnostics -emit-dependencies -emit-module -emit-module-path /Users/bogdan/Library/Developer/Xcode/DerivedData/Septica-bhxnubcmusynzbbkytwvuelspvfa/Build/Intermediates.noindex/Septica.build/Debug-iphonesimulator/Septica.build/Objects-normal/arm64/Septica.swiftmodule -validate-clang-modules-once -clang-build-session-file /Users/bogdan/Library/Developer/Xcode/DerivedData/ModuleCache.noindex/Session.modulevalidation -Xcc -I/Users/bogdan/Library/Developer/Xcode/DerivedData/Septica-bhxnubcmusynzbbkytwvuelspvfa/Build/Intermediates.noindex/Septica.build/Debug-iphonesimulator/Septica.build/swift-overrides.hmap -emit-const-values -Xfrontend -const-gather-protocols-file -Xfrontend /Users/bogdan/Library/Developer/Xcode/DerivedData/Septica-bhxnubcmusynzbbkytwvuelspvfa/Build/Intermediates.noindex/Septica.build/Debug-iphonesimulator/Septica.build/Objects-normal/arm64/Septica_const_extract_protocols.json -Xcc -iquote -Xcc /Users/bogdan/Library/Developer/Xcode/DerivedData/Septica-bhxnubcmusynzbbkytwvuelspvfa/Build/Intermediates.noindex/Septica.build/Debug-iphonesimulator/Septica.build/Septica-generated-files.hmap -Xcc -I/Users/bogdan/Library/Developer/Xcode/DerivedData/Septica-bhxnubcmusynzbbkytwvuelspvfa/Build/Intermediates.noindex/Septica.build/Debug-iphonesimulator/Septica.build/Septica-own-target-headers.hmap -Xcc -I/Users/bogdan/Library/Developer/Xcode/DerivedData/Septica-bhxnubcmusynzbbkytwvuelspvfa/Build/Intermediates.noindex/Septica.build/Debug-iphonesimulator/Septica.build/Septica-all-target-headers.hmap -Xcc -iquote -Xcc /Users/bogdan/Library/Developer/Xcode/DerivedData/Septica-bhxnubcmusynzbbkytwvuelspvfa/Build/Intermediates.noindex/Septica.build/Debug-iphonesimulator/Septica.build/Septica-project-headers.hmap -Xcc -I/Users/bogdan/Library/Developer/Xcode/DerivedData/Septica-bhxnubcmusynzbbkytwvuelspvfa/Build/Products/Debug-iphonesimulator/include -Xcc -I/Users/bogdan/Library/Developer/Xcode/DerivedData/Septica-bhxnubcmusynzbbkytwvuelspvfa/Build/Intermediates.noindex/Septica.build/Debug-iphonesimulator/Septica.build/DerivedSources-normal/arm64 -Xcc -I/Users/bogdan/Library/Developer/Xcode/DerivedData/Septica-bhxnubcmusynzbbkytwvuelspvfa/Build/Intermediates.noindex/Septica.build/Debug-iphonesimulator/Septica.build/DerivedSources/arm64 -Xcc -I/Users/bogdan/Library/Developer/Xcode/DerivedData/Septica-bhxnubcmusynzbbkytwvuelspvfa/Build/Intermediates.noindex/Septica.build/Debug-iphonesimulator/Septica.build/DerivedSources -Xcc -DDEBUG\=1 -emit-objc-header -emit-objc-header-path /Users/bogdan/Library/Developer/Xcode/DerivedData/Septica-bhxnubcmusynzbbkytwvuelspvfa/Build/Intermediates.noindex/Septica.build/Debug-iphonesimulator/Septica.build/Objects-normal/arm64/Septica-Swift.h -import-objc-header /Users/bogdan/work/Septica/Septica/ShaderTypes.h -working-directory /Users/bogdan/work/Septica -experimental-emit-module-separately -disable-cmo

Copy /Users/bogdan/Library/Developer/Xcode/DerivedData/Septica-bhxnubcmusynzbbkytwvuelspvfa/Build/Products/Debug-iphonesimulator/Septica.swiftmodule/arm64-apple-ios-simulator.swiftmodule /Users/bogdan/Library/Developer/Xcode/DerivedData/Septica-bhxnubcmusynzbbkytwvuelspvfa/Build/Intermediates.noindex/Septica.build/Debug-iphonesimulator/Septica.build/Objects-normal/arm64/Septica.swiftmodule (in target 'Septica' from project 'Septica')
    cd /Users/bogdan/work/Septica
    builtin-copy -exclude .DS_Store -exclude CVS -exclude .svn -exclude .git -exclude .hg -resolve-src-symlinks -rename /Users/bogdan/Library/Developer/Xcode/DerivedData/Septica-bhxnubcmusynzbbkytwvuelspvfa/Build/Intermediates.noindex/Septica.build/Debug-iphonesimulator/Septica.build/Objects-normal/arm64/Septica.swiftmodule /Users/bogdan/Library/Developer/Xcode/DerivedData/Septica-bhxnubcmusynzbbkytwvuelspvfa/Build/Products/Debug-iphonesimulator/Septica.swiftmodule/arm64-apple-ios-simulator.swiftmodule

Copy /Users/bogdan/Library/Developer/Xcode/DerivedData/Septica-bhxnubcmusynzbbkytwvuelspvfa/Build/Products/Debug-iphonesimulator/Septica.swiftmodule/arm64-apple-ios-simulator.swiftdoc /Users/bogdan/Library/Developer/Xcode/DerivedData/Septica-bhxnubcmusynzbbkytwvuelspvfa/Build/Intermediates.noindex/Septica.build/Debug-iphonesimulator/Septica.build/Objects-normal/arm64/Septica.swiftdoc (in target 'Septica' from project 'Septica')
    cd /Users/bogdan/work/Septica
    builtin-copy -exclude .DS_Store -exclude CVS -exclude .svn -exclude .git -exclude .hg -resolve-src-symlinks -rename /Users/bogdan/Library/Developer/Xcode/DerivedData/Septica-bhxnubcmusynzbbkytwvuelspvfa/Build/Intermediates.noindex/Septica.build/Debug-iphonesimulator/Septica.build/Objects-normal/arm64/Septica.swiftdoc /Users/bogdan/Library/Developer/Xcode/DerivedData/Septica-bhxnubcmusynzbbkytwvuelspvfa/Build/Products/Debug-iphonesimulator/Septica.swiftmodule/arm64-apple-ios-simulator.swiftdoc

Copy /Users/bogdan/Library/Developer/Xcode/DerivedData/Septica-bhxnubcmusynzbbkytwvuelspvfa/Build/Products/Debug-iphonesimulator/Septica.swiftmodule/arm64-apple-ios-simulator.abi.json /Users/bogdan/Library/Developer/Xcode/DerivedData/Septica-bhxnubcmusynzbbkytwvuelspvfa/Build/Intermediates.noindex/Septica.build/Debug-iphonesimulator/Septica.build/Objects-normal/arm64/Septica.abi.json (in target 'Septica' from project 'Septica')
    cd /Users/bogdan/work/Septica
    builtin-copy -exclude .DS_Store -exclude CVS -exclude .svn -exclude .git -exclude .hg -resolve-src-symlinks -rename /Users/bogdan/Library/Developer/Xcode/DerivedData/Septica-bhxnubcmusynzbbkytwvuelspvfa/Build/Intermediates.noindex/Septica.build/Debug-iphonesimulator/Septica.build/Objects-normal/arm64/Septica.abi.json /Users/bogdan/Library/Developer/Xcode/DerivedData/Septica-bhxnubcmusynzbbkytwvuelspvfa/Build/Products/Debug-iphonesimulator/Septica.swiftmodule/arm64-apple-ios-simulator.abi.json

Copy /Users/bogdan/Library/Developer/Xcode/DerivedData/Septica-bhxnubcmusynzbbkytwvuelspvfa/Build/Products/Debug-iphonesimulator/Septica.swiftmodule/Project/arm64-apple-ios-simulator.swiftsourceinfo /Users/bogdan/Library/Developer/Xcode/DerivedData/Septica-bhxnubcmusynzbbkytwvuelspvfa/Build/Intermediates.noindex/Septica.build/Debug-iphonesimulator/Septica.build/Objects-normal/arm64/Septica.swiftsourceinfo (in target 'Septica' from project 'Septica')
    cd /Users/bogdan/work/Septica
    builtin-copy -exclude .DS_Store -exclude CVS -exclude .svn -exclude .git -exclude .hg -resolve-src-symlinks -rename /Users/bogdan/Library/Developer/Xcode/DerivedData/Septica-bhxnubcmusynzbbkytwvuelspvfa/Build/Intermediates.noindex/Septica.build/Debug-iphonesimulator/Septica.build/Objects-normal/arm64/Septica.swiftsourceinfo /Users/bogdan/Library/Developer/Xcode/DerivedData/Septica-bhxnubcmusynzbbkytwvuelspvfa/Build/Products/Debug-iphonesimulator/Septica.swiftmodule/Project/arm64-apple-ios-simulator.swiftsourceinfo

SwiftDriverJobDiscovery normal arm64 Compiling CloudKitRomanianModels.swift, CloudKitSharedTypes.swift, CloudKitSyncEngine.swift, CulturalAchievementSystem.swift, EnhancedCloudKitIntegrationService.swift, FluidCardInteractionSync.swift, FluidCardInteractionVisuals.swift (in target 'Septica' from project 'Septica')

SwiftDriverJobDiscovery normal arm64 Compiling OfflineSyncQueue.swift, PlayerProfileService.swift, RewardChestService.swift, RomanianStrategyAnalyzer.swift, RomanianCulturalContentLibrary.swift, RomanianDialogueSystem.swift, GameEndCelebrationSystem.swift (in target 'Septica' from project 'Septica')

SwiftDriverJobDiscovery normal arm64 Compiling GeometryCache.swift, LightingEnvironment.swift, MaterialEffect.swift, ProfessionalCardRenderer.swift, ProfessionalRenderingSupport.swift, TextureCache.swift, RendererExtensions.swift (in target 'Septica' from project 'Septica')

SwiftDriverJobDiscovery normal arm64 Compiling AchievementCelebrationManager.swift, AchievementDataModels.swift, RomanianAchievementSystem.swift, RomanianCulturalAchievementManager.swift, CardCollectionMasteryEngine.swift, CloudKitDataModels.swift, CloudKitIntegrationValidator.swift (in target 'Septica' from project 'Septica')

SwiftDriverJobDiscovery normal arm64 Compiling GameResultsView.swift, GameSetupView.swift, MainMenuView.swift, RulesView.swift, SettingsView.swift, StatisticsView.swift (in target 'Septica' from project 'Septica')

SwiftDriverJobDiscovery normal arm64 Compiling RomanianCulturalIntelligence.swift, RomanianTournamentManager.swift, TournamentDataModels.swift, GameViewModel.swift, GameViewModelAnalyticsIntegration.swift, AchievementView.swift, AchievementNotificationView.swift (in target 'Septica' from project 'Septica')

SwiftDriverJobDiscovery normal arm64 Compiling MetalPerformanceMonitor.swift, PerformanceMonitor.swift, PerformanceValidation.swift, CardRenderer.swift, Advanced3DTransform.swift, AdvancedLightingSystem.swift, EnhancedMaterialSystem.swift (in target 'Septica' from project 'Septica')

SwiftDriverJobDiscovery normal arm64 Compiling OrganizedGameTableView.swift, PlayerHandView.swift, PremiumCardEffects.swift, PremiumGameScreen.swift, ProfessionalCard.swift, ProfessionalCardView.swift, RomanianArenaBackgroundView.swift (in target 'Septica' from project 'Septica')

SwiftDriverJobDiscovery normal arm64 Compiling ShuffleCatsQualityEnhancements.swift, CardView.swift, GameBoardView.swift, GameResultView.swift, GameStatusView.swift, GameTableView.swift, OpponentHandView.swift (in target 'Septica' from project 'Septica')

SwiftDriverJobDiscovery normal arm64 Compiling RomanianOrnatePatternSystem.swift, RomanianPlayerAvatarView.swift, ShuffleCatsStyleDragSystem.swift, RomanianPatternIntegration.swift, AdvancedEffectsIntegration.swift, AdvancedVisualEffectsIntegration.swift, CardVisualEffectsSystem.swift (in target 'Septica' from project 'Septica')

SwiftDriverJobDiscovery normal arm64 Compiling RomanianCulturalPatternView.swift, ShuffleCatsGameScreenExtensions.swift, ShuffleCatsInspiredGameScreen.swift, SpecialCardEffects.swift, WorkingGameScreen.swift, PrivacyPolicyView.swift (in target 'Septica' from project 'Septica')

SwiftDriver\ Compilation Septica normal arm64 com.apple.xcode.tools.swift.compiler (in target 'Septica' from project 'Septica')
    cd /Users/bogdan/work/Septica
    builtin-Swift-Compilation -- /Applications/Xcode-beta.app/Contents/Developer/Toolchains/XcodeDefault.xctoolchain/usr/bin/swiftc -module-name Septica -Onone -enforce-exclusivity\=checked @/Users/bogdan/Library/Developer/Xcode/DerivedData/Septica-bhxnubcmusynzbbkytwvuelspvfa/Build/Intermediates.noindex/Septica.build/Debug-iphonesimulator/Septica.build/Objects-normal/arm64/Septica.SwiftFileList -DDEBUG -default-isolation\=MainActor -enable-bare-slash-regex -enable-upcoming-feature MemberImportVisibility -enable-experimental-feature DebugDescriptionMacro -sdk /Applications/Xcode-beta.app/Contents/Developer/Platforms/iPhoneSimulator.platform/Developer/SDKs/iPhoneSimulator26.0.sdk -target arm64-apple-ios18.0-simulator -g -module-cache-path /Users/bogdan/Library/Developer/Xcode/DerivedData/ModuleCache.noindex -Xfrontend -serialize-debugging-options -profile-coverage-mapping -profile-generate -enable-testing -index-store-path /Users/bogdan/Library/Developer/Xcode/DerivedData/Septica-bhxnubcmusynzbbkytwvuelspvfa/Index.noindex/DataStore -swift-version 5 -I /Users/bogdan/Library/Developer/Xcode/DerivedData/Septica-bhxnubcmusynzbbkytwvuelspvfa/Build/Products/Debug-iphonesimulator -F /Users/bogdan/Library/Developer/Xcode/DerivedData/Septica-bhxnubcmusynzbbkytwvuelspvfa/Build/Products/Debug-iphonesimulator -emit-localized-strings -emit-localized-strings-path /Users/bogdan/Library/Developer/Xcode/DerivedData/Septica-bhxnubcmusynzbbkytwvuelspvfa/Build/Intermediates.noindex/Septica.build/Debug-iphonesimulator/Septica.build/Objects-normal/arm64 -c -j16 -enable-batch-mode -incremental -Xcc -ivfsstatcache -Xcc /Users/bogdan/Library/Developer/Xcode/DerivedData/SDKStatCaches.noindex/iphonesimulator26.0-23A5260k-63e97e272b91c62c6d972b68babfa6b4fc862078e33f881139a9d2f83bd1a9d0.sdkstatcache -output-file-map /Users/bogdan/Library/Developer/Xcode/DerivedData/Septica-bhxnubcmusynzbbkytwvuelspvfa/Build/Intermediates.noindex/Septica.build/Debug-iphonesimulator/Septica.build/Objects-normal/arm64/Septica-OutputFileMap.json -use-frontend-parseable-output -save-temps -no-color-diagnostics -explicit-module-build -module-cache-path /Users/bogdan/Library/Developer/Xcode/DerivedData/Septica-bhxnubcmusynzbbkytwvuelspvfa/Build/Intermediates.noindex/SwiftExplicitPrecompiledModules -clang-scanner-module-cache-path /Users/bogdan/Library/Developer/Xcode/DerivedData/ModuleCache.noindex -sdk-module-cache-path /Users/bogdan/Library/Developer/Xcode/DerivedData/ModuleCache.noindex -serialize-diagnostics -emit-dependencies -emit-module -emit-module-path /Users/bogdan/Library/Developer/Xcode/DerivedData/Septica-bhxnubcmusynzbbkytwvuelspvfa/Build/Intermediates.noindex/Septica.build/Debug-iphonesimulator/Septica.build/Objects-normal/arm64/Septica.swiftmodule -validate-clang-modules-once -clang-build-session-file /Users/bogdan/Library/Developer/Xcode/DerivedData/ModuleCache.noindex/Session.modulevalidation -Xcc -I/Users/bogdan/Library/Developer/Xcode/DerivedData/Septica-bhxnubcmusynzbbkytwvuelspvfa/Build/Intermediates.noindex/Septica.build/Debug-iphonesimulator/Septica.build/swift-overrides.hmap -emit-const-values -Xfrontend -const-gather-protocols-file -Xfrontend /Users/bogdan/Library/Developer/Xcode/DerivedData/Septica-bhxnubcmusynzbbkytwvuelspvfa/Build/Intermediates.noindex/Septica.build/Debug-iphonesimulator/Septica.build/Objects-normal/arm64/Septica_const_extract_protocols.json -Xcc -iquote -Xcc /Users/bogdan/Library/Developer/Xcode/DerivedData/Septica-bhxnubcmusynzbbkytwvuelspvfa/Build/Intermediates.noindex/Septica.build/Debug-iphonesimulator/Septica.build/Septica-generated-files.hmap -Xcc -I/Users/bogdan/Library/Developer/Xcode/DerivedData/Septica-bhxnubcmusynzbbkytwvuelspvfa/Build/Intermediates.noindex/Septica.build/Debug-iphonesimulator/Septica.build/Septica-own-target-headers.hmap -Xcc -I/Users/bogdan/Library/Developer/Xcode/DerivedData/Septica-bhxnubcmusynzbbkytwvuelspvfa/Build/Intermediates.noindex/Septica.build/Debug-iphonesimulator/Septica.build/Septica-all-target-headers.hmap -Xcc -iquote -Xcc /Users/bogdan/Library/Developer/Xcode/DerivedData/Septica-bhxnubcmusynzbbkytwvuelspvfa/Build/Intermediates.noindex/Septica.build/Debug-iphonesimulator/Septica.build/Septica-project-headers.hmap -Xcc -I/Users/bogdan/Library/Developer/Xcode/DerivedData/Septica-bhxnubcmusynzbbkytwvuelspvfa/Build/Products/Debug-iphonesimulator/include -Xcc -I/Users/bogdan/Library/Developer/Xcode/DerivedData/Septica-bhxnubcmusynzbbkytwvuelspvfa/Build/Intermediates.noindex/Septica.build/Debug-iphonesimulator/Septica.build/DerivedSources-normal/arm64 -Xcc -I/Users/bogdan/Library/Developer/Xcode/DerivedData/Septica-bhxnubcmusynzbbkytwvuelspvfa/Build/Intermediates.noindex/Septica.build/Debug-iphonesimulator/Septica.build/DerivedSources/arm64 -Xcc -I/Users/bogdan/Library/Developer/Xcode/DerivedData/Septica-bhxnubcmusynzbbkytwvuelspvfa/Build/Intermediates.noindex/Septica.build/Debug-iphonesimulator/Septica.build/DerivedSources -Xcc -DDEBUG\=1 -emit-objc-header -emit-objc-header-path /Users/bogdan/Library/Developer/Xcode/DerivedData/Septica-bhxnubcmusynzbbkytwvuelspvfa/Build/Intermediates.noindex/Septica.build/Debug-iphonesimulator/Septica.build/Objects-normal/arm64/Septica-Swift.h -import-objc-header /Users/bogdan/work/Septica/Septica/ShaderTypes.h -working-directory /Users/bogdan/work/Septica -experimental-emit-module-separately -disable-cmo

Ld /Users/bogdan/Library/Developer/Xcode/DerivedData/Septica-bhxnubcmusynzbbkytwvuelspvfa/Build/Products/Debug-iphonesimulator/Septica.app/Septica.debug.dylib normal (in target 'Septica' from project 'Septica')
    cd /Users/bogdan/work/Septica
    /Applications/Xcode-beta.app/Contents/Developer/Toolchains/XcodeDefault.xctoolchain/usr/bin/clang -Xlinker -reproducible -target arm64-apple-ios18.0-simulator -dynamiclib -isysroot /Applications/Xcode-beta.app/Contents/Developer/Platforms/iPhoneSimulator.platform/Developer/SDKs/iPhoneSimulator26.0.sdk -O0 -L/Users/bogdan/Library/Developer/Xcode/DerivedData/Septica-bhxnubcmusynzbbkytwvuelspvfa/Build/Intermediates.noindex/EagerLinkingTBDs/Debug-iphonesimulator -L/Users/bogdan/Library/Developer/Xcode/DerivedData/Septica-bhxnubcmusynzbbkytwvuelspvfa/Build/Products/Debug-iphonesimulator -F/Users/bogdan/Library/Developer/Xcode/DerivedData/Septica-bhxnubcmusynzbbkytwvuelspvfa/Build/Intermediates.noindex/EagerLinkingTBDs/Debug-iphonesimulator -F/Users/bogdan/Library/Developer/Xcode/DerivedData/Septica-bhxnubcmusynzbbkytwvuelspvfa/Build/Products/Debug-iphonesimulator -filelist /Users/bogdan/Library/Developer/Xcode/DerivedData/Septica-bhxnubcmusynzbbkytwvuelspvfa/Build/Intermediates.noindex/Septica.build/Debug-iphonesimulator/Septica.build/Objects-normal/arm64/Septica.LinkFileList -install_name @rpath/Septica.debug.dylib -Xlinker -rpath -Xlinker @executable_path/Frameworks -dead_strip -Xlinker -object_path_lto -Xlinker /Users/bogdan/Library/Developer/Xcode/DerivedData/Septica-bhxnubcmusynzbbkytwvuelspvfa/Build/Intermediates.noindex/Septica.build/Debug-iphonesimulator/Septica.build/Objects-normal/arm64/Septica_lto.o -rdynamic -Xlinker -no_deduplicate -Xlinker -objc_abi_version -Xlinker 2 -Xlinker -debug_variant -Xlinker -dependency_info -Xlinker /Users/bogdan/Library/Developer/Xcode/DerivedData/Septica-bhxnubcmusynzbbkytwvuelspvfa/Build/Intermediates.noindex/Septica.build/Debug-iphonesimulator/Septica.build/Objects-normal/arm64/Septica_dependency_info.dat -fobjc-link-runtime -fprofile-instr-generate -L/Applications/Xcode-beta.app/Contents/Developer/Toolchains/XcodeDefault.xctoolchain/usr/lib/swift/iphonesimulator -L/usr/lib/swift -Xlinker -add_ast_path -Xlinker /Users/bogdan/Library/Developer/Xcode/DerivedData/Septica-bhxnubcmusynzbbkytwvuelspvfa/Build/Intermediates.noindex/Septica.build/Debug-iphonesimulator/Septica.build/Objects-normal/arm64/Septica.swiftmodule @/Users/bogdan/Library/Developer/Xcode/DerivedData/Septica-bhxnubcmusynzbbkytwvuelspvfa/Build/Intermediates.noindex/Septica.build/Debug-iphonesimulator/Septica.build/Objects-normal/arm64/Septica-linker-args.resp -Xlinker -alias -Xlinker _main -Xlinker ___debug_main_executable_dylib_entry_point -Xlinker -no_adhoc_codesign -o /Users/bogdan/Library/Developer/Xcode/DerivedData/Septica-bhxnubcmusynzbbkytwvuelspvfa/Build/Products/Debug-iphonesimulator/Septica.app/Septica.debug.dylib

ConstructStubExecutorLinkFileList /Users/bogdan/Library/Developer/Xcode/DerivedData/Septica-bhxnubcmusynzbbkytwvuelspvfa/Build/Intermediates.noindex/Septica.build/Debug-iphonesimulator/Septica.build/Septica-ExecutorLinkFileList-normal-arm64.txt (in target 'Septica' from project 'Septica')
    cd /Users/bogdan/work/Septica
    construct-stub-executor-link-file-list /Users/bogdan/Library/Developer/Xcode/DerivedData/Septica-bhxnubcmusynzbbkytwvuelspvfa/Build/Products/Debug-iphonesimulator/Septica.app/Septica.debug.dylib /Applications/Xcode-beta.app/Contents/Developer/Platforms/iPhoneSimulator.platform/Developer/usr/lib/libPreviewsJITStubExecutor_no_swift_entry_point.a /Applications/Xcode-beta.app/Contents/Developer/Platforms/iPhoneSimulator.platform/Developer/usr/lib/libPreviewsJITStubExecutor.a --output /Users/bogdan/Library/Developer/Xcode/DerivedData/Septica-bhxnubcmusynzbbkytwvuelspvfa/Build/Intermediates.noindex/Septica.build/Debug-iphonesimulator/Septica.build/Septica-ExecutorLinkFileList-normal-arm64.txt
note: Using stub executor library with Swift entry point. (in target 'Septica' from project 'Septica')

Ld /Users/bogdan/Library/Developer/Xcode/DerivedData/Septica-bhxnubcmusynzbbkytwvuelspvfa/Build/Products/Debug-iphonesimulator/Septica.app/Septica normal (in target 'Septica' from project 'Septica')
    cd /Users/bogdan/work/Septica
    /Applications/Xcode-beta.app/Contents/Developer/Toolchains/XcodeDefault.xctoolchain/usr/bin/clang -Xlinker -reproducible -target arm64-apple-ios18.0-simulator -isysroot /Applications/Xcode-beta.app/Contents/Developer/Platforms/iPhoneSimulator.platform/Developer/SDKs/iPhoneSimulator26.0.sdk -O0 -L/Users/bogdan/Library/Developer/Xcode/DerivedData/Septica-bhxnubcmusynzbbkytwvuelspvfa/Build/Products/Debug-iphonesimulator -F/Users/bogdan/Library/Developer/Xcode/DerivedData/Septica-bhxnubcmusynzbbkytwvuelspvfa/Build/Products/Debug-iphonesimulator -Xlinker -rpath -Xlinker @executable_path -Xlinker -rpath -Xlinker @executable_path/Frameworks -rdynamic -Xlinker -no_deduplicate -Xlinker -objc_abi_version -Xlinker 2 -Xlinker -debug_variant -e ___debug_blank_executor_main -Xlinker -sectcreate -Xlinker __TEXT -Xlinker __debug_dylib -Xlinker /Users/bogdan/Library/Developer/Xcode/DerivedData/Septica-bhxnubcmusynzbbkytwvuelspvfa/Build/Intermediates.noindex/Septica.build/Debug-iphonesimulator/Septica.build/Septica-DebugDylibPath-normal-arm64.txt -Xlinker -sectcreate -Xlinker __TEXT -Xlinker __debug_instlnm -Xlinker /Users/bogdan/Library/Developer/Xcode/DerivedData/Septica-bhxnubcmusynzbbkytwvuelspvfa/Build/Intermediates.noindex/Septica.build/Debug-iphonesimulator/Septica.build/Septica-DebugDylibInstallName-normal-arm64.txt -Xlinker -filelist -Xlinker /Users/bogdan/Library/Developer/Xcode/DerivedData/Septica-bhxnubcmusynzbbkytwvuelspvfa/Build/Intermediates.noindex/Septica.build/Debug-iphonesimulator/Septica.build/Septica-ExecutorLinkFileList-normal-arm64.txt -Xlinker -sectcreate -Xlinker __TEXT -Xlinker __entitlements -Xlinker /Users/bogdan/Library/Developer/Xcode/DerivedData/Septica-bhxnubcmusynzbbkytwvuelspvfa/Build/Intermediates.noindex/Septica.build/Debug-iphonesimulator/Septica.build/Septica.app-Simulated.xcent -Xlinker -sectcreate -Xlinker __TEXT -Xlinker __ents_der -Xlinker /Users/bogdan/Library/Developer/Xcode/DerivedData/Septica-bhxnubcmusynzbbkytwvuelspvfa/Build/Intermediates.noindex/Septica.build/Debug-iphonesimulator/Septica.build/Septica.app-Simulated.xcent.der /Users/bogdan/Library/Developer/Xcode/DerivedData/Septica-bhxnubcmusynzbbkytwvuelspvfa/Build/Products/Debug-iphonesimulator/Septica.app/Septica.debug.dylib -Xlinker -no_adhoc_codesign -o /Users/bogdan/Library/Developer/Xcode/DerivedData/Septica-bhxnubcmusynzbbkytwvuelspvfa/Build/Products/Debug-iphonesimulator/Septica.app/Septica

CopySwiftLibs /Users/bogdan/Library/Developer/Xcode/DerivedData/Septica-bhxnubcmusynzbbkytwvuelspvfa/Build/Products/Debug-iphonesimulator/Septica.app (in target 'Septica' from project 'Septica')
    cd /Users/bogdan/work/Septica
    builtin-swiftStdLibTool --copy --verbose --sign - --scan-executable /Users/bogdan/Library/Developer/Xcode/DerivedData/Septica-bhxnubcmusynzbbkytwvuelspvfa/Build/Products/Debug-iphonesimulator/Septica.app/Septica.debug.dylib --scan-folder /Users/bogdan/Library/Developer/Xcode/DerivedData/Septica-bhxnubcmusynzbbkytwvuelspvfa/Build/Products/Debug-iphonesimulator/Septica.app/Frameworks --scan-folder /Users/bogdan/Library/Developer/Xcode/DerivedData/Septica-bhxnubcmusynzbbkytwvuelspvfa/Build/Products/Debug-iphonesimulator/Septica.app/PlugIns --scan-folder /Users/bogdan/Library/Developer/Xcode/DerivedData/Septica-bhxnubcmusynzbbkytwvuelspvfa/Build/Products/Debug-iphonesimulator/Septica.app/SystemExtensions --scan-folder /Users/bogdan/Library/Developer/Xcode/DerivedData/Septica-bhxnubcmusynzbbkytwvuelspvfa/Build/Products/Debug-iphonesimulator/Septica.app/Extensions --platform iphonesimulator --toolchain /Users/bogdan/Library/Developer/Toolchains/Metal.xctoolchain --toolchain /Users/bogdan/Library/Developer/Toolchains/Metal.xctoolchain --toolchain /Applications/Xcode-beta.app/Contents/Developer/Toolchains/XcodeDefault.xctoolchain --destination /Users/bogdan/Library/Developer/Xcode/DerivedData/Septica-bhxnubcmusynzbbkytwvuelspvfa/Build/Products/Debug-iphonesimulator/Septica.app/Frameworks --strip-bitcode --strip-bitcode-tool /Applications/Xcode-beta.app/Contents/Developer/Toolchains/XcodeDefault.xctoolchain/usr/bin/bitcode_strip --emit-dependency-info /Users/bogdan/Library/Developer/Xcode/DerivedData/Septica-bhxnubcmusynzbbkytwvuelspvfa/Build/Intermediates.noindex/Septica.build/Debug-iphonesimulator/Septica.build/SwiftStdLibToolInputDependencies.dep --filter-for-swift-os

ExtractAppIntentsMetadata (in target 'Septica' from project 'Septica')
    cd /Users/bogdan/work/Septica
    /Applications/Xcode-beta.app/Contents/Developer/Toolchains/XcodeDefault.xctoolchain/usr/bin/appintentsmetadataprocessor --toolchain-dir /Users/bogdan/Library/Developer/Toolchains/Metal.xctoolchain --module-name Septica --sdk-root /Applications/Xcode-beta.app/Contents/Developer/Platforms/iPhoneSimulator.platform/Developer/SDKs/iPhoneSimulator26.0.sdk --xcode-version 17A5241e --platform-family iOS --deployment-target 18.0 --bundle-identifier dev.leanvibe.game.Septica --output /Users/bogdan/Library/Developer/Xcode/DerivedData/Septica-bhxnubcmusynzbbkytwvuelspvfa/Build/Products/Debug-iphonesimulator/Septica.app --target-triple arm64-apple-ios18.0-simulator --binary-file /Users/bogdan/Library/Developer/Xcode/DerivedData/Septica-bhxnubcmusynzbbkytwvuelspvfa/Build/Products/Debug-iphonesimulator/Septica.app/Septica --dependency-file /Users/bogdan/Library/Developer/Xcode/DerivedData/Septica-bhxnubcmusynzbbkytwvuelspvfa/Build/Intermediates.noindex/Septica.build/Debug-iphonesimulator/Septica.build/Objects-normal/arm64/Septica_dependency_info.dat --stringsdata-file /Users/bogdan/Library/Developer/Xcode/DerivedData/Septica-bhxnubcmusynzbbkytwvuelspvfa/Build/Intermediates.noindex/Septica.build/Debug-iphonesimulator/Septica.build/Objects-normal/arm64/ExtractedAppShortcutsMetadata.stringsdata --source-file-list /Users/bogdan/Library/Developer/Xcode/DerivedData/Septica-bhxnubcmusynzbbkytwvuelspvfa/Build/Intermediates.noindex/Septica.build/Debug-iphonesimulator/Septica.build/Objects-normal/arm64/Septica.SwiftFileList --metadata-file-list /Users/bogdan/Library/Developer/Xcode/DerivedData/Septica-bhxnubcmusynzbbkytwvuelspvfa/Build/Intermediates.noindex/Septica.build/Debug-iphonesimulator/Septica.build/Septica.DependencyMetadataFileList --static-metadata-file-list /Users/bogdan/Library/Developer/Xcode/DerivedData/Septica-bhxnubcmusynzbbkytwvuelspvfa/Build/Intermediates.noindex/Septica.build/Debug-iphonesimulator/Septica.build/Septica.DependencyStaticMetadataFileList --swift-const-vals-list /Users/bogdan/Library/Developer/Xcode/DerivedData/Septica-bhxnubcmusynzbbkytwvuelspvfa/Build/Intermediates.noindex/Septica.build/Debug-iphonesimulator/Septica.build/Objects-normal/arm64/Septica.SwiftConstValuesFileList --compile-time-extraction --deployment-aware-processing --validate-assistant-intents --no-app-shortcuts-localization
2025-09-19 19:41:17.772 appintentsmetadataprocessor[37206:360554840] Starting appintentsmetadataprocessor export
2025-09-19 19:41:17.776 appintentsmetadataprocessor[37206:360554840] warning: Metadata extraction skipped. No AppIntents.framework dependency found.

CodeSign /Users/bogdan/Library/Developer/Xcode/DerivedData/Septica-bhxnubcmusynzbbkytwvuelspvfa/Build/Products/Debug-iphonesimulator/Septica.app/Septica.debug.dylib (in target 'Septica' from project 'Septica')
    cd /Users/bogdan/work/Septica
    
    Signing Identity:     "Sign to Run Locally"
    
    /usr/bin/codesign --force --sign - --timestamp\=none --generate-entitlement-der /Users/bogdan/Library/Developer/Xcode/DerivedData/Septica-bhxnubcmusynzbbkytwvuelspvfa/Build/Products/Debug-iphonesimulator/Septica.app/Septica.debug.dylib

CodeSign /Users/bogdan/Library/Developer/Xcode/DerivedData/Septica-bhxnubcmusynzbbkytwvuelspvfa/Build/Products/Debug-iphonesimulator/Septica.app/__preview.dylib (in target 'Septica' from project 'Septica')
    cd /Users/bogdan/work/Septica
    
    Signing Identity:     "Sign to Run Locally"
    
    /usr/bin/codesign --force --sign - --timestamp\=none --generate-entitlement-der /Users/bogdan/Library/Developer/Xcode/DerivedData/Septica-bhxnubcmusynzbbkytwvuelspvfa/Build/Products/Debug-iphonesimulator/Septica.app/__preview.dylib

CodeSign /Users/bogdan/Library/Developer/Xcode/DerivedData/Septica-bhxnubcmusynzbbkytwvuelspvfa/Build/Products/Debug-iphonesimulator/Septica.app (in target 'Septica' from project 'Septica')
    cd /Users/bogdan/work/Septica
    
    Signing Identity:     "Sign to Run Locally"
    
    /usr/bin/codesign --force --sign - --timestamp\=none --generate-entitlement-der /Users/bogdan/Library/Developer/Xcode/DerivedData/Septica-bhxnubcmusynzbbkytwvuelspvfa/Build/Products/Debug-iphonesimulator/Septica.app

Validate /Users/bogdan/Library/Developer/Xcode/DerivedData/Septica-bhxnubcmusynzbbkytwvuelspvfa/Build/Products/Debug-iphonesimulator/Septica.app (in target 'Septica' from project 'Septica')
    cd /Users/bogdan/work/Septica
    builtin-validationUtility /Users/bogdan/Library/Developer/Xcode/DerivedData/Septica-bhxnubcmusynzbbkytwvuelspvfa/Build/Products/Debug-iphonesimulator/Septica.app -shallow-bundle -infoplist-subpath Info.plist

note: Using global toolchain override 'Metal.32023'. (in target 'Septica' from project 'Septica')
warning: Skipping duplicate build file in Compile Sources build phase: /Users/bogdan/work/Septica/Septica/Services/CloudKit/SepticaCloudKitManager.swift (in target 'Septica' from project 'Septica')
** BUILD SUCCEEDED **

