2025/09/23 11:58:36 [INFO] Starting Septica backend server environment=development port=8080
2025/09/23 11:58:36 [INFO] Database connected successfully

2025/09/23 11:58:36 [32m/Users/bogdan/work/Septica/backend/internal/database/database.go:52
[0m[33m[4.658ms] [34;1m[rows:1][0m SELECT count(*) FROM information_schema.tables WHERE table_schema = CURRENT_SCHEMA() AND table_name = 'users' AND table_type = 'BASE TABLE'

2025/09/23 11:58:36 [32m/Users/bogdan/work/Septica/backend/internal/database/database.go:52
[0m[33m[0.224ms] [34;1m[rows:1][0m SELECT CURRENT_DATABASE()

2025/09/23 11:58:36 [32m/Users/bogdan/work/Septica/backend/internal/database/database.go:52
[0m[33m[12.839ms] [34;1m[rows:-][0m SELECT c.column_name, c.is_nullable = 'YES', c.udt_name, c.character_maximum_length, c.numeric_precision, c.numeric_precision_radix, c.numeric_scale, c.datetime_precision, 8 * typlen, c.column_default, pd.description, c.identity_increment FROM information_schema.columns AS c JOIN pg_type AS pgt ON c.udt_name = pgt.typname LEFT JOIN pg_catalog.pg_description as pd ON pd.objsubid = c.ordinal_position AND pd.objoid = (SELECT oid FROM pg_catalog.pg_class WHERE relname = c.table_name AND relnamespace = (SELECT oid FROM pg_catalog.pg_namespace WHERE nspname = c.table_schema)) where table_catalog = 'septica' AND table_schema = CURRENT_SCHEMA() AND table_name = 'users'

2025/09/23 11:58:36 [32m/Users/bogdan/work/Septica/backend/internal/database/database.go:52
[0m[33m[0.534ms] [34;1m[rows:-][0m SELECT * FROM "users" LIMIT 1

2025/09/23 11:58:36 [32m/Users/bogdan/work/Septica/backend/internal/database/database.go:52
[0m[33m[12.291ms] [34;1m[rows:-][0m SELECT constraint_name FROM information_schema.table_constraints tc JOIN information_schema.constraint_column_usage AS ccu USING (constraint_schema, constraint_name) JOIN information_schema.columns AS c ON c.table_schema = tc.constraint_schema AND tc.table_name = c.table_name AND ccu.column_name = c.column_name WHERE constraint_type IN ('PRIMARY KEY', 'UNIQUE') AND c.table_catalog = 'septica' AND c.table_schema = CURRENT_SCHEMA() AND c.table_name = 'users' AND constraint_type = 'UNIQUE'

2025/09/23 11:58:36 [32m/Users/bogdan/work/Septica/backend/internal/database/database.go:52
[0m[33m[6.669ms] [34;1m[rows:-][0m SELECT c.column_name, constraint_name, constraint_type FROM information_schema.table_constraints tc JOIN information_schema.constraint_column_usage AS ccu USING (constraint_schema, constraint_name) JOIN information_schema.columns AS c ON c.table_schema = tc.constraint_schema AND tc.table_name = c.table_name AND ccu.column_name = c.column_name WHERE constraint_type IN ('PRIMARY KEY', 'UNIQUE') AND c.table_catalog = 'septica' AND c.table_schema = CURRENT_SCHEMA() AND c.table_name = 'users'

2025/09/23 11:58:36 [32m/Users/bogdan/work/Septica/backend/internal/database/database.go:52
[0m[33m[0.375ms] [34;1m[rows:-][0m SELECT a.attname as column_name, format_type(a.atttypid, a.atttypmod) AS data_type
		FROM pg_attribute a JOIN pg_class b ON a.attrelid = b.oid AND relnamespace = (SELECT oid FROM pg_catalog.pg_namespace WHERE nspname = CURRENT_SCHEMA())
		WHERE a.attnum > 0 -- hide internal columns
		AND NOT a.attisdropped -- hide deleted columns
		AND b.relname = 'users'

2025/09/23 11:58:36 [32m/Users/bogdan/work/Septica/backend/internal/database/database.go:52
[0m[33m[0.997ms] [34;1m[rows:0][0m SELECT description FROM pg_catalog.pg_description WHERE objsubid = (SELECT ordinal_position FROM information_schema.columns WHERE table_schema = CURRENT_SCHEMA() AND table_name = 'users' AND column_name = 'id') AND objoid = (SELECT oid FROM pg_catalog.pg_class WHERE relname = 'users' AND relnamespace = (SELECT oid FROM pg_catalog.pg_namespace WHERE nspname = CURRENT_SCHEMA()))

2025/09/23 11:58:36 [32m/Users/bogdan/work/Septica/backend/internal/database/database.go:52
[0m[33m[0.649ms] [34;1m[rows:0][0m SELECT description FROM pg_catalog.pg_description WHERE objsubid = (SELECT ordinal_position FROM information_schema.columns WHERE table_schema = CURRENT_SCHEMA() AND table_name = 'users' AND column_name = 'created_at') AND objoid = (SELECT oid FROM pg_catalog.pg_class WHERE relname = 'users' AND relnamespace = (SELECT oid FROM pg_catalog.pg_namespace WHERE nspname = CURRENT_SCHEMA()))

2025/09/23 11:58:36 [32m/Users/bogdan/work/Septica/backend/internal/database/database.go:52
[0m[33m[0.645ms] [34;1m[rows:0][0m SELECT description FROM pg_catalog.pg_description WHERE objsubid = (SELECT ordinal_position FROM information_schema.columns WHERE table_schema = CURRENT_SCHEMA() AND table_name = 'users' AND column_name = 'updated_at') AND objoid = (SELECT oid FROM pg_catalog.pg_class WHERE relname = 'users' AND relnamespace = (SELECT oid FROM pg_catalog.pg_namespace WHERE nspname = CURRENT_SCHEMA()))

2025/09/23 11:58:36 [32m
[0m[33m[0.096ms] [34;1m[rows:1][0m SELECT CURRENT_DATABASE()

2025/09/23 11:58:36 [32m
[0m[33m[2.054ms] [34;1m[rows:-][0m SELECT c.column_name, c.is_nullable = 'YES', c.udt_name, c.character_maximum_length, c.numeric_precision, c.numeric_precision_radix, c.numeric_scale, c.datetime_precision, 8 * typlen, c.column_default, pd.description, c.identity_increment FROM information_schema.columns AS c JOIN pg_type AS pgt ON c.udt_name = pgt.typname LEFT JOIN pg_catalog.pg_description as pd ON pd.objsubid = c.ordinal_position AND pd.objoid = (SELECT oid FROM pg_catalog.pg_class WHERE relname = c.table_name AND relnamespace = (SELECT oid FROM pg_catalog.pg_namespace WHERE nspname = c.table_schema)) where table_catalog = 'septica' AND table_schema = CURRENT_SCHEMA() AND table_name = 'users'

2025/09/23 11:58:36 [32m
[0m[33m[0.123ms] [34;1m[rows:-][0m SELECT * FROM "users" LIMIT 1

2025/09/23 11:58:36 [32m
[0m[33m[5.541ms] [34;1m[rows:-][0m SELECT constraint_name FROM information_schema.table_constraints tc JOIN information_schema.constraint_column_usage AS ccu USING (constraint_schema, constraint_name) JOIN information_schema.columns AS c ON c.table_schema = tc.constraint_schema AND tc.table_name = c.table_name AND ccu.column_name = c.column_name WHERE constraint_type IN ('PRIMARY KEY', 'UNIQUE') AND c.table_catalog = 'septica' AND c.table_schema = CURRENT_SCHEMA() AND c.table_name = 'users' AND constraint_type = 'UNIQUE'

2025/09/23 11:58:36 [32m
[0m[33m[5.723ms] [34;1m[rows:-][0m SELECT c.column_name, constraint_name, constraint_type FROM information_schema.table_constraints tc JOIN information_schema.constraint_column_usage AS ccu USING (constraint_schema, constraint_name) JOIN information_schema.columns AS c ON c.table_schema = tc.constraint_schema AND tc.table_name = c.table_name AND ccu.column_name = c.column_name WHERE constraint_type IN ('PRIMARY KEY', 'UNIQUE') AND c.table_catalog = 'septica' AND c.table_schema = CURRENT_SCHEMA() AND c.table_name = 'users'

2025/09/23 11:58:36 [32m
[0m[33m[0.181ms] [34;1m[rows:-][0m SELECT a.attname as column_name, format_type(a.atttypid, a.atttypmod) AS data_type
		FROM pg_attribute a JOIN pg_class b ON a.attrelid = b.oid AND relnamespace = (SELECT oid FROM pg_catalog.pg_namespace WHERE nspname = CURRENT_SCHEMA())
		WHERE a.attnum > 0 -- hide internal columns
		AND NOT a.attisdropped -- hide deleted columns
		AND b.relname = 'users'

2025/09/23 11:58:36 [32m
[0m[33m[0.905ms] [34;1m[rows:1][0m SELECT count(*) FROM pg_indexes WHERE tablename = 'users' AND indexname = 'idx_users_username' AND schemaname = CURRENT_SCHEMA()

2025/09/23 11:58:36 [32m/Users/bogdan/work/Septica/backend/internal/database/database.go:52
[0m[33m[0.801ms] [34;1m[rows:0][0m SELECT description FROM pg_catalog.pg_description WHERE objsubid = (SELECT ordinal_position FROM information_schema.columns WHERE table_schema = CURRENT_SCHEMA() AND table_name = 'users' AND column_name = 'username') AND objoid = (SELECT oid FROM pg_catalog.pg_class WHERE relname = 'users' AND relnamespace = (SELECT oid FROM pg_catalog.pg_namespace WHERE nspname = CURRENT_SCHEMA()))

2025/09/23 11:58:36 [32m
[0m[33m[0.090ms] [34;1m[rows:1][0m SELECT CURRENT_DATABASE()

2025/09/23 11:58:36 [32m
[0m[33m[2.167ms] [34;1m[rows:-][0m SELECT c.column_name, c.is_nullable = 'YES', c.udt_name, c.character_maximum_length, c.numeric_precision, c.numeric_precision_radix, c.numeric_scale, c.datetime_precision, 8 * typlen, c.column_default, pd.description, c.identity_increment FROM information_schema.columns AS c JOIN pg_type AS pgt ON c.udt_name = pgt.typname LEFT JOIN pg_catalog.pg_description as pd ON pd.objsubid = c.ordinal_position AND pd.objoid = (SELECT oid FROM pg_catalog.pg_class WHERE relname = c.table_name AND relnamespace = (SELECT oid FROM pg_catalog.pg_namespace WHERE nspname = c.table_schema)) where table_catalog = 'septica' AND table_schema = CURRENT_SCHEMA() AND table_name = 'users'

2025/09/23 11:58:36 [32m
[0m[33m[0.107ms] [34;1m[rows:-][0m SELECT * FROM "users" LIMIT 1

2025/09/23 11:58:36 [32m
[0m[33m[4.745ms] [34;1m[rows:-][0m SELECT constraint_name FROM information_schema.table_constraints tc JOIN information_schema.constraint_column_usage AS ccu USING (constraint_schema, constraint_name) JOIN information_schema.columns AS c ON c.table_schema = tc.constraint_schema AND tc.table_name = c.table_name AND ccu.column_name = c.column_name WHERE constraint_type IN ('PRIMARY KEY', 'UNIQUE') AND c.table_catalog = 'septica' AND c.table_schema = CURRENT_SCHEMA() AND c.table_name = 'users' AND constraint_type = 'UNIQUE'

2025/09/23 11:58:36 [32m
[0m[33m[5.283ms] [34;1m[rows:-][0m SELECT c.column_name, constraint_name, constraint_type FROM information_schema.table_constraints tc JOIN information_schema.constraint_column_usage AS ccu USING (constraint_schema, constraint_name) JOIN information_schema.columns AS c ON c.table_schema = tc.constraint_schema AND tc.table_name = c.table_name AND ccu.column_name = c.column_name WHERE constraint_type IN ('PRIMARY KEY', 'UNIQUE') AND c.table_catalog = 'septica' AND c.table_schema = CURRENT_SCHEMA() AND c.table_name = 'users'

2025/09/23 11:58:36 [32m
[0m[33m[0.222ms] [34;1m[rows:-][0m SELECT a.attname as column_name, format_type(a.atttypid, a.atttypmod) AS data_type
		FROM pg_attribute a JOIN pg_class b ON a.attrelid = b.oid AND relnamespace = (SELECT oid FROM pg_catalog.pg_namespace WHERE nspname = CURRENT_SCHEMA())
		WHERE a.attnum > 0 -- hide internal columns
		AND NOT a.attisdropped -- hide deleted columns
		AND b.relname = 'users'

2025/09/23 11:58:36 [32m
[0m[33m[0.320ms] [34;1m[rows:1][0m SELECT count(*) FROM pg_indexes WHERE tablename = 'users' AND indexname = 'idx_users_email' AND schemaname = CURRENT_SCHEMA()

2025/09/23 11:58:36 [32m/Users/bogdan/work/Septica/backend/internal/database/database.go:52
[0m[33m[0.714ms] [34;1m[rows:0][0m SELECT description FROM pg_catalog.pg_description WHERE objsubid = (SELECT ordinal_position FROM information_schema.columns WHERE table_schema = CURRENT_SCHEMA() AND table_name = 'users' AND column_name = 'email') AND objoid = (SELECT oid FROM pg_catalog.pg_class WHERE relname = 'users' AND relnamespace = (SELECT oid FROM pg_catalog.pg_namespace WHERE nspname = CURRENT_SCHEMA()))

2025/09/23 11:58:36 [32m/Users/bogdan/work/Septica/backend/internal/database/database.go:52
[0m[33m[0.649ms] [34;1m[rows:0][0m SELECT description FROM pg_catalog.pg_description WHERE objsubid = (SELECT ordinal_position FROM information_schema.columns WHERE table_schema = CURRENT_SCHEMA() AND table_name = 'users' AND column_name = 'password_hash') AND objoid = (SELECT oid FROM pg_catalog.pg_class WHERE relname = 'users' AND relnamespace = (SELECT oid FROM pg_catalog.pg_namespace WHERE nspname = CURRENT_SCHEMA()))

2025/09/23 11:58:36 [32m/Users/bogdan/work/Septica/backend/internal/database/database.go:52
[0m[33m[0.133ms] [34;1m[rows:0][0m SELECT description FROM pg_catalog.pg_description WHERE objsubid = (SELECT ordinal_position FROM information_schema.columns WHERE table_schema = CURRENT_SCHEMA() AND table_name = 'users' AND column_name = 'is_active') AND objoid = (SELECT oid FROM pg_catalog.pg_class WHERE relname = 'users' AND relnamespace = (SELECT oid FROM pg_catalog.pg_namespace WHERE nspname = CURRENT_SCHEMA()))

2025/09/23 11:58:36 [32m/Users/bogdan/work/Septica/backend/internal/database/database.go:52
[0m[33m[0.133ms] [34;1m[rows:0][0m SELECT description FROM pg_catalog.pg_description WHERE objsubid = (SELECT ordinal_position FROM information_schema.columns WHERE table_schema = CURRENT_SCHEMA() AND table_name = 'users' AND column_name = 'last_login_at') AND objoid = (SELECT oid FROM pg_catalog.pg_class WHERE relname = 'users' AND relnamespace = (SELECT oid FROM pg_catalog.pg_namespace WHERE nspname = CURRENT_SCHEMA()))

2025/09/23 11:58:36 [32m/Users/bogdan/work/Septica/backend/internal/database/database.go:52
[0m[33m[0.282ms] [34;1m[rows:1][0m SELECT count(*) FROM pg_indexes WHERE tablename = 'users' AND indexname = 'idx_users_username' AND schemaname = CURRENT_SCHEMA()

2025/09/23 11:58:36 [32m/Users/bogdan/work/Septica/backend/internal/database/database.go:52
[0m[33m[0.291ms] [34;1m[rows:1][0m SELECT count(*) FROM pg_indexes WHERE tablename = 'users' AND indexname = 'idx_users_email' AND schemaname = CURRENT_SCHEMA()

2025/09/23 11:58:36 [32m/Users/bogdan/work/Septica/backend/internal/database/database.go:52
[0m[33m[0.231ms] [34;1m[rows:1][0m SELECT count(*) FROM information_schema.tables WHERE table_schema = CURRENT_SCHEMA() AND table_name = 'players' AND table_type = 'BASE TABLE'

2025/09/23 11:58:36 [32m/Users/bogdan/work/Septica/backend/internal/database/database.go:52
[0m[33m[0.077ms] [34;1m[rows:1][0m SELECT CURRENT_DATABASE()

2025/09/23 11:58:36 [32m/Users/bogdan/work/Septica/backend/internal/database/database.go:52
[0m[33m[2.124ms] [34;1m[rows:-][0m SELECT c.column_name, c.is_nullable = 'YES', c.udt_name, c.character_maximum_length, c.numeric_precision, c.numeric_precision_radix, c.numeric_scale, c.datetime_precision, 8 * typlen, c.column_default, pd.description, c.identity_increment FROM information_schema.columns AS c JOIN pg_type AS pgt ON c.udt_name = pgt.typname LEFT JOIN pg_catalog.pg_description as pd ON pd.objsubid = c.ordinal_position AND pd.objoid = (SELECT oid FROM pg_catalog.pg_class WHERE relname = c.table_name AND relnamespace = (SELECT oid FROM pg_catalog.pg_namespace WHERE nspname = c.table_schema)) where table_catalog = 'septica' AND table_schema = CURRENT_SCHEMA() AND table_name = 'players'

2025/09/23 11:58:36 [32m/Users/bogdan/work/Septica/backend/internal/database/database.go:52
[0m[33m[0.272ms] [34;1m[rows:-][0m SELECT * FROM "players" LIMIT 1

2025/09/23 11:58:36 [32m/Users/bogdan/work/Septica/backend/internal/database/database.go:52
[0m[33m[5.911ms] [34;1m[rows:-][0m SELECT constraint_name FROM information_schema.table_constraints tc JOIN information_schema.constraint_column_usage AS ccu USING (constraint_schema, constraint_name) JOIN information_schema.columns AS c ON c.table_schema = tc.constraint_schema AND tc.table_name = c.table_name AND ccu.column_name = c.column_name WHERE constraint_type IN ('PRIMARY KEY', 'UNIQUE') AND c.table_catalog = 'septica' AND c.table_schema = CURRENT_SCHEMA() AND c.table_name = 'players' AND constraint_type = 'UNIQUE'

2025/09/23 11:58:36 [32m/Users/bogdan/work/Septica/backend/internal/database/database.go:52
[0m[33m[6.132ms] [34;1m[rows:-][0m SELECT c.column_name, constraint_name, constraint_type FROM information_schema.table_constraints tc JOIN information_schema.constraint_column_usage AS ccu USING (constraint_schema, constraint_name) JOIN information_schema.columns AS c ON c.table_schema = tc.constraint_schema AND tc.table_name = c.table_name AND ccu.column_name = c.column_name WHERE constraint_type IN ('PRIMARY KEY', 'UNIQUE') AND c.table_catalog = 'septica' AND c.table_schema = CURRENT_SCHEMA() AND c.table_name = 'players'

2025/09/23 11:58:36 [32m/Users/bogdan/work/Septica/backend/internal/database/database.go:52
[0m[33m[0.187ms] [34;1m[rows:-][0m SELECT a.attname as column_name, format_type(a.atttypid, a.atttypmod) AS data_type
		FROM pg_attribute a JOIN pg_class b ON a.attrelid = b.oid AND relnamespace = (SELECT oid FROM pg_catalog.pg_namespace WHERE nspname = CURRENT_SCHEMA())
		WHERE a.attnum > 0 -- hide internal columns
		AND NOT a.attisdropped -- hide deleted columns
		AND b.relname = 'players'

2025/09/23 11:58:36 [32m/Users/bogdan/work/Septica/backend/internal/database/database.go:52
[0m[33m[0.140ms] [34;1m[rows:0][0m SELECT description FROM pg_catalog.pg_description WHERE objsubid = (SELECT ordinal_position FROM information_schema.columns WHERE table_schema = CURRENT_SCHEMA() AND table_name = 'players' AND column_name = 'id') AND objoid = (SELECT oid FROM pg_catalog.pg_class WHERE relname = 'players' AND relnamespace = (SELECT oid FROM pg_catalog.pg_namespace WHERE nspname = CURRENT_SCHEMA()))

2025/09/23 11:58:36 [32m/Users/bogdan/work/Septica/backend/internal/database/database.go:52
[0m[33m[0.115ms] [34;1m[rows:0][0m SELECT description FROM pg_catalog.pg_description WHERE objsubid = (SELECT ordinal_position FROM information_schema.columns WHERE table_schema = CURRENT_SCHEMA() AND table_name = 'players' AND column_name = 'created_at') AND objoid = (SELECT oid FROM pg_catalog.pg_class WHERE relname = 'players' AND relnamespace = (SELECT oid FROM pg_catalog.pg_namespace WHERE nspname = CURRENT_SCHEMA()))

2025/09/23 11:58:36 [32m/Users/bogdan/work/Septica/backend/internal/database/database.go:52
[0m[33m[0.105ms] [34;1m[rows:0][0m SELECT description FROM pg_catalog.pg_description WHERE objsubid = (SELECT ordinal_position FROM information_schema.columns WHERE table_schema = CURRENT_SCHEMA() AND table_name = 'players' AND column_name = 'updated_at') AND objoid = (SELECT oid FROM pg_catalog.pg_class WHERE relname = 'players' AND relnamespace = (SELECT oid FROM pg_catalog.pg_namespace WHERE nspname = CURRENT_SCHEMA()))

2025/09/23 11:58:36 [32m
[0m[33m[0.068ms] [34;1m[rows:1][0m SELECT CURRENT_DATABASE()

2025/09/23 11:58:36 [32m
[0m[33m[2.013ms] [34;1m[rows:-][0m SELECT c.column_name, c.is_nullable = 'YES', c.udt_name, c.character_maximum_length, c.numeric_precision, c.numeric_precision_radix, c.numeric_scale, c.datetime_precision, 8 * typlen, c.column_default, pd.description, c.identity_increment FROM information_schema.columns AS c JOIN pg_type AS pgt ON c.udt_name = pgt.typname LEFT JOIN pg_catalog.pg_description as pd ON pd.objsubid = c.ordinal_position AND pd.objoid = (SELECT oid FROM pg_catalog.pg_class WHERE relname = c.table_name AND relnamespace = (SELECT oid FROM pg_catalog.pg_namespace WHERE nspname = c.table_schema)) where table_catalog = 'septica' AND table_schema = CURRENT_SCHEMA() AND table_name = 'players'

2025/09/23 11:58:36 [32m
[0m[33m[0.110ms] [34;1m[rows:-][0m SELECT * FROM "players" LIMIT 1

2025/09/23 11:58:36 [32m
[0m[33m[5.405ms] [34;1m[rows:-][0m SELECT constraint_name FROM information_schema.table_constraints tc JOIN information_schema.constraint_column_usage AS ccu USING (constraint_schema, constraint_name) JOIN information_schema.columns AS c ON c.table_schema = tc.constraint_schema AND tc.table_name = c.table_name AND ccu.column_name = c.column_name WHERE constraint_type IN ('PRIMARY KEY', 'UNIQUE') AND c.table_catalog = 'septica' AND c.table_schema = CURRENT_SCHEMA() AND c.table_name = 'players' AND constraint_type = 'UNIQUE'

2025/09/23 11:58:36 [32m
[0m[33m[6.184ms] [34;1m[rows:-][0m SELECT c.column_name, constraint_name, constraint_type FROM information_schema.table_constraints tc JOIN information_schema.constraint_column_usage AS ccu USING (constraint_schema, constraint_name) JOIN information_schema.columns AS c ON c.table_schema = tc.constraint_schema AND tc.table_name = c.table_name AND ccu.column_name = c.column_name WHERE constraint_type IN ('PRIMARY KEY', 'UNIQUE') AND c.table_catalog = 'septica' AND c.table_schema = CURRENT_SCHEMA() AND c.table_name = 'players'

2025/09/23 11:58:36 [32m
[0m[33m[0.178ms] [34;1m[rows:-][0m SELECT a.attname as column_name, format_type(a.atttypid, a.atttypmod) AS data_type
		FROM pg_attribute a JOIN pg_class b ON a.attrelid = b.oid AND relnamespace = (SELECT oid FROM pg_catalog.pg_namespace WHERE nspname = CURRENT_SCHEMA())
		WHERE a.attnum > 0 -- hide internal columns
		AND NOT a.attisdropped -- hide deleted columns
		AND b.relname = 'players'

2025/09/23 11:58:36 [32m
[0m[33m[0.287ms] [34;1m[rows:1][0m SELECT count(*) FROM pg_indexes WHERE tablename = 'players' AND indexname = 'idx_players_user_id' AND schemaname = CURRENT_SCHEMA()

2025/09/23 11:58:36 [32m/Users/bogdan/work/Septica/backend/internal/database/database.go:52
[0m[33m[0.141ms] [34;1m[rows:0][0m SELECT description FROM pg_catalog.pg_description WHERE objsubid = (SELECT ordinal_position FROM information_schema.columns WHERE table_schema = CURRENT_SCHEMA() AND table_name = 'players' AND column_name = 'user_id') AND objoid = (SELECT oid FROM pg_catalog.pg_class WHERE relname = 'players' AND relnamespace = (SELECT oid FROM pg_catalog.pg_namespace WHERE nspname = CURRENT_SCHEMA()))

2025/09/23 11:58:36 [32m/Users/bogdan/work/Septica/backend/internal/database/database.go:52
[0m[33m[0.133ms] [34;1m[rows:0][0m SELECT description FROM pg_catalog.pg_description WHERE objsubid = (SELECT ordinal_position FROM information_schema.columns WHERE table_schema = CURRENT_SCHEMA() AND table_name = 'players' AND column_name = 'username') AND objoid = (SELECT oid FROM pg_catalog.pg_class WHERE relname = 'players' AND relnamespace = (SELECT oid FROM pg_catalog.pg_namespace WHERE nspname = CURRENT_SCHEMA()))

2025/09/23 11:58:36 [32m/Users/bogdan/work/Septica/backend/internal/database/database.go:52
[0m[33m[0.132ms] [34;1m[rows:0][0m SELECT description FROM pg_catalog.pg_description WHERE objsubid = (SELECT ordinal_position FROM information_schema.columns WHERE table_schema = CURRENT_SCHEMA() AND table_name = 'players' AND column_name = 'level') AND objoid = (SELECT oid FROM pg_catalog.pg_class WHERE relname = 'players' AND relnamespace = (SELECT oid FROM pg_catalog.pg_namespace WHERE nspname = CURRENT_SCHEMA()))

2025/09/23 11:58:36 [32m/Users/bogdan/work/Septica/backend/internal/database/database.go:52
[0m[33m[0.122ms] [34;1m[rows:0][0m SELECT description FROM pg_catalog.pg_description WHERE objsubid = (SELECT ordinal_position FROM information_schema.columns WHERE table_schema = CURRENT_SCHEMA() AND table_name = 'players' AND column_name = 'xp') AND objoid = (SELECT oid FROM pg_catalog.pg_class WHERE relname = 'players' AND relnamespace = (SELECT oid FROM pg_catalog.pg_namespace WHERE nspname = CURRENT_SCHEMA()))

2025/09/23 11:58:36 [32m/Users/bogdan/work/Septica/backend/internal/database/database.go:52
[0m[33m[0.119ms] [34;1m[rows:0][0m SELECT description FROM pg_catalog.pg_description WHERE objsubid = (SELECT ordinal_position FROM information_schema.columns WHERE table_schema = CURRENT_SCHEMA() AND table_name = 'players' AND column_name = 'rating') AND objoid = (SELECT oid FROM pg_catalog.pg_class WHERE relname = 'players' AND relnamespace = (SELECT oid FROM pg_catalog.pg_namespace WHERE nspname = CURRENT_SCHEMA()))

2025/09/23 11:58:36 [32m/Users/bogdan/work/Septica/backend/internal/database/database.go:52
[0m[33m[0.130ms] [34;1m[rows:0][0m SELECT description FROM pg_catalog.pg_description WHERE objsubid = (SELECT ordinal_position FROM information_schema.columns WHERE table_schema = CURRENT_SCHEMA() AND table_name = 'players' AND column_name = 'arena') AND objoid = (SELECT oid FROM pg_catalog.pg_class WHERE relname = 'players' AND relnamespace = (SELECT oid FROM pg_catalog.pg_namespace WHERE nspname = CURRENT_SCHEMA()))

2025/09/23 11:58:36 [32m/Users/bogdan/work/Septica/backend/internal/database/database.go:52
[0m[33m[0.112ms] [34;1m[rows:0][0m SELECT description FROM pg_catalog.pg_description WHERE objsubid = (SELECT ordinal_position FROM information_schema.columns WHERE table_schema = CURRENT_SCHEMA() AND table_name = 'players' AND column_name = 'coins') AND objoid = (SELECT oid FROM pg_catalog.pg_class WHERE relname = 'players' AND relnamespace = (SELECT oid FROM pg_catalog.pg_namespace WHERE nspname = CURRENT_SCHEMA()))

2025/09/23 11:58:36 [32m/Users/bogdan/work/Septica/backend/internal/database/database.go:52
[0m[33m[0.117ms] [34;1m[rows:0][0m SELECT description FROM pg_catalog.pg_description WHERE objsubid = (SELECT ordinal_position FROM information_schema.columns WHERE table_schema = CURRENT_SCHEMA() AND table_name = 'players' AND column_name = 'gems') AND objoid = (SELECT oid FROM pg_catalog.pg_class WHERE relname = 'players' AND relnamespace = (SELECT oid FROM pg_catalog.pg_namespace WHERE nspname = CURRENT_SCHEMA()))

2025/09/23 11:58:36 [32m/Users/bogdan/work/Septica/backend/internal/database/database.go:52
[0m[33m[0.119ms] [34;1m[rows:0][0m SELECT description FROM pg_catalog.pg_description WHERE objsubid = (SELECT ordinal_position FROM information_schema.columns WHERE table_schema = CURRENT_SCHEMA() AND table_name = 'players' AND column_name = 'selected_card_back') AND objoid = (SELECT oid FROM pg_catalog.pg_class WHERE relname = 'players' AND relnamespace = (SELECT oid FROM pg_catalog.pg_namespace WHERE nspname = CURRENT_SCHEMA()))

2025/09/23 11:58:36 [32m/Users/bogdan/work/Septica/backend/internal/database/database.go:52
[0m[33m[0.117ms] [34;1m[rows:0][0m SELECT description FROM pg_catalog.pg_description WHERE objsubid = (SELECT ordinal_position FROM information_schema.columns WHERE table_schema = CURRENT_SCHEMA() AND table_name = 'players' AND column_name = 'selected_table_theme') AND objoid = (SELECT oid FROM pg_catalog.pg_class WHERE relname = 'players' AND relnamespace = (SELECT oid FROM pg_catalog.pg_namespace WHERE nspname = CURRENT_SCHEMA()))

2025/09/23 11:58:36 [32m/Users/bogdan/work/Septica/backend/internal/database/database.go:52
[0m[33m[0.151ms] [34;1m[rows:0][0m SELECT description FROM pg_catalog.pg_description WHERE objsubid = (SELECT ordinal_position FROM information_schema.columns WHERE table_schema = CURRENT_SCHEMA() AND table_name = 'players' AND column_name = 'selected_avatar') AND objoid = (SELECT oid FROM pg_catalog.pg_class WHERE relname = 'players' AND relnamespace = (SELECT oid FROM pg_catalog.pg_namespace WHERE nspname = CURRENT_SCHEMA()))

2025/09/23 11:58:36 [32m/Users/bogdan/work/Septica/backend/internal/database/database.go:52
[0m[33m[0.562ms] [34;1m[rows:1][0m SELECT count(*) FROM INFORMATION_SCHEMA.table_constraints WHERE table_schema = CURRENT_SCHEMA() AND table_name = 'players' AND constraint_name = 'fk_users_player'

2025/09/23 11:58:36 [32m/Users/bogdan/work/Septica/backend/internal/database/database.go:52
[0m[33m[0.278ms] [34;1m[rows:1][0m SELECT count(*) FROM pg_indexes WHERE tablename = 'players' AND indexname = 'idx_players_user_id' AND schemaname = CURRENT_SCHEMA()

2025/09/23 11:58:36 [32m/Users/bogdan/work/Septica/backend/internal/database/database.go:52
[0m[33m[0.259ms] [34;1m[rows:1][0m SELECT count(*) FROM information_schema.tables WHERE table_schema = CURRENT_SCHEMA() AND table_name = 'tournaments' AND table_type = 'BASE TABLE'

2025/09/23 11:58:36 [32m/Users/bogdan/work/Septica/backend/internal/database/database.go:52
[0m[33m[0.085ms] [34;1m[rows:1][0m SELECT CURRENT_DATABASE()

2025/09/23 11:58:36 [32m/Users/bogdan/work/Septica/backend/internal/database/database.go:52
[0m[33m[2.217ms] [34;1m[rows:-][0m SELECT c.column_name, c.is_nullable = 'YES', c.udt_name, c.character_maximum_length, c.numeric_precision, c.numeric_precision_radix, c.numeric_scale, c.datetime_precision, 8 * typlen, c.column_default, pd.description, c.identity_increment FROM information_schema.columns AS c JOIN pg_type AS pgt ON c.udt_name = pgt.typname LEFT JOIN pg_catalog.pg_description as pd ON pd.objsubid = c.ordinal_position AND pd.objoid = (SELECT oid FROM pg_catalog.pg_class WHERE relname = c.table_name AND relnamespace = (SELECT oid FROM pg_catalog.pg_namespace WHERE nspname = c.table_schema)) where table_catalog = 'septica' AND table_schema = CURRENT_SCHEMA() AND table_name = 'tournaments'

2025/09/23 11:58:36 [32m/Users/bogdan/work/Septica/backend/internal/database/database.go:52
[0m[33m[0.315ms] [34;1m[rows:-][0m SELECT * FROM "tournaments" LIMIT 1

2025/09/23 11:58:36 [32m/Users/bogdan/work/Septica/backend/internal/database/database.go:52
[0m[33m[8.457ms] [34;1m[rows:-][0m SELECT constraint_name FROM information_schema.table_constraints tc JOIN information_schema.constraint_column_usage AS ccu USING (constraint_schema, constraint_name) JOIN information_schema.columns AS c ON c.table_schema = tc.constraint_schema AND tc.table_name = c.table_name AND ccu.column_name = c.column_name WHERE constraint_type IN ('PRIMARY KEY', 'UNIQUE') AND c.table_catalog = 'septica' AND c.table_schema = CURRENT_SCHEMA() AND c.table_name = 'tournaments' AND constraint_type = 'UNIQUE'

2025/09/23 11:58:36 [32m/Users/bogdan/work/Septica/backend/internal/database/database.go:52
[0m[33m[9.234ms] [34;1m[rows:-][0m SELECT c.column_name, constraint_name, constraint_type FROM information_schema.table_constraints tc JOIN information_schema.constraint_column_usage AS ccu USING (constraint_schema, constraint_name) JOIN information_schema.columns AS c ON c.table_schema = tc.constraint_schema AND tc.table_name = c.table_name AND ccu.column_name = c.column_name WHERE constraint_type IN ('PRIMARY KEY', 'UNIQUE') AND c.table_catalog = 'septica' AND c.table_schema = CURRENT_SCHEMA() AND c.table_name = 'tournaments'

2025/09/23 11:58:36 [32m/Users/bogdan/work/Septica/backend/internal/database/database.go:52
[0m[33m[0.247ms] [34;1m[rows:-][0m SELECT a.attname as column_name, format_type(a.atttypid, a.atttypmod) AS data_type
		FROM pg_attribute a JOIN pg_class b ON a.attrelid = b.oid AND relnamespace = (SELECT oid FROM pg_catalog.pg_namespace WHERE nspname = CURRENT_SCHEMA())
		WHERE a.attnum > 0 -- hide internal columns
		AND NOT a.attisdropped -- hide deleted columns
		AND b.relname = 'tournaments'

2025/09/23 11:58:36 [32m/Users/bogdan/work/Septica/backend/internal/database/database.go:52
[0m[33m[0.156ms] [34;1m[rows:0][0m SELECT description FROM pg_catalog.pg_description WHERE objsubid = (SELECT ordinal_position FROM information_schema.columns WHERE table_schema = CURRENT_SCHEMA() AND table_name = 'tournaments' AND column_name = 'id') AND objoid = (SELECT oid FROM pg_catalog.pg_class WHERE relname = 'tournaments' AND relnamespace = (SELECT oid FROM pg_catalog.pg_namespace WHERE nspname = CURRENT_SCHEMA()))

2025/09/23 11:58:36 [32m/Users/bogdan/work/Septica/backend/internal/database/database.go:52
[0m[33m[0.133ms] [34;1m[rows:0][0m SELECT description FROM pg_catalog.pg_description WHERE objsubid = (SELECT ordinal_position FROM information_schema.columns WHERE table_schema = CURRENT_SCHEMA() AND table_name = 'tournaments' AND column_name = 'created_at') AND objoid = (SELECT oid FROM pg_catalog.pg_class WHERE relname = 'tournaments' AND relnamespace = (SELECT oid FROM pg_catalog.pg_namespace WHERE nspname = CURRENT_SCHEMA()))

2025/09/23 11:58:36 [32m/Users/bogdan/work/Septica/backend/internal/database/database.go:52
[0m[33m[0.138ms] [34;1m[rows:0][0m SELECT description FROM pg_catalog.pg_description WHERE objsubid = (SELECT ordinal_position FROM information_schema.columns WHERE table_schema = CURRENT_SCHEMA() AND table_name = 'tournaments' AND column_name = 'updated_at') AND objoid = (SELECT oid FROM pg_catalog.pg_class WHERE relname = 'tournaments' AND relnamespace = (SELECT oid FROM pg_catalog.pg_namespace WHERE nspname = CURRENT_SCHEMA()))

2025/09/23 11:58:36 [32m/Users/bogdan/work/Septica/backend/internal/database/database.go:52
[0m[33m[0.132ms] [34;1m[rows:0][0m SELECT description FROM pg_catalog.pg_description WHERE objsubid = (SELECT ordinal_position FROM information_schema.columns WHERE table_schema = CURRENT_SCHEMA() AND table_name = 'tournaments' AND column_name = 'name') AND objoid = (SELECT oid FROM pg_catalog.pg_class WHERE relname = 'tournaments' AND relnamespace = (SELECT oid FROM pg_catalog.pg_namespace WHERE nspname = CURRENT_SCHEMA()))

2025/09/23 11:58:36 [32m/Users/bogdan/work/Septica/backend/internal/database/database.go:52
[0m[33m[0.143ms] [34;1m[rows:0][0m SELECT description FROM pg_catalog.pg_description WHERE objsubid = (SELECT ordinal_position FROM information_schema.columns WHERE table_schema = CURRENT_SCHEMA() AND table_name = 'tournaments' AND column_name = 'description') AND objoid = (SELECT oid FROM pg_catalog.pg_class WHERE relname = 'tournaments' AND relnamespace = (SELECT oid FROM pg_catalog.pg_namespace WHERE nspname = CURRENT_SCHEMA()))

2025/09/23 11:58:36 [32m/Users/bogdan/work/Septica/backend/internal/database/database.go:52
[0m[33m[0.130ms] [34;1m[rows:0][0m SELECT description FROM pg_catalog.pg_description WHERE objsubid = (SELECT ordinal_position FROM information_schema.columns WHERE table_schema = CURRENT_SCHEMA() AND table_name = 'tournaments' AND column_name = 'type') AND objoid = (SELECT oid FROM pg_catalog.pg_class WHERE relname = 'tournaments' AND relnamespace = (SELECT oid FROM pg_catalog.pg_namespace WHERE nspname = CURRENT_SCHEMA()))

2025/09/23 11:58:36 [32m/Users/bogdan/work/Septica/backend/internal/database/database.go:52
[0m[33m[0.122ms] [34;1m[rows:0][0m SELECT description FROM pg_catalog.pg_description WHERE objsubid = (SELECT ordinal_position FROM information_schema.columns WHERE table_schema = CURRENT_SCHEMA() AND table_name = 'tournaments' AND column_name = 'status') AND objoid = (SELECT oid FROM pg_catalog.pg_class WHERE relname = 'tournaments' AND relnamespace = (SELECT oid FROM pg_catalog.pg_namespace WHERE nspname = CURRENT_SCHEMA()))

2025/09/23 11:58:36 [32m/Users/bogdan/work/Septica/backend/internal/database/database.go:52
[0m[33m[0.121ms] [34;1m[rows:0][0m SELECT description FROM pg_catalog.pg_description WHERE objsubid = (SELECT ordinal_position FROM information_schema.columns WHERE table_schema = CURRENT_SCHEMA() AND table_name = 'tournaments' AND column_name = 'max_participants') AND objoid = (SELECT oid FROM pg_catalog.pg_class WHERE relname = 'tournaments' AND relnamespace = (SELECT oid FROM pg_catalog.pg_namespace WHERE nspname = CURRENT_SCHEMA()))

2025/09/23 11:58:36 [32m/Users/bogdan/work/Septica/backend/internal/database/database.go:52
[0m[33m[0.109ms] [34;1m[rows:0][0m SELECT description FROM pg_catalog.pg_description WHERE objsubid = (SELECT ordinal_position FROM information_schema.columns WHERE table_schema = CURRENT_SCHEMA() AND table_name = 'tournaments' AND column_name = 'min_participants') AND objoid = (SELECT oid FROM pg_catalog.pg_class WHERE relname = 'tournaments' AND relnamespace = (SELECT oid FROM pg_catalog.pg_namespace WHERE nspname = CURRENT_SCHEMA()))

2025/09/23 11:58:36 [32m/Users/bogdan/work/Septica/backend/internal/database/database.go:52
[0m[33m[0.118ms] [34;1m[rows:0][0m SELECT description FROM pg_catalog.pg_description WHERE objsubid = (SELECT ordinal_position FROM information_schema.columns WHERE table_schema = CURRENT_SCHEMA() AND table_name = 'tournaments' AND column_name = 'entry_fee_coins') AND objoid = (SELECT oid FROM pg_catalog.pg_class WHERE relname = 'tournaments' AND relnamespace = (SELECT oid FROM pg_catalog.pg_namespace WHERE nspname = CURRENT_SCHEMA()))

2025/09/23 11:58:36 [32m/Users/bogdan/work/Septica/backend/internal/database/database.go:52
[0m[33m[0.110ms] [34;1m[rows:0][0m SELECT description FROM pg_catalog.pg_description WHERE objsubid = (SELECT ordinal_position FROM information_schema.columns WHERE table_schema = CURRENT_SCHEMA() AND table_name = 'tournaments' AND column_name = 'entry_fee_gems') AND objoid = (SELECT oid FROM pg_catalog.pg_class WHERE relname = 'tournaments' AND relnamespace = (SELECT oid FROM pg_catalog.pg_namespace WHERE nspname = CURRENT_SCHEMA()))

2025/09/23 11:58:36 [32m/Users/bogdan/work/Septica/backend/internal/database/database.go:52
[0m[33m[0.114ms] [34;1m[rows:0][0m SELECT description FROM pg_catalog.pg_description WHERE objsubid = (SELECT ordinal_position FROM information_schema.columns WHERE table_schema = CURRENT_SCHEMA() AND table_name = 'tournaments' AND column_name = 'is_ranked_tournament') AND objoid = (SELECT oid FROM pg_catalog.pg_class WHERE relname = 'tournaments' AND relnamespace = (SELECT oid FROM pg_catalog.pg_namespace WHERE nspname = CURRENT_SCHEMA()))

2025/09/23 11:58:36 [32m/Users/bogdan/work/Septica/backend/internal/database/database.go:52
[0m[33m[0.101ms] [34;1m[rows:0][0m SELECT description FROM pg_catalog.pg_description WHERE objsubid = (SELECT ordinal_position FROM information_schema.columns WHERE table_schema = CURRENT_SCHEMA() AND table_name = 'tournaments' AND column_name = 'prize_pool_coins') AND objoid = (SELECT oid FROM pg_catalog.pg_class WHERE relname = 'tournaments' AND relnamespace = (SELECT oid FROM pg_catalog.pg_namespace WHERE nspname = CURRENT_SCHEMA()))

2025/09/23 11:58:36 [32m/Users/bogdan/work/Septica/backend/internal/database/database.go:52
[0m[33m[0.101ms] [34;1m[rows:0][0m SELECT description FROM pg_catalog.pg_description WHERE objsubid = (SELECT ordinal_position FROM information_schema.columns WHERE table_schema = CURRENT_SCHEMA() AND table_name = 'tournaments' AND column_name = 'prize_pool_gems') AND objoid = (SELECT oid FROM pg_catalog.pg_class WHERE relname = 'tournaments' AND relnamespace = (SELECT oid FROM pg_catalog.pg_namespace WHERE nspname = CURRENT_SCHEMA()))

2025/09/23 11:58:36 [32m/Users/bogdan/work/Septica/backend/internal/database/database.go:52
[0m[33m[0.111ms] [34;1m[rows:0][0m SELECT description FROM pg_catalog.pg_description WHERE objsubid = (SELECT ordinal_position FROM information_schema.columns WHERE table_schema = CURRENT_SCHEMA() AND table_name = 'tournaments' AND column_name = 'prize_distribution_type') AND objoid = (SELECT oid FROM pg_catalog.pg_class WHERE relname = 'tournaments' AND relnamespace = (SELECT oid FROM pg_catalog.pg_namespace WHERE nspname = CURRENT_SCHEMA()))

2025/09/23 11:58:36 [32m/Users/bogdan/work/Septica/backend/internal/database/database.go:52
[0m[33m[0.110ms] [34;1m[rows:0][0m SELECT description FROM pg_catalog.pg_description WHERE objsubid = (SELECT ordinal_position FROM information_schema.columns WHERE table_schema = CURRENT_SCHEMA() AND table_name = 'tournaments' AND column_name = 'first_place_prize_percent') AND objoid = (SELECT oid FROM pg_catalog.pg_class WHERE relname = 'tournaments' AND relnamespace = (SELECT oid FROM pg_catalog.pg_namespace WHERE nspname = CURRENT_SCHEMA()))

2025/09/23 11:58:36 [32m/Users/bogdan/work/Septica/backend/internal/database/database.go:52
[0m[33m[0.110ms] [34;1m[rows:0][0m SELECT description FROM pg_catalog.pg_description WHERE objsubid = (SELECT ordinal_position FROM information_schema.columns WHERE table_schema = CURRENT_SCHEMA() AND table_name = 'tournaments' AND column_name = 'second_place_prize_percent') AND objoid = (SELECT oid FROM pg_catalog.pg_class WHERE relname = 'tournaments' AND relnamespace = (SELECT oid FROM pg_catalog.pg_namespace WHERE nspname = CURRENT_SCHEMA()))

2025/09/23 11:58:36 [32m/Users/bogdan/work/Septica/backend/internal/database/database.go:52
[0m[33m[0.100ms] [34;1m[rows:0][0m SELECT description FROM pg_catalog.pg_description WHERE objsubid = (SELECT ordinal_position FROM information_schema.columns WHERE table_schema = CURRENT_SCHEMA() AND table_name = 'tournaments' AND column_name = 'third_place_prize_percent') AND objoid = (SELECT oid FROM pg_catalog.pg_class WHERE relname = 'tournaments' AND relnamespace = (SELECT oid FROM pg_catalog.pg_namespace WHERE nspname = CURRENT_SCHEMA()))

2025/09/23 11:58:36 [32m/Users/bogdan/work/Septica/backend/internal/database/database.go:52
[0m[33m[0.106ms] [34;1m[rows:0][0m SELECT description FROM pg_catalog.pg_description WHERE objsubid = (SELECT ordinal_position FROM information_schema.columns WHERE table_schema = CURRENT_SCHEMA() AND table_name = 'tournaments' AND column_name = 'swiss_rounds') AND objoid = (SELECT oid FROM pg_catalog.pg_class WHERE relname = 'tournaments' AND relnamespace = (SELECT oid FROM pg_catalog.pg_namespace WHERE nspname = CURRENT_SCHEMA()))

2025/09/23 11:58:36 [32m/Users/bogdan/work/Septica/backend/internal/database/database.go:52
[0m[33m[0.112ms] [34;1m[rows:0][0m SELECT description FROM pg_catalog.pg_description WHERE objsubid = (SELECT ordinal_position FROM information_schema.columns WHERE table_schema = CURRENT_SCHEMA() AND table_name = 'tournaments' AND column_name = 'current_swiss_round') AND objoid = (SELECT oid FROM pg_catalog.pg_class WHERE relname = 'tournaments' AND relnamespace = (SELECT oid FROM pg_catalog.pg_namespace WHERE nspname = CURRENT_SCHEMA()))

2025/09/23 11:58:36 [32m/Users/bogdan/work/Septica/backend/internal/database/database.go:52
[0m[33m[0.114ms] [34;1m[rows:0][0m SELECT description FROM pg_catalog.pg_description WHERE objsubid = (SELECT ordinal_position FROM information_schema.columns WHERE table_schema = CURRENT_SCHEMA() AND table_name = 'tournaments' AND column_name = 'swiss_points_to_win') AND objoid = (SELECT oid FROM pg_catalog.pg_class WHERE relname = 'tournaments' AND relnamespace = (SELECT oid FROM pg_catalog.pg_namespace WHERE nspname = CURRENT_SCHEMA()))

2025/09/23 11:58:36 [32m/Users/bogdan/work/Septica/backend/internal/database/database.go:52
[0m[33m[0.110ms] [34;1m[rows:0][0m SELECT description FROM pg_catalog.pg_description WHERE objsubid = (SELECT ordinal_position FROM information_schema.columns WHERE table_schema = CURRENT_SCHEMA() AND table_name = 'tournaments' AND column_name = 'min_rating_required') AND objoid = (SELECT oid FROM pg_catalog.pg_class WHERE relname = 'tournaments' AND relnamespace = (SELECT oid FROM pg_catalog.pg_namespace WHERE nspname = CURRENT_SCHEMA()))

2025/09/23 11:58:36 [32m/Users/bogdan/work/Septica/backend/internal/database/database.go:52
[0m[33m[0.113ms] [34;1m[rows:0][0m SELECT description FROM pg_catalog.pg_description WHERE objsubid = (SELECT ordinal_position FROM information_schema.columns WHERE table_schema = CURRENT_SCHEMA() AND table_name = 'tournaments' AND column_name = 'max_rating_allowed') AND objoid = (SELECT oid FROM pg_catalog.pg_class WHERE relname = 'tournaments' AND relnamespace = (SELECT oid FROM pg_catalog.pg_namespace WHERE nspname = CURRENT_SCHEMA()))

2025/09/23 11:58:36 [32m/Users/bogdan/work/Septica/backend/internal/database/database.go:52
[0m[33m[0.106ms] [34;1m[rows:0][0m SELECT description FROM pg_catalog.pg_description WHERE objsubid = (SELECT ordinal_position FROM information_schema.columns WHERE table_schema = CURRENT_SCHEMA() AND table_name = 'tournaments' AND column_name = 'registration_start') AND objoid = (SELECT oid FROM pg_catalog.pg_class WHERE relname = 'tournaments' AND relnamespace = (SELECT oid FROM pg_catalog.pg_namespace WHERE nspname = CURRENT_SCHEMA()))

2025/09/23 11:58:36 [32m/Users/bogdan/work/Septica/backend/internal/database/database.go:52
[0m[33m[0.106ms] [34;1m[rows:0][0m SELECT description FROM pg_catalog.pg_description WHERE objsubid = (SELECT ordinal_position FROM information_schema.columns WHERE table_schema = CURRENT_SCHEMA() AND table_name = 'tournaments' AND column_name = 'registration_end') AND objoid = (SELECT oid FROM pg_catalog.pg_class WHERE relname = 'tournaments' AND relnamespace = (SELECT oid FROM pg_catalog.pg_namespace WHERE nspname = CURRENT_SCHEMA()))

2025/09/23 11:58:36 [32m/Users/bogdan/work/Septica/backend/internal/database/database.go:52
[0m[33m[0.096ms] [34;1m[rows:0][0m SELECT description FROM pg_catalog.pg_description WHERE objsubid = (SELECT ordinal_position FROM information_schema.columns WHERE table_schema = CURRENT_SCHEMA() AND table_name = 'tournaments' AND column_name = 'tournament_start') AND objoid = (SELECT oid FROM pg_catalog.pg_class WHERE relname = 'tournaments' AND relnamespace = (SELECT oid FROM pg_catalog.pg_namespace WHERE nspname = CURRENT_SCHEMA()))

2025/09/23 11:58:36 [32m/Users/bogdan/work/Septica/backend/internal/database/database.go:52
[0m[33m[0.097ms] [34;1m[rows:0][0m SELECT description FROM pg_catalog.pg_description WHERE objsubid = (SELECT ordinal_position FROM information_schema.columns WHERE table_schema = CURRENT_SCHEMA() AND table_name = 'tournaments' AND column_name = 'tournament_end') AND objoid = (SELECT oid FROM pg_catalog.pg_class WHERE relname = 'tournaments' AND relnamespace = (SELECT oid FROM pg_catalog.pg_namespace WHERE nspname = CURRENT_SCHEMA()))

2025/09/23 11:58:36 [32m/Users/bogdan/work/Septica/backend/internal/database/database.go:52
[0m[33m[0.104ms] [34;1m[rows:0][0m SELECT description FROM pg_catalog.pg_description WHERE objsubid = (SELECT ordinal_position FROM information_schema.columns WHERE table_schema = CURRENT_SCHEMA() AND table_name = 'tournaments' AND column_name = 'creator_player_id') AND objoid = (SELECT oid FROM pg_catalog.pg_class WHERE relname = 'tournaments' AND relnamespace = (SELECT oid FROM pg_catalog.pg_namespace WHERE nspname = CURRENT_SCHEMA()))

2025/09/23 11:58:36 [32m/Users/bogdan/work/Septica/backend/internal/database/database.go:52
[0m[33m[0.103ms] [34;1m[rows:0][0m SELECT description FROM pg_catalog.pg_description WHERE objsubid = (SELECT ordinal_position FROM information_schema.columns WHERE table_schema = CURRENT_SCHEMA() AND table_name = 'tournaments' AND column_name = 'is_private') AND objoid = (SELECT oid FROM pg_catalog.pg_class WHERE relname = 'tournaments' AND relnamespace = (SELECT oid FROM pg_catalog.pg_namespace WHERE nspname = CURRENT_SCHEMA()))

2025/09/23 11:58:36 [32m/Users/bogdan/work/Septica/backend/internal/database/database.go:52
[0m[33m[0.107ms] [34;1m[rows:0][0m SELECT description FROM pg_catalog.pg_description WHERE objsubid = (SELECT ordinal_position FROM information_schema.columns WHERE table_schema = CURRENT_SCHEMA() AND table_name = 'tournaments' AND column_name = 'invite_code') AND objoid = (SELECT oid FROM pg_catalog.pg_class WHERE relname = 'tournaments' AND relnamespace = (SELECT oid FROM pg_catalog.pg_namespace WHERE nspname = CURRENT_SCHEMA()))

2025/09/23 11:58:36 [32m/Users/bogdan/work/Septica/backend/internal/database/database.go:52
[0m[33m[0.372ms] [34;1m[rows:1][0m SELECT count(*) FROM INFORMATION_SCHEMA.table_constraints WHERE table_schema = CURRENT_SCHEMA() AND table_name = 'tournaments' AND constraint_name = 'fk_tournaments_creator'

2025/09/23 11:58:36 [32m/Users/bogdan/work/Septica/backend/internal/database/database.go:52
[0m[33m[0.102ms] [34;1m[rows:1][0m SELECT count(*) FROM pg_indexes WHERE tablename = 'tournaments' AND indexname = 'idx_tournaments_invite_code' AND schemaname = CURRENT_SCHEMA()

2025/09/23 11:58:36 [32m/Users/bogdan/work/Septica/backend/internal/database/database.go:52
[0m[33m[0.211ms] [34;1m[rows:1][0m SELECT count(*) FROM information_schema.tables WHERE table_schema = CURRENT_SCHEMA() AND table_name = 'tournament_brackets' AND table_type = 'BASE TABLE'

2025/09/23 11:58:36 [32m/Users/bogdan/work/Septica/backend/internal/database/database.go:52
[0m[33m[0.062ms] [34;1m[rows:1][0m SELECT CURRENT_DATABASE()

2025/09/23 11:58:36 [32m/Users/bogdan/work/Septica/backend/internal/database/database.go:52
[0m[33m[0.596ms] [34;1m[rows:-][0m SELECT c.column_name, c.is_nullable = 'YES', c.udt_name, c.character_maximum_length, c.numeric_precision, c.numeric_precision_radix, c.numeric_scale, c.datetime_precision, 8 * typlen, c.column_default, pd.description, c.identity_increment FROM information_schema.columns AS c JOIN pg_type AS pgt ON c.udt_name = pgt.typname LEFT JOIN pg_catalog.pg_description as pd ON pd.objsubid = c.ordinal_position AND pd.objoid = (SELECT oid FROM pg_catalog.pg_class WHERE relname = c.table_name AND relnamespace = (SELECT oid FROM pg_catalog.pg_namespace WHERE nspname = c.table_schema)) where table_catalog = 'septica' AND table_schema = CURRENT_SCHEMA() AND table_name = 'tournament_brackets'

2025/09/23 11:58:36 [32m/Users/bogdan/work/Septica/backend/internal/database/database.go:52
[0m[33m[0.231ms] [34;1m[rows:-][0m SELECT * FROM "tournament_brackets" LIMIT 1

2025/09/23 11:58:36 [32m/Users/bogdan/work/Septica/backend/internal/database/database.go:52
[0m[33m[3.280ms] [34;1m[rows:-][0m SELECT constraint_name FROM information_schema.table_constraints tc JOIN information_schema.constraint_column_usage AS ccu USING (constraint_schema, constraint_name) JOIN information_schema.columns AS c ON c.table_schema = tc.constraint_schema AND tc.table_name = c.table_name AND ccu.column_name = c.column_name WHERE constraint_type IN ('PRIMARY KEY', 'UNIQUE') AND c.table_catalog = 'septica' AND c.table_schema = CURRENT_SCHEMA() AND c.table_name = 'tournament_brackets' AND constraint_type = 'UNIQUE'

2025/09/23 11:58:36 [32m/Users/bogdan/work/Septica/backend/internal/database/database.go:52
[0m[33m[3.821ms] [34;1m[rows:-][0m SELECT c.column_name, constraint_name, constraint_type FROM information_schema.table_constraints tc JOIN information_schema.constraint_column_usage AS ccu USING (constraint_schema, constraint_name) JOIN information_schema.columns AS c ON c.table_schema = tc.constraint_schema AND tc.table_name = c.table_name AND ccu.column_name = c.column_name WHERE constraint_type IN ('PRIMARY KEY', 'UNIQUE') AND c.table_catalog = 'septica' AND c.table_schema = CURRENT_SCHEMA() AND c.table_name = 'tournament_brackets'

2025/09/23 11:58:36 [32m/Users/bogdan/work/Septica/backend/internal/database/database.go:52
[0m[33m[0.108ms] [34;1m[rows:-][0m SELECT a.attname as column_name, format_type(a.atttypid, a.atttypmod) AS data_type
		FROM pg_attribute a JOIN pg_class b ON a.attrelid = b.oid AND relnamespace = (SELECT oid FROM pg_catalog.pg_namespace WHERE nspname = CURRENT_SCHEMA())
		WHERE a.attnum > 0 -- hide internal columns
		AND NOT a.attisdropped -- hide deleted columns
		AND b.relname = 'tournament_brackets'

2025/09/23 11:58:36 [32m/Users/bogdan/work/Septica/backend/internal/database/database.go:52
[0m[33m[0.138ms] [34;1m[rows:0][0m SELECT description FROM pg_catalog.pg_description WHERE objsubid = (SELECT ordinal_position FROM information_schema.columns WHERE table_schema = CURRENT_SCHEMA() AND table_name = 'tournament_brackets' AND column_name = 'id') AND objoid = (SELECT oid FROM pg_catalog.pg_class WHERE relname = 'tournament_brackets' AND relnamespace = (SELECT oid FROM pg_catalog.pg_namespace WHERE nspname = CURRENT_SCHEMA()))

2025/09/23 11:58:36 [32m/Users/bogdan/work/Septica/backend/internal/database/database.go:52
[0m[33m[0.134ms] [34;1m[rows:0][0m SELECT description FROM pg_catalog.pg_description WHERE objsubid = (SELECT ordinal_position FROM information_schema.columns WHERE table_schema = CURRENT_SCHEMA() AND table_name = 'tournament_brackets' AND column_name = 'created_at') AND objoid = (SELECT oid FROM pg_catalog.pg_class WHERE relname = 'tournament_brackets' AND relnamespace = (SELECT oid FROM pg_catalog.pg_namespace WHERE nspname = CURRENT_SCHEMA()))

2025/09/23 11:58:36 [32m/Users/bogdan/work/Septica/backend/internal/database/database.go:52
[0m[33m[0.128ms] [34;1m[rows:0][0m SELECT description FROM pg_catalog.pg_description WHERE objsubid = (SELECT ordinal_position FROM information_schema.columns WHERE table_schema = CURRENT_SCHEMA() AND table_name = 'tournament_brackets' AND column_name = 'updated_at') AND objoid = (SELECT oid FROM pg_catalog.pg_class WHERE relname = 'tournament_brackets' AND relnamespace = (SELECT oid FROM pg_catalog.pg_namespace WHERE nspname = CURRENT_SCHEMA()))

2025/09/23 11:58:36 [32m/Users/bogdan/work/Septica/backend/internal/database/database.go:52
[0m[33m[0.136ms] [34;1m[rows:0][0m SELECT description FROM pg_catalog.pg_description WHERE objsubid = (SELECT ordinal_position FROM information_schema.columns WHERE table_schema = CURRENT_SCHEMA() AND table_name = 'tournament_brackets' AND column_name = 'tournament_id') AND objoid = (SELECT oid FROM pg_catalog.pg_class WHERE relname = 'tournament_brackets' AND relnamespace = (SELECT oid FROM pg_catalog.pg_namespace WHERE nspname = CURRENT_SCHEMA()))

2025/09/23 11:58:36 [32m/Users/bogdan/work/Septica/backend/internal/database/database.go:52
[0m[33m[0.145ms] [34;1m[rows:0][0m SELECT description FROM pg_catalog.pg_description WHERE objsubid = (SELECT ordinal_position FROM information_schema.columns WHERE table_schema = CURRENT_SCHEMA() AND table_name = 'tournament_brackets' AND column_name = 'bracket_type') AND objoid = (SELECT oid FROM pg_catalog.pg_class WHERE relname = 'tournament_brackets' AND relnamespace = (SELECT oid FROM pg_catalog.pg_namespace WHERE nspname = CURRENT_SCHEMA()))

2025/09/23 11:58:36 [32m/Users/bogdan/work/Septica/backend/internal/database/database.go:52
[0m[33m[0.130ms] [34;1m[rows:0][0m SELECT description FROM pg_catalog.pg_description WHERE objsubid = (SELECT ordinal_position FROM information_schema.columns WHERE table_schema = CURRENT_SCHEMA() AND table_name = 'tournament_brackets' AND column_name = 'round') AND objoid = (SELECT oid FROM pg_catalog.pg_class WHERE relname = 'tournament_brackets' AND relnamespace = (SELECT oid FROM pg_catalog.pg_namespace WHERE nspname = CURRENT_SCHEMA()))

2025/09/23 11:58:36 [32m/Users/bogdan/work/Septica/backend/internal/database/database.go:52
[0m[33m[0.132ms] [34;1m[rows:0][0m SELECT description FROM pg_catalog.pg_description WHERE objsubid = (SELECT ordinal_position FROM information_schema.columns WHERE table_schema = CURRENT_SCHEMA() AND table_name = 'tournament_brackets' AND column_name = 'position') AND objoid = (SELECT oid FROM pg_catalog.pg_class WHERE relname = 'tournament_brackets' AND relnamespace = (SELECT oid FROM pg_catalog.pg_namespace WHERE nspname = CURRENT_SCHEMA()))

2025/09/23 11:58:36 [32m/Users/bogdan/work/Septica/backend/internal/database/database.go:52
[0m[33m[0.124ms] [34;1m[rows:0][0m SELECT description FROM pg_catalog.pg_description WHERE objsubid = (SELECT ordinal_position FROM information_schema.columns WHERE table_schema = CURRENT_SCHEMA() AND table_name = 'tournament_brackets' AND column_name = 'player1_id') AND objoid = (SELECT oid FROM pg_catalog.pg_class WHERE relname = 'tournament_brackets' AND relnamespace = (SELECT oid FROM pg_catalog.pg_namespace WHERE nspname = CURRENT_SCHEMA()))

2025/09/23 11:58:36 [32m/Users/bogdan/work/Septica/backend/internal/database/database.go:52
[0m[33m[0.114ms] [34;1m[rows:0][0m SELECT description FROM pg_catalog.pg_description WHERE objsubid = (SELECT ordinal_position FROM information_schema.columns WHERE table_schema = CURRENT_SCHEMA() AND table_name = 'tournament_brackets' AND column_name = 'player2_id') AND objoid = (SELECT oid FROM pg_catalog.pg_class WHERE relname = 'tournament_brackets' AND relnamespace = (SELECT oid FROM pg_catalog.pg_namespace WHERE nspname = CURRENT_SCHEMA()))

2025/09/23 11:58:36 [32m/Users/bogdan/work/Septica/backend/internal/database/database.go:52
[0m[33m[0.109ms] [34;1m[rows:0][0m SELECT description FROM pg_catalog.pg_description WHERE objsubid = (SELECT ordinal_position FROM information_schema.columns WHERE table_schema = CURRENT_SCHEMA() AND table_name = 'tournament_brackets' AND column_name = 'winner_id') AND objoid = (SELECT oid FROM pg_catalog.pg_class WHERE relname = 'tournament_brackets' AND relnamespace = (SELECT oid FROM pg_catalog.pg_namespace WHERE nspname = CURRENT_SCHEMA()))

2025/09/23 11:58:36 [32m/Users/bogdan/work/Septica/backend/internal/database/database.go:52
[0m[33m[0.100ms] [34;1m[rows:0][0m SELECT description FROM pg_catalog.pg_description WHERE objsubid = (SELECT ordinal_position FROM information_schema.columns WHERE table_schema = CURRENT_SCHEMA() AND table_name = 'tournament_brackets' AND column_name = 'game_id') AND objoid = (SELECT oid FROM pg_catalog.pg_class WHERE relname = 'tournament_brackets' AND relnamespace = (SELECT oid FROM pg_catalog.pg_namespace WHERE nspname = CURRENT_SCHEMA()))

2025/09/23 11:58:36 [32m/Users/bogdan/work/Septica/backend/internal/database/database.go:52
[0m[33m[0.316ms] [34;1m[rows:0][0m SELECT description FROM pg_catalog.pg_description WHERE objsubid = (SELECT ordinal_position FROM information_schema.columns WHERE table_schema = CURRENT_SCHEMA() AND table_name = 'tournament_brackets' AND column_name = 'advances_to_bracket') AND objoid = (SELECT oid FROM pg_catalog.pg_class WHERE relname = 'tournament_brackets' AND relnamespace = (SELECT oid FROM pg_catalog.pg_namespace WHERE nspname = CURRENT_SCHEMA()))

2025/09/23 11:58:36 [32m/Users/bogdan/work/Septica/backend/internal/database/database.go:52
[0m[33m[0.110ms] [34;1m[rows:0][0m SELECT description FROM pg_catalog.pg_description WHERE objsubid = (SELECT ordinal_position FROM information_schema.columns WHERE table_schema = CURRENT_SCHEMA() AND table_name = 'tournament_brackets' AND column_name = 'is_complete') AND objoid = (SELECT oid FROM pg_catalog.pg_class WHERE relname = 'tournament_brackets' AND relnamespace = (SELECT oid FROM pg_catalog.pg_namespace WHERE nspname = CURRENT_SCHEMA()))

2025/09/23 11:58:36 [32m/Users/bogdan/work/Septica/backend/internal/database/database.go:52
[0m[33m[0.104ms] [34;1m[rows:0][0m SELECT description FROM pg_catalog.pg_description WHERE objsubid = (SELECT ordinal_position FROM information_schema.columns WHERE table_schema = CURRENT_SCHEMA() AND table_name = 'tournament_brackets' AND column_name = 'is_bye') AND objoid = (SELECT oid FROM pg_catalog.pg_class WHERE relname = 'tournament_brackets' AND relnamespace = (SELECT oid FROM pg_catalog.pg_namespace WHERE nspname = CURRENT_SCHEMA()))

2025/09/23 11:58:36 [32m/Users/bogdan/work/Septica/backend/internal/database/database.go:52
[0m[33m[0.414ms] [34;1m[rows:1][0m SELECT count(*) FROM INFORMATION_SCHEMA.table_constraints WHERE table_schema = CURRENT_SCHEMA() AND table_name = 'tournament_brackets' AND constraint_name = 'fk_tournament_brackets_player1'

2025/09/23 11:58:36 [32m/Users/bogdan/work/Septica/backend/internal/database/database.go:52
[0m[33m[0.338ms] [34;1m[rows:1][0m SELECT count(*) FROM INFORMATION_SCHEMA.table_constraints WHERE table_schema = CURRENT_SCHEMA() AND table_name = 'tournament_brackets' AND constraint_name = 'fk_tournament_brackets_player2'

2025/09/23 11:58:36 [32m/Users/bogdan/work/Septica/backend/internal/database/database.go:52
[0m[33m[0.366ms] [34;1m[rows:1][0m SELECT count(*) FROM INFORMATION_SCHEMA.table_constraints WHERE table_schema = CURRENT_SCHEMA() AND table_name = 'tournament_brackets' AND constraint_name = 'fk_tournament_brackets_winner'

2025/09/23 11:58:36 [32m/Users/bogdan/work/Septica/backend/internal/database/database.go:52
[0m[33m[0.397ms] [34;1m[rows:1][0m SELECT count(*) FROM INFORMATION_SCHEMA.table_constraints WHERE table_schema = CURRENT_SCHEMA() AND table_name = 'tournament_brackets' AND constraint_name = 'fk_tournament_brackets_game'

2025/09/23 11:58:36 [32m/Users/bogdan/work/Septica/backend/internal/database/database.go:52
[0m[33m[0.123ms] [34;1m[rows:1][0m SELECT count(*) FROM INFORMATION_SCHEMA.table_constraints WHERE table_schema = CURRENT_SCHEMA() AND table_name = 'tournament_brackets' AND constraint_name = 'fk_tournaments_brackets'

2025/09/23 11:58:36 [32m/Users/bogdan/work/Septica/backend/internal/database/database.go:52
[0m[33m[0.224ms] [34;1m[rows:1][0m SELECT count(*) FROM information_schema.tables WHERE table_schema = CURRENT_SCHEMA() AND table_name = 'games' AND table_type = 'BASE TABLE'

2025/09/23 11:58:36 [32m/Users/bogdan/work/Septica/backend/internal/database/database.go:52
[0m[33m[1.649ms] [34;1m[rows:1][0m SELECT CURRENT_DATABASE()

2025/09/23 11:58:36 [32m/Users/bogdan/work/Septica/backend/internal/database/database.go:52
[0m[33m[0.928ms] [34;1m[rows:-][0m SELECT c.column_name, c.is_nullable = 'YES', c.udt_name, c.character_maximum_length, c.numeric_precision, c.numeric_precision_radix, c.numeric_scale, c.datetime_precision, 8 * typlen, c.column_default, pd.description, c.identity_increment FROM information_schema.columns AS c JOIN pg_type AS pgt ON c.udt_name = pgt.typname LEFT JOIN pg_catalog.pg_description as pd ON pd.objsubid = c.ordinal_position AND pd.objoid = (SELECT oid FROM pg_catalog.pg_class WHERE relname = c.table_name AND relnamespace = (SELECT oid FROM pg_catalog.pg_namespace WHERE nspname = c.table_schema)) where table_catalog = 'septica' AND table_schema = CURRENT_SCHEMA() AND table_name = 'games'

2025/09/23 11:58:36 [32m/Users/bogdan/work/Septica/backend/internal/database/database.go:52
[0m[33m[0.238ms] [34;1m[rows:-][0m SELECT * FROM "games" LIMIT 1

2025/09/23 11:58:36 [32m/Users/bogdan/work/Septica/backend/internal/database/database.go:52
[0m[33m[6.065ms] [34;1m[rows:-][0m SELECT constraint_name FROM information_schema.table_constraints tc JOIN information_schema.constraint_column_usage AS ccu USING (constraint_schema, constraint_name) JOIN information_schema.columns AS c ON c.table_schema = tc.constraint_schema AND tc.table_name = c.table_name AND ccu.column_name = c.column_name WHERE constraint_type IN ('PRIMARY KEY', 'UNIQUE') AND c.table_catalog = 'septica' AND c.table_schema = CURRENT_SCHEMA() AND c.table_name = 'games' AND constraint_type = 'UNIQUE'

2025/09/23 11:58:36 [32m/Users/bogdan/work/Septica/backend/internal/database/database.go:52
[0m[33m[6.833ms] [34;1m[rows:-][0m SELECT c.column_name, constraint_name, constraint_type FROM information_schema.table_constraints tc JOIN information_schema.constraint_column_usage AS ccu USING (constraint_schema, constraint_name) JOIN information_schema.columns AS c ON c.table_schema = tc.constraint_schema AND tc.table_name = c.table_name AND ccu.column_name = c.column_name WHERE constraint_type IN ('PRIMARY KEY', 'UNIQUE') AND c.table_catalog = 'septica' AND c.table_schema = CURRENT_SCHEMA() AND c.table_name = 'games'

2025/09/23 11:58:36 [32m/Users/bogdan/work/Septica/backend/internal/database/database.go:52
[0m[33m[0.117ms] [34;1m[rows:-][0m SELECT a.attname as column_name, format_type(a.atttypid, a.atttypmod) AS data_type
		FROM pg_attribute a JOIN pg_class b ON a.attrelid = b.oid AND relnamespace = (SELECT oid FROM pg_catalog.pg_namespace WHERE nspname = CURRENT_SCHEMA())
		WHERE a.attnum > 0 -- hide internal columns
		AND NOT a.attisdropped -- hide deleted columns
		AND b.relname = 'games'

2025/09/23 11:58:36 [32m/Users/bogdan/work/Septica/backend/internal/database/database.go:52
[0m[33m[0.141ms] [34;1m[rows:0][0m SELECT description FROM pg_catalog.pg_description WHERE objsubid = (SELECT ordinal_position FROM information_schema.columns WHERE table_schema = CURRENT_SCHEMA() AND table_name = 'games' AND column_name = 'id') AND objoid = (SELECT oid FROM pg_catalog.pg_class WHERE relname = 'games' AND relnamespace = (SELECT oid FROM pg_catalog.pg_namespace WHERE nspname = CURRENT_SCHEMA()))

2025/09/23 11:58:36 [32m/Users/bogdan/work/Septica/backend/internal/database/database.go:52
[0m[33m[0.107ms] [34;1m[rows:0][0m SELECT description FROM pg_catalog.pg_description WHERE objsubid = (SELECT ordinal_position FROM information_schema.columns WHERE table_schema = CURRENT_SCHEMA() AND table_name = 'games' AND column_name = 'created_at') AND objoid = (SELECT oid FROM pg_catalog.pg_class WHERE relname = 'games' AND relnamespace = (SELECT oid FROM pg_catalog.pg_namespace WHERE nspname = CURRENT_SCHEMA()))

2025/09/23 11:58:36 [32m/Users/bogdan/work/Septica/backend/internal/database/database.go:52
[0m[33m[0.137ms] [34;1m[rows:0][0m SELECT description FROM pg_catalog.pg_description WHERE objsubid = (SELECT ordinal_position FROM information_schema.columns WHERE table_schema = CURRENT_SCHEMA() AND table_name = 'games' AND column_name = 'updated_at') AND objoid = (SELECT oid FROM pg_catalog.pg_class WHERE relname = 'games' AND relnamespace = (SELECT oid FROM pg_catalog.pg_namespace WHERE nspname = CURRENT_SCHEMA()))

2025/09/23 11:58:36 [32m/Users/bogdan/work/Septica/backend/internal/database/database.go:52
[0m[33m[0.139ms] [34;1m[rows:0][0m SELECT description FROM pg_catalog.pg_description WHERE objsubid = (SELECT ordinal_position FROM information_schema.columns WHERE table_schema = CURRENT_SCHEMA() AND table_name = 'games' AND column_name = 'player1_id') AND objoid = (SELECT oid FROM pg_catalog.pg_class WHERE relname = 'games' AND relnamespace = (SELECT oid FROM pg_catalog.pg_namespace WHERE nspname = CURRENT_SCHEMA()))

2025/09/23 11:58:36 [32m/Users/bogdan/work/Septica/backend/internal/database/database.go:52
[0m[33m[0.122ms] [34;1m[rows:0][0m SELECT description FROM pg_catalog.pg_description WHERE objsubid = (SELECT ordinal_position FROM information_schema.columns WHERE table_schema = CURRENT_SCHEMA() AND table_name = 'games' AND column_name = 'player2_id') AND objoid = (SELECT oid FROM pg_catalog.pg_class WHERE relname = 'games' AND relnamespace = (SELECT oid FROM pg_catalog.pg_namespace WHERE nspname = CURRENT_SCHEMA()))

2025/09/23 11:58:36 [32m/Users/bogdan/work/Septica/backend/internal/database/database.go:52
[0m[33m[0.129ms] [34;1m[rows:0][0m SELECT description FROM pg_catalog.pg_description WHERE objsubid = (SELECT ordinal_position FROM information_schema.columns WHERE table_schema = CURRENT_SCHEMA() AND table_name = 'games' AND column_name = 'tournament_id') AND objoid = (SELECT oid FROM pg_catalog.pg_class WHERE relname = 'games' AND relnamespace = (SELECT oid FROM pg_catalog.pg_namespace WHERE nspname = CURRENT_SCHEMA()))

2025/09/23 11:58:36 [32m/Users/bogdan/work/Septica/backend/internal/database/database.go:52
[0m[33m[0.118ms] [34;1m[rows:0][0m SELECT description FROM pg_catalog.pg_description WHERE objsubid = (SELECT ordinal_position FROM information_schema.columns WHERE table_schema = CURRENT_SCHEMA() AND table_name = 'games' AND column_name = 'tournament_bracket_id') AND objoid = (SELECT oid FROM pg_catalog.pg_class WHERE relname = 'games' AND relnamespace = (SELECT oid FROM pg_catalog.pg_namespace WHERE nspname = CURRENT_SCHEMA()))

2025/09/23 11:58:36 [32m/Users/bogdan/work/Septica/backend/internal/database/database.go:52
[0m[33m[0.128ms] [34;1m[rows:0][0m SELECT description FROM pg_catalog.pg_description WHERE objsubid = (SELECT ordinal_position FROM information_schema.columns WHERE table_schema = CURRENT_SCHEMA() AND table_name = 'games' AND column_name = 'tournament_round') AND objoid = (SELECT oid FROM pg_catalog.pg_class WHERE relname = 'games' AND relnamespace = (SELECT oid FROM pg_catalog.pg_namespace WHERE nspname = CURRENT_SCHEMA()))

2025/09/23 11:58:36 [32m/Users/bogdan/work/Septica/backend/internal/database/database.go:52
[0m[33m[0.121ms] [34;1m[rows:0][0m SELECT description FROM pg_catalog.pg_description WHERE objsubid = (SELECT ordinal_position FROM information_schema.columns WHERE table_schema = CURRENT_SCHEMA() AND table_name = 'games' AND column_name = 'is_playoff_game') AND objoid = (SELECT oid FROM pg_catalog.pg_class WHERE relname = 'games' AND relnamespace = (SELECT oid FROM pg_catalog.pg_namespace WHERE nspname = CURRENT_SCHEMA()))

2025/09/23 11:58:36 [32m/Users/bogdan/work/Septica/backend/internal/database/database.go:52
[0m[33m[0.123ms] [34;1m[rows:0][0m SELECT description FROM pg_catalog.pg_description WHERE objsubid = (SELECT ordinal_position FROM information_schema.columns WHERE table_schema = CURRENT_SCHEMA() AND table_name = 'games' AND column_name = 'status') AND objoid = (SELECT oid FROM pg_catalog.pg_class WHERE relname = 'games' AND relnamespace = (SELECT oid FROM pg_catalog.pg_namespace WHERE nspname = CURRENT_SCHEMA()))

2025/09/23 11:58:36 [32m/Users/bogdan/work/Septica/backend/internal/database/database.go:52
[0m[33m[0.124ms] [34;1m[rows:0][0m SELECT description FROM pg_catalog.pg_description WHERE objsubid = (SELECT ordinal_position FROM information_schema.columns WHERE table_schema = CURRENT_SCHEMA() AND table_name = 'games' AND column_name = 'winner_id') AND objoid = (SELECT oid FROM pg_catalog.pg_class WHERE relname = 'games' AND relnamespace = (SELECT oid FROM pg_catalog.pg_namespace WHERE nspname = CURRENT_SCHEMA()))

2025/09/23 11:58:36 [32m/Users/bogdan/work/Septica/backend/internal/database/database.go:52
[0m[33m[0.132ms] [34;1m[rows:0][0m SELECT description FROM pg_catalog.pg_description WHERE objsubid = (SELECT ordinal_position FROM information_schema.columns WHERE table_schema = CURRENT_SCHEMA() AND table_name = 'games' AND column_name = 'player1_score') AND objoid = (SELECT oid FROM pg_catalog.pg_class WHERE relname = 'games' AND relnamespace = (SELECT oid FROM pg_catalog.pg_namespace WHERE nspname = CURRENT_SCHEMA()))

2025/09/23 11:58:36 [32m/Users/bogdan/work/Septica/backend/internal/database/database.go:52
[0m[33m[0.119ms] [34;1m[rows:0][0m SELECT description FROM pg_catalog.pg_description WHERE objsubid = (SELECT ordinal_position FROM information_schema.columns WHERE table_schema = CURRENT_SCHEMA() AND table_name = 'games' AND column_name = 'player2_score') AND objoid = (SELECT oid FROM pg_catalog.pg_class WHERE relname = 'games' AND relnamespace = (SELECT oid FROM pg_catalog.pg_namespace WHERE nspname = CURRENT_SCHEMA()))

2025/09/23 11:58:36 [32m/Users/bogdan/work/Septica/backend/internal/database/database.go:52
[0m[33m[0.122ms] [34;1m[rows:0][0m SELECT description FROM pg_catalog.pg_description WHERE objsubid = (SELECT ordinal_position FROM information_schema.columns WHERE table_schema = CURRENT_SCHEMA() AND table_name = 'games' AND column_name = 'is_mars') AND objoid = (SELECT oid FROM pg_catalog.pg_class WHERE relname = 'games' AND relnamespace = (SELECT oid FROM pg_catalog.pg_namespace WHERE nspname = CURRENT_SCHEMA()))

2025/09/23 11:58:36 [32m/Users/bogdan/work/Septica/backend/internal/database/database.go:52
[0m[33m[0.132ms] [34;1m[rows:0][0m SELECT description FROM pg_catalog.pg_description WHERE objsubid = (SELECT ordinal_position FROM information_schema.columns WHERE table_schema = CURRENT_SCHEMA() AND table_name = 'games' AND column_name = 'game_mode') AND objoid = (SELECT oid FROM pg_catalog.pg_class WHERE relname = 'games' AND relnamespace = (SELECT oid FROM pg_catalog.pg_namespace WHERE nspname = CURRENT_SCHEMA()))

2025/09/23 11:58:36 [32m/Users/bogdan/work/Septica/backend/internal/database/database.go:52
[0m[33m[0.126ms] [34;1m[rows:0][0m SELECT description FROM pg_catalog.pg_description WHERE objsubid = (SELECT ordinal_position FROM information_schema.columns WHERE table_schema = CURRENT_SCHEMA() AND table_name = 'games' AND column_name = 'started_at') AND objoid = (SELECT oid FROM pg_catalog.pg_class WHERE relname = 'games' AND relnamespace = (SELECT oid FROM pg_catalog.pg_namespace WHERE nspname = CURRENT_SCHEMA()))

2025/09/23 11:58:36 [32m/Users/bogdan/work/Septica/backend/internal/database/database.go:52
[0m[33m[0.123ms] [34;1m[rows:0][0m SELECT description FROM pg_catalog.pg_description WHERE objsubid = (SELECT ordinal_position FROM information_schema.columns WHERE table_schema = CURRENT_SCHEMA() AND table_name = 'games' AND column_name = 'ended_at') AND objoid = (SELECT oid FROM pg_catalog.pg_class WHERE relname = 'games' AND relnamespace = (SELECT oid FROM pg_catalog.pg_namespace WHERE nspname = CURRENT_SCHEMA()))

2025/09/23 11:58:36 [32m/Users/bogdan/work/Septica/backend/internal/database/database.go:52
[0m[33m[0.123ms] [34;1m[rows:0][0m SELECT description FROM pg_catalog.pg_description WHERE objsubid = (SELECT ordinal_position FROM information_schema.columns WHERE table_schema = CURRENT_SCHEMA() AND table_name = 'games' AND column_name = 'duration_ms') AND objoid = (SELECT oid FROM pg_catalog.pg_class WHERE relname = 'games' AND relnamespace = (SELECT oid FROM pg_catalog.pg_namespace WHERE nspname = CURRENT_SCHEMA()))

2025/09/23 11:58:36 [32m/Users/bogdan/work/Septica/backend/internal/database/database.go:52
[0m[33m[0.122ms] [34;1m[rows:0][0m SELECT description FROM pg_catalog.pg_description WHERE objsubid = (SELECT ordinal_position FROM information_schema.columns WHERE table_schema = CURRENT_SCHEMA() AND table_name = 'games' AND column_name = 'move_count') AND objoid = (SELECT oid FROM pg_catalog.pg_class WHERE relname = 'games' AND relnamespace = (SELECT oid FROM pg_catalog.pg_namespace WHERE nspname = CURRENT_SCHEMA()))

2025/09/23 11:58:36 [32m/Users/bogdan/work/Septica/backend/internal/database/database.go:52
[0m[33m[0.121ms] [34;1m[rows:0][0m SELECT description FROM pg_catalog.pg_description WHERE objsubid = (SELECT ordinal_position FROM information_schema.columns WHERE table_schema = CURRENT_SCHEMA() AND table_name = 'games' AND column_name = 'trick_count') AND objoid = (SELECT oid FROM pg_catalog.pg_class WHERE relname = 'games' AND relnamespace = (SELECT oid FROM pg_catalog.pg_namespace WHERE nspname = CURRENT_SCHEMA()))

2025/09/23 11:58:36 [32m/Users/bogdan/work/Septica/backend/internal/database/database.go:52
[0m[33m[0.133ms] [34;1m[rows:0][0m SELECT description FROM pg_catalog.pg_description WHERE objsubid = (SELECT ordinal_position FROM information_schema.columns WHERE table_schema = CURRENT_SCHEMA() AND table_name = 'games' AND column_name = 'player1_rating_before') AND objoid = (SELECT oid FROM pg_catalog.pg_class WHERE relname = 'games' AND relnamespace = (SELECT oid FROM pg_catalog.pg_namespace WHERE nspname = CURRENT_SCHEMA()))

2025/09/23 11:58:36 [32m/Users/bogdan/work/Septica/backend/internal/database/database.go:52
[0m[33m[0.112ms] [34;1m[rows:0][0m SELECT description FROM pg_catalog.pg_description WHERE objsubid = (SELECT ordinal_position FROM information_schema.columns WHERE table_schema = CURRENT_SCHEMA() AND table_name = 'games' AND column_name = 'player2_rating_before') AND objoid = (SELECT oid FROM pg_catalog.pg_class WHERE relname = 'games' AND relnamespace = (SELECT oid FROM pg_catalog.pg_namespace WHERE nspname = CURRENT_SCHEMA()))

2025/09/23 11:58:36 [32m/Users/bogdan/work/Septica/backend/internal/database/database.go:52
[0m[33m[0.127ms] [34;1m[rows:0][0m SELECT description FROM pg_catalog.pg_description WHERE objsubid = (SELECT ordinal_position FROM information_schema.columns WHERE table_schema = CURRENT_SCHEMA() AND table_name = 'games' AND column_name = 'player1_rating_after') AND objoid = (SELECT oid FROM pg_catalog.pg_class WHERE relname = 'games' AND relnamespace = (SELECT oid FROM pg_catalog.pg_namespace WHERE nspname = CURRENT_SCHEMA()))

2025/09/23 11:58:36 [32m/Users/bogdan/work/Septica/backend/internal/database/database.go:52
[0m[33m[0.122ms] [34;1m[rows:0][0m SELECT description FROM pg_catalog.pg_description WHERE objsubid = (SELECT ordinal_position FROM information_schema.columns WHERE table_schema = CURRENT_SCHEMA() AND table_name = 'games' AND column_name = 'player2_rating_after') AND objoid = (SELECT oid FROM pg_catalog.pg_class WHERE relname = 'games' AND relnamespace = (SELECT oid FROM pg_catalog.pg_namespace WHERE nspname = CURRENT_SCHEMA()))

2025/09/23 11:58:36 [32m/Users/bogdan/work/Septica/backend/internal/database/database.go:52
[0m[33m[0.133ms] [34;1m[rows:0][0m SELECT description FROM pg_catalog.pg_description WHERE objsubid = (SELECT ordinal_position FROM information_schema.columns WHERE table_schema = CURRENT_SCHEMA() AND table_name = 'games' AND column_name = 'player1_rating_change') AND objoid = (SELECT oid FROM pg_catalog.pg_class WHERE relname = 'games' AND relnamespace = (SELECT oid FROM pg_catalog.pg_namespace WHERE nspname = CURRENT_SCHEMA()))

2025/09/23 11:58:36 [32m/Users/bogdan/work/Septica/backend/internal/database/database.go:52
[0m[33m[0.131ms] [34;1m[rows:0][0m SELECT description FROM pg_catalog.pg_description WHERE objsubid = (SELECT ordinal_position FROM information_schema.columns WHERE table_schema = CURRENT_SCHEMA() AND table_name = 'games' AND column_name = 'player2_rating_change') AND objoid = (SELECT oid FROM pg_catalog.pg_class WHERE relname = 'games' AND relnamespace = (SELECT oid FROM pg_catalog.pg_namespace WHERE nspname = CURRENT_SCHEMA()))

2025/09/23 11:58:36 [32m
[0m[33m[0.073ms] [34;1m[rows:1][0m SELECT CURRENT_DATABASE()

2025/09/23 11:58:36 [32m
[0m[33m[0.906ms] [34;1m[rows:-][0m SELECT c.column_name, c.is_nullable = 'YES', c.udt_name, c.character_maximum_length, c.numeric_precision, c.numeric_precision_radix, c.numeric_scale, c.datetime_precision, 8 * typlen, c.column_default, pd.description, c.identity_increment FROM information_schema.columns AS c JOIN pg_type AS pgt ON c.udt_name = pgt.typname LEFT JOIN pg_catalog.pg_description as pd ON pd.objsubid = c.ordinal_position AND pd.objoid = (SELECT oid FROM pg_catalog.pg_class WHERE relname = c.table_name AND relnamespace = (SELECT oid FROM pg_catalog.pg_namespace WHERE nspname = c.table_schema)) where table_catalog = 'septica' AND table_schema = CURRENT_SCHEMA() AND table_name = 'games'

2025/09/23 11:58:36 [32m
[0m[33m[0.105ms] [34;1m[rows:-][0m SELECT * FROM "games" LIMIT 1

2025/09/23 11:58:36 [32m
[0m[33m[6.190ms] [34;1m[rows:-][0m SELECT constraint_name FROM information_schema.table_constraints tc JOIN information_schema.constraint_column_usage AS ccu USING (constraint_schema, constraint_name) JOIN information_schema.columns AS c ON c.table_schema = tc.constraint_schema AND tc.table_name = c.table_name AND ccu.column_name = c.column_name WHERE constraint_type IN ('PRIMARY KEY', 'UNIQUE') AND c.table_catalog = 'septica' AND c.table_schema = CURRENT_SCHEMA() AND c.table_name = 'games' AND constraint_type = 'UNIQUE'

2025/09/23 11:58:36 [32m
[0m[33m[6.750ms] [34;1m[rows:-][0m SELECT c.column_name, constraint_name, constraint_type FROM information_schema.table_constraints tc JOIN information_schema.constraint_column_usage AS ccu USING (constraint_schema, constraint_name) JOIN information_schema.columns AS c ON c.table_schema = tc.constraint_schema AND tc.table_name = c.table_name AND ccu.column_name = c.column_name WHERE constraint_type IN ('PRIMARY KEY', 'UNIQUE') AND c.table_catalog = 'septica' AND c.table_schema = CURRENT_SCHEMA() AND c.table_name = 'games'

2025/09/23 11:58:36 [32m
[0m[33m[0.095ms] [34;1m[rows:-][0m SELECT a.attname as column_name, format_type(a.atttypid, a.atttypmod) AS data_type
		FROM pg_attribute a JOIN pg_class b ON a.attrelid = b.oid AND relnamespace = (SELECT oid FROM pg_catalog.pg_namespace WHERE nspname = CURRENT_SCHEMA())
		WHERE a.attnum > 0 -- hide internal columns
		AND NOT a.attisdropped -- hide deleted columns
		AND b.relname = 'games'

2025/09/23 11:58:36 [32m/Users/bogdan/work/Septica/backend/internal/database/database.go:52
[0m[33m[0.567ms] [34;1m[rows:0][0m ALTER TABLE "games" ALTER COLUMN "average_time_between_moves" SET DEFAULT 0.000000

2025/09/23 11:58:36 [32m/Users/bogdan/work/Septica/backend/internal/database/database.go:52
[0m[33m[0.156ms] [34;1m[rows:0][0m SELECT description FROM pg_catalog.pg_description WHERE objsubid = (SELECT ordinal_position FROM information_schema.columns WHERE table_schema = CURRENT_SCHEMA() AND table_name = 'games' AND column_name = 'average_time_between_moves') AND objoid = (SELECT oid FROM pg_catalog.pg_class WHERE relname = 'games' AND relnamespace = (SELECT oid FROM pg_catalog.pg_namespace WHERE nspname = CURRENT_SCHEMA()))

2025/09/23 11:58:36 [32m
[0m[33m[0.093ms] [34;1m[rows:1][0m SELECT CURRENT_DATABASE()

2025/09/23 11:58:36 [32m
[0m[33m[0.964ms] [34;1m[rows:-][0m SELECT c.column_name, c.is_nullable = 'YES', c.udt_name, c.character_maximum_length, c.numeric_precision, c.numeric_precision_radix, c.numeric_scale, c.datetime_precision, 8 * typlen, c.column_default, pd.description, c.identity_increment FROM information_schema.columns AS c JOIN pg_type AS pgt ON c.udt_name = pgt.typname LEFT JOIN pg_catalog.pg_description as pd ON pd.objsubid = c.ordinal_position AND pd.objoid = (SELECT oid FROM pg_catalog.pg_class WHERE relname = c.table_name AND relnamespace = (SELECT oid FROM pg_catalog.pg_namespace WHERE nspname = c.table_schema)) where table_catalog = 'septica' AND table_schema = CURRENT_SCHEMA() AND table_name = 'games'

2025/09/23 11:58:36 [32m
[0m[33m[0.150ms] [34;1m[rows:-][0m SELECT * FROM "games" LIMIT 1

2025/09/23 11:58:37 [32m
[0m[33m[6.430ms] [34;1m[rows:-][0m SELECT constraint_name FROM information_schema.table_constraints tc JOIN information_schema.constraint_column_usage AS ccu USING (constraint_schema, constraint_name) JOIN information_schema.columns AS c ON c.table_schema = tc.constraint_schema AND tc.table_name = c.table_name AND ccu.column_name = c.column_name WHERE constraint_type IN ('PRIMARY KEY', 'UNIQUE') AND c.table_catalog = 'septica' AND c.table_schema = CURRENT_SCHEMA() AND c.table_name = 'games' AND constraint_type = 'UNIQUE'

2025/09/23 11:58:37 [32m
[0m[33m[6.744ms] [34;1m[rows:-][0m SELECT c.column_name, constraint_name, constraint_type FROM information_schema.table_constraints tc JOIN information_schema.constraint_column_usage AS ccu USING (constraint_schema, constraint_name) JOIN information_schema.columns AS c ON c.table_schema = tc.constraint_schema AND tc.table_name = c.table_name AND ccu.column_name = c.column_name WHERE constraint_type IN ('PRIMARY KEY', 'UNIQUE') AND c.table_catalog = 'septica' AND c.table_schema = CURRENT_SCHEMA() AND c.table_name = 'games'

2025/09/23 11:58:37 [32m
[0m[33m[0.111ms] [34;1m[rows:-][0m SELECT a.attname as column_name, format_type(a.atttypid, a.atttypmod) AS data_type
		FROM pg_attribute a JOIN pg_class b ON a.attrelid = b.oid AND relnamespace = (SELECT oid FROM pg_catalog.pg_namespace WHERE nspname = CURRENT_SCHEMA())
		WHERE a.attnum > 0 -- hide internal columns
		AND NOT a.attisdropped -- hide deleted columns
		AND b.relname = 'games'

2025/09/23 11:58:37 [32m/Users/bogdan/work/Septica/backend/internal/database/database.go:52
[0m[33m[0.308ms] [34;1m[rows:0][0m ALTER TABLE "games" ALTER COLUMN "player1_average_time_per_move" SET DEFAULT 0.000000

2025/09/23 11:58:37 [32m/Users/bogdan/work/Septica/backend/internal/database/database.go:52
[0m[33m[0.166ms] [34;1m[rows:0][0m SELECT description FROM pg_catalog.pg_description WHERE objsubid = (SELECT ordinal_position FROM information_schema.columns WHERE table_schema = CURRENT_SCHEMA() AND table_name = 'games' AND column_name = 'player1_average_time_per_move') AND objoid = (SELECT oid FROM pg_catalog.pg_class WHERE relname = 'games' AND relnamespace = (SELECT oid FROM pg_catalog.pg_namespace WHERE nspname = CURRENT_SCHEMA()))

2025/09/23 11:58:37 [32m
[0m[33m[0.083ms] [34;1m[rows:1][0m SELECT CURRENT_DATABASE()

2025/09/23 11:58:37 [32m
[0m[33m[0.962ms] [34;1m[rows:-][0m SELECT c.column_name, c.is_nullable = 'YES', c.udt_name, c.character_maximum_length, c.numeric_precision, c.numeric_precision_radix, c.numeric_scale, c.datetime_precision, 8 * typlen, c.column_default, pd.description, c.identity_increment FROM information_schema.columns AS c JOIN pg_type AS pgt ON c.udt_name = pgt.typname LEFT JOIN pg_catalog.pg_description as pd ON pd.objsubid = c.ordinal_position AND pd.objoid = (SELECT oid FROM pg_catalog.pg_class WHERE relname = c.table_name AND relnamespace = (SELECT oid FROM pg_catalog.pg_namespace WHERE nspname = c.table_schema)) where table_catalog = 'septica' AND table_schema = CURRENT_SCHEMA() AND table_name = 'games'

2025/09/23 11:58:37 [32m
[0m[33m[0.180ms] [34;1m[rows:-][0m SELECT * FROM "games" LIMIT 1

2025/09/23 11:58:37 [32m
[0m[33m[6.332ms] [34;1m[rows:-][0m SELECT constraint_name FROM information_schema.table_constraints tc JOIN information_schema.constraint_column_usage AS ccu USING (constraint_schema, constraint_name) JOIN information_schema.columns AS c ON c.table_schema = tc.constraint_schema AND tc.table_name = c.table_name AND ccu.column_name = c.column_name WHERE constraint_type IN ('PRIMARY KEY', 'UNIQUE') AND c.table_catalog = 'septica' AND c.table_schema = CURRENT_SCHEMA() AND c.table_name = 'games' AND constraint_type = 'UNIQUE'

2025/09/23 11:58:37 [32m
[0m[33m[6.897ms] [34;1m[rows:-][0m SELECT c.column_name, constraint_name, constraint_type FROM information_schema.table_constraints tc JOIN information_schema.constraint_column_usage AS ccu USING (constraint_schema, constraint_name) JOIN information_schema.columns AS c ON c.table_schema = tc.constraint_schema AND tc.table_name = c.table_name AND ccu.column_name = c.column_name WHERE constraint_type IN ('PRIMARY KEY', 'UNIQUE') AND c.table_catalog = 'septica' AND c.table_schema = CURRENT_SCHEMA() AND c.table_name = 'games'

2025/09/23 11:58:37 [32m
[0m[33m[0.108ms] [34;1m[rows:-][0m SELECT a.attname as column_name, format_type(a.atttypid, a.atttypmod) AS data_type
		FROM pg_attribute a JOIN pg_class b ON a.attrelid = b.oid AND relnamespace = (SELECT oid FROM pg_catalog.pg_namespace WHERE nspname = CURRENT_SCHEMA())
		WHERE a.attnum > 0 -- hide internal columns
		AND NOT a.attisdropped -- hide deleted columns
		AND b.relname = 'games'

2025/09/23 11:58:37 [32m/Users/bogdan/work/Septica/backend/internal/database/database.go:52
[0m[33m[0.561ms] [34;1m[rows:0][0m ALTER TABLE "games" ALTER COLUMN "player2_average_time_per_move" SET DEFAULT 0.000000

2025/09/23 11:58:37 [32m/Users/bogdan/work/Septica/backend/internal/database/database.go:52
[0m[33m[0.146ms] [34;1m[rows:0][0m SELECT description FROM pg_catalog.pg_description WHERE objsubid = (SELECT ordinal_position FROM information_schema.columns WHERE table_schema = CURRENT_SCHEMA() AND table_name = 'games' AND column_name = 'player2_average_time_per_move') AND objoid = (SELECT oid FROM pg_catalog.pg_class WHERE relname = 'games' AND relnamespace = (SELECT oid FROM pg_catalog.pg_namespace WHERE nspname = CURRENT_SCHEMA()))

2025/09/23 11:58:37 [32m/Users/bogdan/work/Septica/backend/internal/database/database.go:52
[0m[33m[0.154ms] [34;1m[rows:1][0m SELECT count(*) FROM INFORMATION_SCHEMA.table_constraints WHERE table_schema = CURRENT_SCHEMA() AND table_name = 'games' AND constraint_name = 'fk_games_winner'

2025/09/23 11:58:37 [32m/Users/bogdan/work/Septica/backend/internal/database/database.go:52
[0m[33m[0.141ms] [34;1m[rows:1][0m SELECT count(*) FROM INFORMATION_SCHEMA.table_constraints WHERE table_schema = CURRENT_SCHEMA() AND table_name = 'games' AND constraint_name = 'fk_games_tournament_bracket'

2025/09/23 11:58:37 [32m/Users/bogdan/work/Septica/backend/internal/database/database.go:52
[0m[33m[0.139ms] [34;1m[rows:1][0m SELECT count(*) FROM INFORMATION_SCHEMA.table_constraints WHERE table_schema = CURRENT_SCHEMA() AND table_name = 'games' AND constraint_name = 'fk_players_games_player1'

2025/09/23 11:58:37 [32m/Users/bogdan/work/Septica/backend/internal/database/database.go:52
[0m[33m[0.139ms] [34;1m[rows:1][0m SELECT count(*) FROM INFORMATION_SCHEMA.table_constraints WHERE table_schema = CURRENT_SCHEMA() AND table_name = 'games' AND constraint_name = 'fk_players_games_player2'

2025/09/23 11:58:37 [32m/Users/bogdan/work/Septica/backend/internal/database/database.go:52
[0m[33m[0.144ms] [34;1m[rows:1][0m SELECT count(*) FROM INFORMATION_SCHEMA.table_constraints WHERE table_schema = CURRENT_SCHEMA() AND table_name = 'games' AND constraint_name = 'fk_tournaments_games'

2025/09/23 11:58:37 [32m/Users/bogdan/work/Septica/backend/internal/database/database.go:52
[0m[33m[0.302ms] [34;1m[rows:1][0m SELECT count(*) FROM information_schema.tables WHERE table_schema = CURRENT_SCHEMA() AND table_name = 'game_moves' AND table_type = 'BASE TABLE'

2025/09/23 11:58:37 [32m/Users/bogdan/work/Septica/backend/internal/database/database.go:52
[0m[33m[0.084ms] [34;1m[rows:1][0m SELECT CURRENT_DATABASE()

2025/09/23 11:58:37 [32m/Users/bogdan/work/Septica/backend/internal/database/database.go:52
[0m[33m[0.571ms] [34;1m[rows:-][0m SELECT c.column_name, c.is_nullable = 'YES', c.udt_name, c.character_maximum_length, c.numeric_precision, c.numeric_precision_radix, c.numeric_scale, c.datetime_precision, 8 * typlen, c.column_default, pd.description, c.identity_increment FROM information_schema.columns AS c JOIN pg_type AS pgt ON c.udt_name = pgt.typname LEFT JOIN pg_catalog.pg_description as pd ON pd.objsubid = c.ordinal_position AND pd.objoid = (SELECT oid FROM pg_catalog.pg_class WHERE relname = c.table_name AND relnamespace = (SELECT oid FROM pg_catalog.pg_namespace WHERE nspname = c.table_schema)) where table_catalog = 'septica' AND table_schema = CURRENT_SCHEMA() AND table_name = 'game_moves'

2025/09/23 11:58:37 [32m/Users/bogdan/work/Septica/backend/internal/database/database.go:52
[0m[33m[0.243ms] [34;1m[rows:-][0m SELECT * FROM "game_moves" LIMIT 1

2025/09/23 11:58:37 [32m/Users/bogdan/work/Septica/backend/internal/database/database.go:52
[0m[33m[2.722ms] [34;1m[rows:-][0m SELECT constraint_name FROM information_schema.table_constraints tc JOIN information_schema.constraint_column_usage AS ccu USING (constraint_schema, constraint_name) JOIN information_schema.columns AS c ON c.table_schema = tc.constraint_schema AND tc.table_name = c.table_name AND ccu.column_name = c.column_name WHERE constraint_type IN ('PRIMARY KEY', 'UNIQUE') AND c.table_catalog = 'septica' AND c.table_schema = CURRENT_SCHEMA() AND c.table_name = 'game_moves' AND constraint_type = 'UNIQUE'

2025/09/23 11:58:37 [32m/Users/bogdan/work/Septica/backend/internal/database/database.go:52
[0m[33m[3.558ms] [34;1m[rows:-][0m SELECT c.column_name, constraint_name, constraint_type FROM information_schema.table_constraints tc JOIN information_schema.constraint_column_usage AS ccu USING (constraint_schema, constraint_name) JOIN information_schema.columns AS c ON c.table_schema = tc.constraint_schema AND tc.table_name = c.table_name AND ccu.column_name = c.column_name WHERE constraint_type IN ('PRIMARY KEY', 'UNIQUE') AND c.table_catalog = 'septica' AND c.table_schema = CURRENT_SCHEMA() AND c.table_name = 'game_moves'

2025/09/23 11:58:37 [32m/Users/bogdan/work/Septica/backend/internal/database/database.go:52
[0m[33m[0.083ms] [34;1m[rows:-][0m SELECT a.attname as column_name, format_type(a.atttypid, a.atttypmod) AS data_type
		FROM pg_attribute a JOIN pg_class b ON a.attrelid = b.oid AND relnamespace = (SELECT oid FROM pg_catalog.pg_namespace WHERE nspname = CURRENT_SCHEMA())
		WHERE a.attnum > 0 -- hide internal columns
		AND NOT a.attisdropped -- hide deleted columns
		AND b.relname = 'game_moves'

2025/09/23 11:58:37 [32m/Users/bogdan/work/Septica/backend/internal/database/database.go:52
[0m[33m[0.133ms] [34;1m[rows:0][0m SELECT description FROM pg_catalog.pg_description WHERE objsubid = (SELECT ordinal_position FROM information_schema.columns WHERE table_schema = CURRENT_SCHEMA() AND table_name = 'game_moves' AND column_name = 'id') AND objoid = (SELECT oid FROM pg_catalog.pg_class WHERE relname = 'game_moves' AND relnamespace = (SELECT oid FROM pg_catalog.pg_namespace WHERE nspname = CURRENT_SCHEMA()))

2025/09/23 11:58:37 [32m/Users/bogdan/work/Septica/backend/internal/database/database.go:52
[0m[33m[0.134ms] [34;1m[rows:0][0m SELECT description FROM pg_catalog.pg_description WHERE objsubid = (SELECT ordinal_position FROM information_schema.columns WHERE table_schema = CURRENT_SCHEMA() AND table_name = 'game_moves' AND column_name = 'created_at') AND objoid = (SELECT oid FROM pg_catalog.pg_class WHERE relname = 'game_moves' AND relnamespace = (SELECT oid FROM pg_catalog.pg_namespace WHERE nspname = CURRENT_SCHEMA()))

2025/09/23 11:58:37 [32m/Users/bogdan/work/Septica/backend/internal/database/database.go:52
[0m[33m[0.156ms] [34;1m[rows:0][0m SELECT description FROM pg_catalog.pg_description WHERE objsubid = (SELECT ordinal_position FROM information_schema.columns WHERE table_schema = CURRENT_SCHEMA() AND table_name = 'game_moves' AND column_name = 'updated_at') AND objoid = (SELECT oid FROM pg_catalog.pg_class WHERE relname = 'game_moves' AND relnamespace = (SELECT oid FROM pg_catalog.pg_namespace WHERE nspname = CURRENT_SCHEMA()))

2025/09/23 11:58:37 [32m/Users/bogdan/work/Septica/backend/internal/database/database.go:52
[0m[33m[0.130ms] [34;1m[rows:0][0m SELECT description FROM pg_catalog.pg_description WHERE objsubid = (SELECT ordinal_position FROM information_schema.columns WHERE table_schema = CURRENT_SCHEMA() AND table_name = 'game_moves' AND column_name = 'game_id') AND objoid = (SELECT oid FROM pg_catalog.pg_class WHERE relname = 'game_moves' AND relnamespace = (SELECT oid FROM pg_catalog.pg_namespace WHERE nspname = CURRENT_SCHEMA()))

2025/09/23 11:58:37 [32m/Users/bogdan/work/Septica/backend/internal/database/database.go:52
[0m[33m[0.123ms] [34;1m[rows:0][0m SELECT description FROM pg_catalog.pg_description WHERE objsubid = (SELECT ordinal_position FROM information_schema.columns WHERE table_schema = CURRENT_SCHEMA() AND table_name = 'game_moves' AND column_name = 'player_id') AND objoid = (SELECT oid FROM pg_catalog.pg_class WHERE relname = 'game_moves' AND relnamespace = (SELECT oid FROM pg_catalog.pg_namespace WHERE nspname = CURRENT_SCHEMA()))

2025/09/23 11:58:37 [32m/Users/bogdan/work/Septica/backend/internal/database/database.go:52
[0m[33m[0.116ms] [34;1m[rows:0][0m SELECT description FROM pg_catalog.pg_description WHERE objsubid = (SELECT ordinal_position FROM information_schema.columns WHERE table_schema = CURRENT_SCHEMA() AND table_name = 'game_moves' AND column_name = 'move_number') AND objoid = (SELECT oid FROM pg_catalog.pg_class WHERE relname = 'game_moves' AND relnamespace = (SELECT oid FROM pg_catalog.pg_namespace WHERE nspname = CURRENT_SCHEMA()))

2025/09/23 11:58:37 [32m/Users/bogdan/work/Septica/backend/internal/database/database.go:52
[0m[33m[0.128ms] [34;1m[rows:0][0m SELECT description FROM pg_catalog.pg_description WHERE objsubid = (SELECT ordinal_position FROM information_schema.columns WHERE table_schema = CURRENT_SCHEMA() AND table_name = 'game_moves' AND column_name = 'card_suit') AND objoid = (SELECT oid FROM pg_catalog.pg_class WHERE relname = 'game_moves' AND relnamespace = (SELECT oid FROM pg_catalog.pg_namespace WHERE nspname = CURRENT_SCHEMA()))

2025/09/23 11:58:37 [32m/Users/bogdan/work/Septica/backend/internal/database/database.go:52
[0m[33m[0.123ms] [34;1m[rows:0][0m SELECT description FROM pg_catalog.pg_description WHERE objsubid = (SELECT ordinal_position FROM information_schema.columns WHERE table_schema = CURRENT_SCHEMA() AND table_name = 'game_moves' AND column_name = 'card_value') AND objoid = (SELECT oid FROM pg_catalog.pg_class WHERE relname = 'game_moves' AND relnamespace = (SELECT oid FROM pg_catalog.pg_namespace WHERE nspname = CURRENT_SCHEMA()))

2025/09/23 11:58:37 [32m/Users/bogdan/work/Septica/backend/internal/database/database.go:52
[0m[33m[0.144ms] [34;1m[rows:0][0m SELECT description FROM pg_catalog.pg_description WHERE objsubid = (SELECT ordinal_position FROM information_schema.columns WHERE table_schema = CURRENT_SCHEMA() AND table_name = 'game_moves' AND column_name = 'table_card_count') AND objoid = (SELECT oid FROM pg_catalog.pg_class WHERE relname = 'game_moves' AND relnamespace = (SELECT oid FROM pg_catalog.pg_namespace WHERE nspname = CURRENT_SCHEMA()))

2025/09/23 11:58:37 [32m/Users/bogdan/work/Septica/backend/internal/database/database.go:52
[0m[33m[0.118ms] [34;1m[rows:0][0m SELECT description FROM pg_catalog.pg_description WHERE objsubid = (SELECT ordinal_position FROM information_schema.columns WHERE table_schema = CURRENT_SCHEMA() AND table_name = 'game_moves' AND column_name = 'trick_number') AND objoid = (SELECT oid FROM pg_catalog.pg_class WHERE relname = 'game_moves' AND relnamespace = (SELECT oid FROM pg_catalog.pg_namespace WHERE nspname = CURRENT_SCHEMA()))

2025/09/23 11:58:37 [32m/Users/bogdan/work/Septica/backend/internal/database/database.go:52
[0m[33m[0.125ms] [34;1m[rows:0][0m SELECT description FROM pg_catalog.pg_description WHERE objsubid = (SELECT ordinal_position FROM information_schema.columns WHERE table_schema = CURRENT_SCHEMA() AND table_name = 'game_moves' AND column_name = 'is_winning_move') AND objoid = (SELECT oid FROM pg_catalog.pg_class WHERE relname = 'game_moves' AND relnamespace = (SELECT oid FROM pg_catalog.pg_namespace WHERE nspname = CURRENT_SCHEMA()))

2025/09/23 11:58:37 [32m/Users/bogdan/work/Septica/backend/internal/database/database.go:52
[0m[33m[0.119ms] [34;1m[rows:0][0m SELECT description FROM pg_catalog.pg_description WHERE objsubid = (SELECT ordinal_position FROM information_schema.columns WHERE table_schema = CURRENT_SCHEMA() AND table_name = 'game_moves' AND column_name = 'time_taken_ms') AND objoid = (SELECT oid FROM pg_catalog.pg_class WHERE relname = 'game_moves' AND relnamespace = (SELECT oid FROM pg_catalog.pg_namespace WHERE nspname = CURRENT_SCHEMA()))

2025/09/23 11:58:37 [32m/Users/bogdan/work/Septica/backend/internal/database/database.go:52
[0m[33m[0.133ms] [34;1m[rows:1][0m SELECT count(*) FROM INFORMATION_SCHEMA.table_constraints WHERE table_schema = CURRENT_SCHEMA() AND table_name = 'game_moves' AND constraint_name = 'fk_game_moves_player'

2025/09/23 11:58:37 [32m/Users/bogdan/work/Septica/backend/internal/database/database.go:52
[0m[33m[0.127ms] [34;1m[rows:1][0m SELECT count(*) FROM INFORMATION_SCHEMA.table_constraints WHERE table_schema = CURRENT_SCHEMA() AND table_name = 'game_moves' AND constraint_name = 'fk_games_moves'

2025/09/23 11:58:37 [32m/Users/bogdan/work/Septica/backend/internal/database/database.go:52
[0m[33m[0.088ms] [34;1m[rows:1][0m SELECT count(*) FROM information_schema.tables WHERE table_schema = CURRENT_SCHEMA() AND table_name = 'player_statistics' AND table_type = 'BASE TABLE'

2025/09/23 11:58:37 [32m/Users/bogdan/work/Septica/backend/internal/database/database.go:52
[0m[33m[0.094ms] [34;1m[rows:1][0m SELECT CURRENT_DATABASE()

2025/09/23 11:58:37 [32m/Users/bogdan/work/Septica/backend/internal/database/database.go:52
[0m[33m[0.648ms] [34;1m[rows:-][0m SELECT c.column_name, c.is_nullable = 'YES', c.udt_name, c.character_maximum_length, c.numeric_precision, c.numeric_precision_radix, c.numeric_scale, c.datetime_precision, 8 * typlen, c.column_default, pd.description, c.identity_increment FROM information_schema.columns AS c JOIN pg_type AS pgt ON c.udt_name = pgt.typname LEFT JOIN pg_catalog.pg_description as pd ON pd.objsubid = c.ordinal_position AND pd.objoid = (SELECT oid FROM pg_catalog.pg_class WHERE relname = c.table_name AND relnamespace = (SELECT oid FROM pg_catalog.pg_namespace WHERE nspname = c.table_schema)) where table_catalog = 'septica' AND table_schema = CURRENT_SCHEMA() AND table_name = 'player_statistics'

2025/09/23 11:58:37 [32m/Users/bogdan/work/Septica/backend/internal/database/database.go:52
[0m[33m[0.270ms] [34;1m[rows:-][0m SELECT * FROM "player_statistics" LIMIT 1

2025/09/23 11:58:37 [32m/Users/bogdan/work/Septica/backend/internal/database/database.go:52
[0m[33m[3.743ms] [34;1m[rows:-][0m SELECT constraint_name FROM information_schema.table_constraints tc JOIN information_schema.constraint_column_usage AS ccu USING (constraint_schema, constraint_name) JOIN information_schema.columns AS c ON c.table_schema = tc.constraint_schema AND tc.table_name = c.table_name AND ccu.column_name = c.column_name WHERE constraint_type IN ('PRIMARY KEY', 'UNIQUE') AND c.table_catalog = 'septica' AND c.table_schema = CURRENT_SCHEMA() AND c.table_name = 'player_statistics' AND constraint_type = 'UNIQUE'

2025/09/23 11:58:37 [32m/Users/bogdan/work/Septica/backend/internal/database/database.go:52
[0m[33m[4.499ms] [34;1m[rows:-][0m SELECT c.column_name, constraint_name, constraint_type FROM information_schema.table_constraints tc JOIN information_schema.constraint_column_usage AS ccu USING (constraint_schema, constraint_name) JOIN information_schema.columns AS c ON c.table_schema = tc.constraint_schema AND tc.table_name = c.table_name AND ccu.column_name = c.column_name WHERE constraint_type IN ('PRIMARY KEY', 'UNIQUE') AND c.table_catalog = 'septica' AND c.table_schema = CURRENT_SCHEMA() AND c.table_name = 'player_statistics'

2025/09/23 11:58:37 [32m/Users/bogdan/work/Septica/backend/internal/database/database.go:52
[0m[33m[0.101ms] [34;1m[rows:-][0m SELECT a.attname as column_name, format_type(a.atttypid, a.atttypmod) AS data_type
		FROM pg_attribute a JOIN pg_class b ON a.attrelid = b.oid AND relnamespace = (SELECT oid FROM pg_catalog.pg_namespace WHERE nspname = CURRENT_SCHEMA())
		WHERE a.attnum > 0 -- hide internal columns
		AND NOT a.attisdropped -- hide deleted columns
		AND b.relname = 'player_statistics'

2025/09/23 11:58:37 [32m/Users/bogdan/work/Septica/backend/internal/database/database.go:52
[0m[33m[0.140ms] [34;1m[rows:0][0m SELECT description FROM pg_catalog.pg_description WHERE objsubid = (SELECT ordinal_position FROM information_schema.columns WHERE table_schema = CURRENT_SCHEMA() AND table_name = 'player_statistics' AND column_name = 'id') AND objoid = (SELECT oid FROM pg_catalog.pg_class WHERE relname = 'player_statistics' AND relnamespace = (SELECT oid FROM pg_catalog.pg_namespace WHERE nspname = CURRENT_SCHEMA()))

2025/09/23 11:58:37 [32m/Users/bogdan/work/Septica/backend/internal/database/database.go:52
[0m[33m[0.229ms] [34;1m[rows:0][0m SELECT description FROM pg_catalog.pg_description WHERE objsubid = (SELECT ordinal_position FROM information_schema.columns WHERE table_schema = CURRENT_SCHEMA() AND table_name = 'player_statistics' AND column_name = 'created_at') AND objoid = (SELECT oid FROM pg_catalog.pg_class WHERE relname = 'player_statistics' AND relnamespace = (SELECT oid FROM pg_catalog.pg_namespace WHERE nspname = CURRENT_SCHEMA()))

2025/09/23 11:58:37 [32m/Users/bogdan/work/Septica/backend/internal/database/database.go:52
[0m[33m[0.216ms] [34;1m[rows:0][0m SELECT description FROM pg_catalog.pg_description WHERE objsubid = (SELECT ordinal_position FROM information_schema.columns WHERE table_schema = CURRENT_SCHEMA() AND table_name = 'player_statistics' AND column_name = 'updated_at') AND objoid = (SELECT oid FROM pg_catalog.pg_class WHERE relname = 'player_statistics' AND relnamespace = (SELECT oid FROM pg_catalog.pg_namespace WHERE nspname = CURRENT_SCHEMA()))

2025/09/23 11:58:37 [32m
[0m[33m[0.064ms] [34;1m[rows:1][0m SELECT CURRENT_DATABASE()

2025/09/23 11:58:37 [32m
[0m[33m[0.653ms] [34;1m[rows:-][0m SELECT c.column_name, c.is_nullable = 'YES', c.udt_name, c.character_maximum_length, c.numeric_precision, c.numeric_precision_radix, c.numeric_scale, c.datetime_precision, 8 * typlen, c.column_default, pd.description, c.identity_increment FROM information_schema.columns AS c JOIN pg_type AS pgt ON c.udt_name = pgt.typname LEFT JOIN pg_catalog.pg_description as pd ON pd.objsubid = c.ordinal_position AND pd.objoid = (SELECT oid FROM pg_catalog.pg_class WHERE relname = c.table_name AND relnamespace = (SELECT oid FROM pg_catalog.pg_namespace WHERE nspname = c.table_schema)) where table_catalog = 'septica' AND table_schema = CURRENT_SCHEMA() AND table_name = 'player_statistics'

2025/09/23 11:58:37 [32m
[0m[33m[0.114ms] [34;1m[rows:-][0m SELECT * FROM "player_statistics" LIMIT 1

2025/09/23 11:58:37 [32m
[0m[33m[3.786ms] [34;1m[rows:-][0m SELECT constraint_name FROM information_schema.table_constraints tc JOIN information_schema.constraint_column_usage AS ccu USING (constraint_schema, constraint_name) JOIN information_schema.columns AS c ON c.table_schema = tc.constraint_schema AND tc.table_name = c.table_name AND ccu.column_name = c.column_name WHERE constraint_type IN ('PRIMARY KEY', 'UNIQUE') AND c.table_catalog = 'septica' AND c.table_schema = CURRENT_SCHEMA() AND c.table_name = 'player_statistics' AND constraint_type = 'UNIQUE'

2025/09/23 11:58:37 [32m
[0m[33m[4.479ms] [34;1m[rows:-][0m SELECT c.column_name, constraint_name, constraint_type FROM information_schema.table_constraints tc JOIN information_schema.constraint_column_usage AS ccu USING (constraint_schema, constraint_name) JOIN information_schema.columns AS c ON c.table_schema = tc.constraint_schema AND tc.table_name = c.table_name AND ccu.column_name = c.column_name WHERE constraint_type IN ('PRIMARY KEY', 'UNIQUE') AND c.table_catalog = 'septica' AND c.table_schema = CURRENT_SCHEMA() AND c.table_name = 'player_statistics'

2025/09/23 11:58:37 [32m
[0m[33m[0.089ms] [34;1m[rows:-][0m SELECT a.attname as column_name, format_type(a.atttypid, a.atttypmod) AS data_type
		FROM pg_attribute a JOIN pg_class b ON a.attrelid = b.oid AND relnamespace = (SELECT oid FROM pg_catalog.pg_namespace WHERE nspname = CURRENT_SCHEMA())
		WHERE a.attnum > 0 -- hide internal columns
		AND NOT a.attisdropped -- hide deleted columns
		AND b.relname = 'player_statistics'

2025/09/23 11:58:37 [32m
[0m[33m[0.116ms] [34;1m[rows:1][0m SELECT count(*) FROM pg_indexes WHERE tablename = 'player_statistics' AND indexname = 'idx_player_statistics_player_id' AND schemaname = CURRENT_SCHEMA()

2025/09/23 11:58:37 [32m/Users/bogdan/work/Septica/backend/internal/database/database.go:52
[0m[33m[0.113ms] [34;1m[rows:0][0m SELECT description FROM pg_catalog.pg_description WHERE objsubid = (SELECT ordinal_position FROM information_schema.columns WHERE table_schema = CURRENT_SCHEMA() AND table_name = 'player_statistics' AND column_name = 'player_id') AND objoid = (SELECT oid FROM pg_catalog.pg_class WHERE relname = 'player_statistics' AND relnamespace = (SELECT oid FROM pg_catalog.pg_namespace WHERE nspname = CURRENT_SCHEMA()))

2025/09/23 11:58:37 [32m/Users/bogdan/work/Septica/backend/internal/database/database.go:52
[0m[33m[0.121ms] [34;1m[rows:0][0m SELECT description FROM pg_catalog.pg_description WHERE objsubid = (SELECT ordinal_position FROM information_schema.columns WHERE table_schema = CURRENT_SCHEMA() AND table_name = 'player_statistics' AND column_name = 'games_played') AND objoid = (SELECT oid FROM pg_catalog.pg_class WHERE relname = 'player_statistics' AND relnamespace = (SELECT oid FROM pg_catalog.pg_namespace WHERE nspname = CURRENT_SCHEMA()))

2025/09/23 11:58:37 [32m/Users/bogdan/work/Septica/backend/internal/database/database.go:52
[0m[33m[0.114ms] [34;1m[rows:0][0m SELECT description FROM pg_catalog.pg_description WHERE objsubid = (SELECT ordinal_position FROM information_schema.columns WHERE table_schema = CURRENT_SCHEMA() AND table_name = 'player_statistics' AND column_name = 'games_won') AND objoid = (SELECT oid FROM pg_catalog.pg_class WHERE relname = 'player_statistics' AND relnamespace = (SELECT oid FROM pg_catalog.pg_namespace WHERE nspname = CURRENT_SCHEMA()))

2025/09/23 11:58:37 [32m/Users/bogdan/work/Septica/backend/internal/database/database.go:52
[0m[33m[0.120ms] [34;1m[rows:0][0m SELECT description FROM pg_catalog.pg_description WHERE objsubid = (SELECT ordinal_position FROM information_schema.columns WHERE table_schema = CURRENT_SCHEMA() AND table_name = 'player_statistics' AND column_name = 'games_lost') AND objoid = (SELECT oid FROM pg_catalog.pg_class WHERE relname = 'player_statistics' AND relnamespace = (SELECT oid FROM pg_catalog.pg_namespace WHERE nspname = CURRENT_SCHEMA()))

2025/09/23 11:58:37 [32m/Users/bogdan/work/Septica/backend/internal/database/database.go:52
[0m[33m[0.108ms] [34;1m[rows:0][0m SELECT description FROM pg_catalog.pg_description WHERE objsubid = (SELECT ordinal_position FROM information_schema.columns WHERE table_schema = CURRENT_SCHEMA() AND table_name = 'player_statistics' AND column_name = 'games_drawn') AND objoid = (SELECT oid FROM pg_catalog.pg_class WHERE relname = 'player_statistics' AND relnamespace = (SELECT oid FROM pg_catalog.pg_namespace WHERE nspname = CURRENT_SCHEMA()))

2025/09/23 11:58:37 [32m/Users/bogdan/work/Septica/backend/internal/database/database.go:52
[0m[33m[0.103ms] [34;1m[rows:0][0m SELECT description FROM pg_catalog.pg_description WHERE objsubid = (SELECT ordinal_position FROM information_schema.columns WHERE table_schema = CURRENT_SCHEMA() AND table_name = 'player_statistics' AND column_name = 'total_points_collected') AND objoid = (SELECT oid FROM pg_catalog.pg_class WHERE relname = 'player_statistics' AND relnamespace = (SELECT oid FROM pg_catalog.pg_namespace WHERE nspname = CURRENT_SCHEMA()))

2025/09/23 11:58:37 [32m/Users/bogdan/work/Septica/backend/internal/database/database.go:52
[0m[33m[0.121ms] [34;1m[rows:0][0m SELECT description FROM pg_catalog.pg_description WHERE objsubid = (SELECT ordinal_position FROM information_schema.columns WHERE table_schema = CURRENT_SCHEMA() AND table_name = 'player_statistics' AND column_name = 'mars_wins') AND objoid = (SELECT oid FROM pg_catalog.pg_class WHERE relname = 'player_statistics' AND relnamespace = (SELECT oid FROM pg_catalog.pg_namespace WHERE nspname = CURRENT_SCHEMA()))

2025/09/23 11:58:37 [32m/Users/bogdan/work/Septica/backend/internal/database/database.go:52
[0m[33m[0.129ms] [34;1m[rows:0][0m SELECT description FROM pg_catalog.pg_description WHERE objsubid = (SELECT ordinal_position FROM information_schema.columns WHERE table_schema = CURRENT_SCHEMA() AND table_name = 'player_statistics' AND column_name = 'best_win_streak') AND objoid = (SELECT oid FROM pg_catalog.pg_class WHERE relname = 'player_statistics' AND relnamespace = (SELECT oid FROM pg_catalog.pg_namespace WHERE nspname = CURRENT_SCHEMA()))

2025/09/23 11:58:37 [32m/Users/bogdan/work/Septica/backend/internal/database/database.go:52
[0m[33m[0.135ms] [34;1m[rows:0][0m SELECT description FROM pg_catalog.pg_description WHERE objsubid = (SELECT ordinal_position FROM information_schema.columns WHERE table_schema = CURRENT_SCHEMA() AND table_name = 'player_statistics' AND column_name = 'current_win_streak') AND objoid = (SELECT oid FROM pg_catalog.pg_class WHERE relname = 'player_statistics' AND relnamespace = (SELECT oid FROM pg_catalog.pg_namespace WHERE nspname = CURRENT_SCHEMA()))

2025/09/23 11:58:37 [32m
[0m[33m[0.102ms] [34;1m[rows:1][0m SELECT CURRENT_DATABASE()

2025/09/23 11:58:37 [32m
[0m[33m[0.653ms] [34;1m[rows:-][0m SELECT c.column_name, c.is_nullable = 'YES', c.udt_name, c.character_maximum_length, c.numeric_precision, c.numeric_precision_radix, c.numeric_scale, c.datetime_precision, 8 * typlen, c.column_default, pd.description, c.identity_increment FROM information_schema.columns AS c JOIN pg_type AS pgt ON c.udt_name = pgt.typname LEFT JOIN pg_catalog.pg_description as pd ON pd.objsubid = c.ordinal_position AND pd.objoid = (SELECT oid FROM pg_catalog.pg_class WHERE relname = c.table_name AND relnamespace = (SELECT oid FROM pg_catalog.pg_namespace WHERE nspname = c.table_schema)) where table_catalog = 'septica' AND table_schema = CURRENT_SCHEMA() AND table_name = 'player_statistics'

2025/09/23 11:58:37 [32m
[0m[33m[0.119ms] [34;1m[rows:-][0m SELECT * FROM "player_statistics" LIMIT 1

2025/09/23 11:58:37 [32m
[0m[33m[3.710ms] [34;1m[rows:-][0m SELECT constraint_name FROM information_schema.table_constraints tc JOIN information_schema.constraint_column_usage AS ccu USING (constraint_schema, constraint_name) JOIN information_schema.columns AS c ON c.table_schema = tc.constraint_schema AND tc.table_name = c.table_name AND ccu.column_name = c.column_name WHERE constraint_type IN ('PRIMARY KEY', 'UNIQUE') AND c.table_catalog = 'septica' AND c.table_schema = CURRENT_SCHEMA() AND c.table_name = 'player_statistics' AND constraint_type = 'UNIQUE'

2025/09/23 11:58:37 [32m
[0m[33m[4.523ms] [34;1m[rows:-][0m SELECT c.column_name, constraint_name, constraint_type FROM information_schema.table_constraints tc JOIN information_schema.constraint_column_usage AS ccu USING (constraint_schema, constraint_name) JOIN information_schema.columns AS c ON c.table_schema = tc.constraint_schema AND tc.table_name = c.table_name AND ccu.column_name = c.column_name WHERE constraint_type IN ('PRIMARY KEY', 'UNIQUE') AND c.table_catalog = 'septica' AND c.table_schema = CURRENT_SCHEMA() AND c.table_name = 'player_statistics'

2025/09/23 11:58:37 [32m
[0m[33m[0.077ms] [34;1m[rows:-][0m SELECT a.attname as column_name, format_type(a.atttypid, a.atttypmod) AS data_type
		FROM pg_attribute a JOIN pg_class b ON a.attrelid = b.oid AND relnamespace = (SELECT oid FROM pg_catalog.pg_namespace WHERE nspname = CURRENT_SCHEMA())
		WHERE a.attnum > 0 -- hide internal columns
		AND NOT a.attisdropped -- hide deleted columns
		AND b.relname = 'player_statistics'

2025/09/23 11:58:37 [32m/Users/bogdan/work/Septica/backend/internal/database/database.go:52
[0m[33m[0.337ms] [34;1m[rows:0][0m ALTER TABLE "player_statistics" ALTER COLUMN "average_game_duration" SET DEFAULT 0.000000

2025/09/23 11:58:37 [32m/Users/bogdan/work/Septica/backend/internal/database/database.go:52
[0m[33m[0.141ms] [34;1m[rows:0][0m SELECT description FROM pg_catalog.pg_description WHERE objsubid = (SELECT ordinal_position FROM information_schema.columns WHERE table_schema = CURRENT_SCHEMA() AND table_name = 'player_statistics' AND column_name = 'average_game_duration') AND objoid = (SELECT oid FROM pg_catalog.pg_class WHERE relname = 'player_statistics' AND relnamespace = (SELECT oid FROM pg_catalog.pg_namespace WHERE nspname = CURRENT_SCHEMA()))

2025/09/23 11:58:37 [32m/Users/bogdan/work/Septica/backend/internal/database/database.go:52
[0m[33m[0.116ms] [34;1m[rows:0][0m SELECT description FROM pg_catalog.pg_description WHERE objsubid = (SELECT ordinal_position FROM information_schema.columns WHERE table_schema = CURRENT_SCHEMA() AND table_name = 'player_statistics' AND column_name = 'sevens_played') AND objoid = (SELECT oid FROM pg_catalog.pg_class WHERE relname = 'player_statistics' AND relnamespace = (SELECT oid FROM pg_catalog.pg_namespace WHERE nspname = CURRENT_SCHEMA()))

2025/09/23 11:58:37 [32m/Users/bogdan/work/Septica/backend/internal/database/database.go:52
[0m[33m[0.121ms] [34;1m[rows:0][0m SELECT description FROM pg_catalog.pg_description WHERE objsubid = (SELECT ordinal_position FROM information_schema.columns WHERE table_schema = CURRENT_SCHEMA() AND table_name = 'player_statistics' AND column_name = 'eights_played') AND objoid = (SELECT oid FROM pg_catalog.pg_class WHERE relname = 'player_statistics' AND relnamespace = (SELECT oid FROM pg_catalog.pg_namespace WHERE nspname = CURRENT_SCHEMA()))

2025/09/23 11:58:37 [32m/Users/bogdan/work/Septica/backend/internal/database/database.go:52
[0m[33m[0.148ms] [34;1m[rows:0][0m SELECT description FROM pg_catalog.pg_description WHERE objsubid = (SELECT ordinal_position FROM information_schema.columns WHERE table_schema = CURRENT_SCHEMA() AND table_name = 'player_statistics' AND column_name = 'point_cards_won') AND objoid = (SELECT oid FROM pg_catalog.pg_class WHERE relname = 'player_statistics' AND relnamespace = (SELECT oid FROM pg_catalog.pg_namespace WHERE nspname = CURRENT_SCHEMA()))

2025/09/23 11:58:37 [32m/Users/bogdan/work/Septica/backend/internal/database/database.go:52
[0m[33m[0.122ms] [34;1m[rows:0][0m SELECT description FROM pg_catalog.pg_description WHERE objsubid = (SELECT ordinal_position FROM information_schema.columns WHERE table_schema = CURRENT_SCHEMA() AND table_name = 'player_statistics' AND column_name = 'tricks_won') AND objoid = (SELECT oid FROM pg_catalog.pg_class WHERE relname = 'player_statistics' AND relnamespace = (SELECT oid FROM pg_catalog.pg_namespace WHERE nspname = CURRENT_SCHEMA()))

2025/09/23 11:58:37 [32m/Users/bogdan/work/Septica/backend/internal/database/database.go:52
[0m[33m[0.134ms] [34;1m[rows:1][0m SELECT count(*) FROM pg_indexes WHERE tablename = 'player_statistics' AND indexname = 'idx_player_statistics_player_id' AND schemaname = CURRENT_SCHEMA()

2025/09/23 11:58:37 [32m/Users/bogdan/work/Septica/backend/internal/database/database.go:52
[0m[33m[0.091ms] [34;1m[rows:1][0m SELECT count(*) FROM information_schema.tables WHERE table_schema = CURRENT_SCHEMA() AND table_name = 'tournament_participants' AND table_type = 'BASE TABLE'

2025/09/23 11:58:37 [32m/Users/bogdan/work/Septica/backend/internal/database/database.go:52
[0m[33m[0.065ms] [34;1m[rows:1][0m SELECT CURRENT_DATABASE()

2025/09/23 11:58:37 [32m/Users/bogdan/work/Septica/backend/internal/database/database.go:52
[0m[33m[0.878ms] [34;1m[rows:-][0m SELECT c.column_name, c.is_nullable = 'YES', c.udt_name, c.character_maximum_length, c.numeric_precision, c.numeric_precision_radix, c.numeric_scale, c.datetime_precision, 8 * typlen, c.column_default, pd.description, c.identity_increment FROM information_schema.columns AS c JOIN pg_type AS pgt ON c.udt_name = pgt.typname LEFT JOIN pg_catalog.pg_description as pd ON pd.objsubid = c.ordinal_position AND pd.objoid = (SELECT oid FROM pg_catalog.pg_class WHERE relname = c.table_name AND relnamespace = (SELECT oid FROM pg_catalog.pg_namespace WHERE nspname = c.table_schema)) where table_catalog = 'septica' AND table_schema = CURRENT_SCHEMA() AND table_name = 'tournament_participants'

2025/09/23 11:58:37 [32m/Users/bogdan/work/Septica/backend/internal/database/database.go:52
[0m[33m[0.287ms] [34;1m[rows:-][0m SELECT * FROM "tournament_participants" LIMIT 1

2025/09/23 11:58:37 [32m/Users/bogdan/work/Septica/backend/internal/database/database.go:52
[0m[33m[5.338ms] [34;1m[rows:-][0m SELECT constraint_name FROM information_schema.table_constraints tc JOIN information_schema.constraint_column_usage AS ccu USING (constraint_schema, constraint_name) JOIN information_schema.columns AS c ON c.table_schema = tc.constraint_schema AND tc.table_name = c.table_name AND ccu.column_name = c.column_name WHERE constraint_type IN ('PRIMARY KEY', 'UNIQUE') AND c.table_catalog = 'septica' AND c.table_schema = CURRENT_SCHEMA() AND c.table_name = 'tournament_participants' AND constraint_type = 'UNIQUE'

2025/09/23 11:58:37 [32m/Users/bogdan/work/Septica/backend/internal/database/database.go:52
[0m[33m[6.104ms] [34;1m[rows:-][0m SELECT c.column_name, constraint_name, constraint_type FROM information_schema.table_constraints tc JOIN information_schema.constraint_column_usage AS ccu USING (constraint_schema, constraint_name) JOIN information_schema.columns AS c ON c.table_schema = tc.constraint_schema AND tc.table_name = c.table_name AND ccu.column_name = c.column_name WHERE constraint_type IN ('PRIMARY KEY', 'UNIQUE') AND c.table_catalog = 'septica' AND c.table_schema = CURRENT_SCHEMA() AND c.table_name = 'tournament_participants'

2025/09/23 11:58:37 [32m/Users/bogdan/work/Septica/backend/internal/database/database.go:52
[0m[33m[0.086ms] [34;1m[rows:-][0m SELECT a.attname as column_name, format_type(a.atttypid, a.atttypmod) AS data_type
		FROM pg_attribute a JOIN pg_class b ON a.attrelid = b.oid AND relnamespace = (SELECT oid FROM pg_catalog.pg_namespace WHERE nspname = CURRENT_SCHEMA())
		WHERE a.attnum > 0 -- hide internal columns
		AND NOT a.attisdropped -- hide deleted columns
		AND b.relname = 'tournament_participants'

2025/09/23 11:58:37 [32m/Users/bogdan/work/Septica/backend/internal/database/database.go:52
[0m[33m[0.130ms] [34;1m[rows:0][0m SELECT description FROM pg_catalog.pg_description WHERE objsubid = (SELECT ordinal_position FROM information_schema.columns WHERE table_schema = CURRENT_SCHEMA() AND table_name = 'tournament_participants' AND column_name = 'id') AND objoid = (SELECT oid FROM pg_catalog.pg_class WHERE relname = 'tournament_participants' AND relnamespace = (SELECT oid FROM pg_catalog.pg_namespace WHERE nspname = CURRENT_SCHEMA()))

2025/09/23 11:58:37 [32m/Users/bogdan/work/Septica/backend/internal/database/database.go:52
[0m[33m[0.130ms] [34;1m[rows:0][0m SELECT description FROM pg_catalog.pg_description WHERE objsubid = (SELECT ordinal_position FROM information_schema.columns WHERE table_schema = CURRENT_SCHEMA() AND table_name = 'tournament_participants' AND column_name = 'created_at') AND objoid = (SELECT oid FROM pg_catalog.pg_class WHERE relname = 'tournament_participants' AND relnamespace = (SELECT oid FROM pg_catalog.pg_namespace WHERE nspname = CURRENT_SCHEMA()))

2025/09/23 11:58:37 [32m/Users/bogdan/work/Septica/backend/internal/database/database.go:52
[0m[33m[0.136ms] [34;1m[rows:0][0m SELECT description FROM pg_catalog.pg_description WHERE objsubid = (SELECT ordinal_position FROM information_schema.columns WHERE table_schema = CURRENT_SCHEMA() AND table_name = 'tournament_participants' AND column_name = 'updated_at') AND objoid = (SELECT oid FROM pg_catalog.pg_class WHERE relname = 'tournament_participants' AND relnamespace = (SELECT oid FROM pg_catalog.pg_namespace WHERE nspname = CURRENT_SCHEMA()))

2025/09/23 11:58:37 [32m/Users/bogdan/work/Septica/backend/internal/database/database.go:52
[0m[33m[0.132ms] [34;1m[rows:0][0m SELECT description FROM pg_catalog.pg_description WHERE objsubid = (SELECT ordinal_position FROM information_schema.columns WHERE table_schema = CURRENT_SCHEMA() AND table_name = 'tournament_participants' AND column_name = 'tournament_id') AND objoid = (SELECT oid FROM pg_catalog.pg_class WHERE relname = 'tournament_participants' AND relnamespace = (SELECT oid FROM pg_catalog.pg_namespace WHERE nspname = CURRENT_SCHEMA()))

2025/09/23 11:58:37 [32m/Users/bogdan/work/Septica/backend/internal/database/database.go:52
[0m[33m[0.128ms] [34;1m[rows:0][0m SELECT description FROM pg_catalog.pg_description WHERE objsubid = (SELECT ordinal_position FROM information_schema.columns WHERE table_schema = CURRENT_SCHEMA() AND table_name = 'tournament_participants' AND column_name = 'player_id') AND objoid = (SELECT oid FROM pg_catalog.pg_class WHERE relname = 'tournament_participants' AND relnamespace = (SELECT oid FROM pg_catalog.pg_namespace WHERE nspname = CURRENT_SCHEMA()))

2025/09/23 11:58:37 [32m/Users/bogdan/work/Septica/backend/internal/database/database.go:52
[0m[33m[0.118ms] [34;1m[rows:0][0m SELECT description FROM pg_catalog.pg_description WHERE objsubid = (SELECT ordinal_position FROM information_schema.columns WHERE table_schema = CURRENT_SCHEMA() AND table_name = 'tournament_participants' AND column_name = 'bracket_position') AND objoid = (SELECT oid FROM pg_catalog.pg_class WHERE relname = 'tournament_participants' AND relnamespace = (SELECT oid FROM pg_catalog.pg_namespace WHERE nspname = CURRENT_SCHEMA()))

2025/09/23 11:58:37 [32m/Users/bogdan/work/Septica/backend/internal/database/database.go:52
[0m[33m[0.126ms] [34;1m[rows:0][0m SELECT description FROM pg_catalog.pg_description WHERE objsubid = (SELECT ordinal_position FROM information_schema.columns WHERE table_schema = CURRENT_SCHEMA() AND table_name = 'tournament_participants' AND column_name = 'seed_position') AND objoid = (SELECT oid FROM pg_catalog.pg_class WHERE relname = 'tournament_participants' AND relnamespace = (SELECT oid FROM pg_catalog.pg_namespace WHERE nspname = CURRENT_SCHEMA()))

2025/09/23 11:58:37 [32m/Users/bogdan/work/Septica/backend/internal/database/database.go:52
[0m[33m[0.139ms] [34;1m[rows:0][0m SELECT description FROM pg_catalog.pg_description WHERE objsubid = (SELECT ordinal_position FROM information_schema.columns WHERE table_schema = CURRENT_SCHEMA() AND table_name = 'tournament_participants' AND column_name = 'is_eliminated') AND objoid = (SELECT oid FROM pg_catalog.pg_class WHERE relname = 'tournament_participants' AND relnamespace = (SELECT oid FROM pg_catalog.pg_namespace WHERE nspname = CURRENT_SCHEMA()))

2025/09/23 11:58:37 [32m/Users/bogdan/work/Septica/backend/internal/database/database.go:52
[0m[33m[0.102ms] [34;1m[rows:0][0m SELECT description FROM pg_catalog.pg_description WHERE objsubid = (SELECT ordinal_position FROM information_schema.columns WHERE table_schema = CURRENT_SCHEMA() AND table_name = 'tournament_participants' AND column_name = 'elimination_round') AND objoid = (SELECT oid FROM pg_catalog.pg_class WHERE relname = 'tournament_participants' AND relnamespace = (SELECT oid FROM pg_catalog.pg_namespace WHERE nspname = CURRENT_SCHEMA()))

2025/09/23 11:58:37 [32m/Users/bogdan/work/Septica/backend/internal/database/database.go:52
[0m[33m[0.114ms] [34;1m[rows:0][0m SELECT description FROM pg_catalog.pg_description WHERE objsubid = (SELECT ordinal_position FROM information_schema.columns WHERE table_schema = CURRENT_SCHEMA() AND table_name = 'tournament_participants' AND column_name = 'final_rank') AND objoid = (SELECT oid FROM pg_catalog.pg_class WHERE relname = 'tournament_participants' AND relnamespace = (SELECT oid FROM pg_catalog.pg_namespace WHERE nspname = CURRENT_SCHEMA()))

2025/09/23 11:58:37 [32m/Users/bogdan/work/Septica/backend/internal/database/database.go:52
[0m[33m[0.136ms] [34;1m[rows:0][0m SELECT description FROM pg_catalog.pg_description WHERE objsubid = (SELECT ordinal_position FROM information_schema.columns WHERE table_schema = CURRENT_SCHEMA() AND table_name = 'tournament_participants' AND column_name = 'swiss_points') AND objoid = (SELECT oid FROM pg_catalog.pg_class WHERE relname = 'tournament_participants' AND relnamespace = (SELECT oid FROM pg_catalog.pg_namespace WHERE nspname = CURRENT_SCHEMA()))

2025/09/23 11:58:37 [32m/Users/bogdan/work/Septica/backend/internal/database/database.go:52
[0m[33m[0.115ms] [34;1m[rows:0][0m SELECT description FROM pg_catalog.pg_description WHERE objsubid = (SELECT ordinal_position FROM information_schema.columns WHERE table_schema = CURRENT_SCHEMA() AND table_name = 'tournament_participants' AND column_name = 'swiss_wins') AND objoid = (SELECT oid FROM pg_catalog.pg_class WHERE relname = 'tournament_participants' AND relnamespace = (SELECT oid FROM pg_catalog.pg_namespace WHERE nspname = CURRENT_SCHEMA()))

2025/09/23 11:58:37 [32m/Users/bogdan/work/Septica/backend/internal/database/database.go:52
[0m[33m[0.111ms] [34;1m[rows:0][0m SELECT description FROM pg_catalog.pg_description WHERE objsubid = (SELECT ordinal_position FROM information_schema.columns WHERE table_schema = CURRENT_SCHEMA() AND table_name = 'tournament_participants' AND column_name = 'swiss_losses') AND objoid = (SELECT oid FROM pg_catalog.pg_class WHERE relname = 'tournament_participants' AND relnamespace = (SELECT oid FROM pg_catalog.pg_namespace WHERE nspname = CURRENT_SCHEMA()))

2025/09/23 11:58:37 [32m/Users/bogdan/work/Septica/backend/internal/database/database.go:52
[0m[33m[0.135ms] [34;1m[rows:0][0m SELECT description FROM pg_catalog.pg_description WHERE objsubid = (SELECT ordinal_position FROM information_schema.columns WHERE table_schema = CURRENT_SCHEMA() AND table_name = 'tournament_participants' AND column_name = 'swiss_draws') AND objoid = (SELECT oid FROM pg_catalog.pg_class WHERE relname = 'tournament_participants' AND relnamespace = (SELECT oid FROM pg_catalog.pg_namespace WHERE nspname = CURRENT_SCHEMA()))

2025/09/23 11:58:37 [32m
[0m[33m[0.086ms] [34;1m[rows:1][0m SELECT CURRENT_DATABASE()

2025/09/23 11:58:37 [32m
[0m[33m[0.858ms] [34;1m[rows:-][0m SELECT c.column_name, c.is_nullable = 'YES', c.udt_name, c.character_maximum_length, c.numeric_precision, c.numeric_precision_radix, c.numeric_scale, c.datetime_precision, 8 * typlen, c.column_default, pd.description, c.identity_increment FROM information_schema.columns AS c JOIN pg_type AS pgt ON c.udt_name = pgt.typname LEFT JOIN pg_catalog.pg_description as pd ON pd.objsubid = c.ordinal_position AND pd.objoid = (SELECT oid FROM pg_catalog.pg_class WHERE relname = c.table_name AND relnamespace = (SELECT oid FROM pg_catalog.pg_namespace WHERE nspname = c.table_schema)) where table_catalog = 'septica' AND table_schema = CURRENT_SCHEMA() AND table_name = 'tournament_participants'

2025/09/23 11:58:37 [32m
[0m[33m[0.138ms] [34;1m[rows:-][0m SELECT * FROM "tournament_participants" LIMIT 1

2025/09/23 11:58:37 [32m
[0m[33m[5.410ms] [34;1m[rows:-][0m SELECT constraint_name FROM information_schema.table_constraints tc JOIN information_schema.constraint_column_usage AS ccu USING (constraint_schema, constraint_name) JOIN information_schema.columns AS c ON c.table_schema = tc.constraint_schema AND tc.table_name = c.table_name AND ccu.column_name = c.column_name WHERE constraint_type IN ('PRIMARY KEY', 'UNIQUE') AND c.table_catalog = 'septica' AND c.table_schema = CURRENT_SCHEMA() AND c.table_name = 'tournament_participants' AND constraint_type = 'UNIQUE'

2025/09/23 11:58:37 [32m
[0m[33m[6.227ms] [34;1m[rows:-][0m SELECT c.column_name, constraint_name, constraint_type FROM information_schema.table_constraints tc JOIN information_schema.constraint_column_usage AS ccu USING (constraint_schema, constraint_name) JOIN information_schema.columns AS c ON c.table_schema = tc.constraint_schema AND tc.table_name = c.table_name AND ccu.column_name = c.column_name WHERE constraint_type IN ('PRIMARY KEY', 'UNIQUE') AND c.table_catalog = 'septica' AND c.table_schema = CURRENT_SCHEMA() AND c.table_name = 'tournament_participants'

2025/09/23 11:58:37 [32m
[0m[33m[0.105ms] [34;1m[rows:-][0m SELECT a.attname as column_name, format_type(a.atttypid, a.atttypmod) AS data_type
		FROM pg_attribute a JOIN pg_class b ON a.attrelid = b.oid AND relnamespace = (SELECT oid FROM pg_catalog.pg_namespace WHERE nspname = CURRENT_SCHEMA())
		WHERE a.attnum > 0 -- hide internal columns
		AND NOT a.attisdropped -- hide deleted columns
		AND b.relname = 'tournament_participants'

2025/09/23 11:58:37 [32m/Users/bogdan/work/Septica/backend/internal/database/database.go:52
[0m[33m[0.319ms] [34;1m[rows:0][0m ALTER TABLE "tournament_participants" ALTER COLUMN "swiss_buchholz_score" SET DEFAULT 0.000000

2025/09/23 11:58:37 [32m/Users/bogdan/work/Septica/backend/internal/database/database.go:52
[0m[33m[0.131ms] [34;1m[rows:0][0m SELECT description FROM pg_catalog.pg_description WHERE objsubid = (SELECT ordinal_position FROM information_schema.columns WHERE table_schema = CURRENT_SCHEMA() AND table_name = 'tournament_participants' AND column_name = 'swiss_buchholz_score') AND objoid = (SELECT oid FROM pg_catalog.pg_class WHERE relname = 'tournament_participants' AND relnamespace = (SELECT oid FROM pg_catalog.pg_namespace WHERE nspname = CURRENT_SCHEMA()))

2025/09/23 11:58:37 [32m/Users/bogdan/work/Septica/backend/internal/database/database.go:52
[0m[33m[0.105ms] [34;1m[rows:0][0m SELECT description FROM pg_catalog.pg_description WHERE objsubid = (SELECT ordinal_position FROM information_schema.columns WHERE table_schema = CURRENT_SCHEMA() AND table_name = 'tournament_participants' AND column_name = 'games_won') AND objoid = (SELECT oid FROM pg_catalog.pg_class WHERE relname = 'tournament_participants' AND relnamespace = (SELECT oid FROM pg_catalog.pg_namespace WHERE nspname = CURRENT_SCHEMA()))

2025/09/23 11:58:37 [32m/Users/bogdan/work/Septica/backend/internal/database/database.go:52
[0m[33m[0.131ms] [34;1m[rows:0][0m SELECT description FROM pg_catalog.pg_description WHERE objsubid = (SELECT ordinal_position FROM information_schema.columns WHERE table_schema = CURRENT_SCHEMA() AND table_name = 'tournament_participants' AND column_name = 'games_lost') AND objoid = (SELECT oid FROM pg_catalog.pg_class WHERE relname = 'tournament_participants' AND relnamespace = (SELECT oid FROM pg_catalog.pg_namespace WHERE nspname = CURRENT_SCHEMA()))

2025/09/23 11:58:37 [32m/Users/bogdan/work/Septica/backend/internal/database/database.go:52
[0m[33m[0.111ms] [34;1m[rows:0][0m SELECT description FROM pg_catalog.pg_description WHERE objsubid = (SELECT ordinal_position FROM information_schema.columns WHERE table_schema = CURRENT_SCHEMA() AND table_name = 'tournament_participants' AND column_name = 'total_points_scored') AND objoid = (SELECT oid FROM pg_catalog.pg_class WHERE relname = 'tournament_participants' AND relnamespace = (SELECT oid FROM pg_catalog.pg_namespace WHERE nspname = CURRENT_SCHEMA()))

2025/09/23 11:58:37 [32m
[0m[33m[0.065ms] [34;1m[rows:1][0m SELECT CURRENT_DATABASE()

2025/09/23 11:58:37 [32m
[0m[33m[0.841ms] [34;1m[rows:-][0m SELECT c.column_name, c.is_nullable = 'YES', c.udt_name, c.character_maximum_length, c.numeric_precision, c.numeric_precision_radix, c.numeric_scale, c.datetime_precision, 8 * typlen, c.column_default, pd.description, c.identity_increment FROM information_schema.columns AS c JOIN pg_type AS pgt ON c.udt_name = pgt.typname LEFT JOIN pg_catalog.pg_description as pd ON pd.objsubid = c.ordinal_position AND pd.objoid = (SELECT oid FROM pg_catalog.pg_class WHERE relname = c.table_name AND relnamespace = (SELECT oid FROM pg_catalog.pg_namespace WHERE nspname = c.table_schema)) where table_catalog = 'septica' AND table_schema = CURRENT_SCHEMA() AND table_name = 'tournament_participants'

2025/09/23 11:58:37 [32m
[0m[33m[0.191ms] [34;1m[rows:-][0m SELECT * FROM "tournament_participants" LIMIT 1

2025/09/23 11:58:37 [32m
[0m[33m[5.214ms] [34;1m[rows:-][0m SELECT constraint_name FROM information_schema.table_constraints tc JOIN information_schema.constraint_column_usage AS ccu USING (constraint_schema, constraint_name) JOIN information_schema.columns AS c ON c.table_schema = tc.constraint_schema AND tc.table_name = c.table_name AND ccu.column_name = c.column_name WHERE constraint_type IN ('PRIMARY KEY', 'UNIQUE') AND c.table_catalog = 'septica' AND c.table_schema = CURRENT_SCHEMA() AND c.table_name = 'tournament_participants' AND constraint_type = 'UNIQUE'

2025/09/23 11:58:37 [32m
[0m[33m[6.270ms] [34;1m[rows:-][0m SELECT c.column_name, constraint_name, constraint_type FROM information_schema.table_constraints tc JOIN information_schema.constraint_column_usage AS ccu USING (constraint_schema, constraint_name) JOIN information_schema.columns AS c ON c.table_schema = tc.constraint_schema AND tc.table_name = c.table_name AND ccu.column_name = c.column_name WHERE constraint_type IN ('PRIMARY KEY', 'UNIQUE') AND c.table_catalog = 'septica' AND c.table_schema = CURRENT_SCHEMA() AND c.table_name = 'tournament_participants'

2025/09/23 11:58:37 [32m
[0m[33m[0.165ms] [34;1m[rows:-][0m SELECT a.attname as column_name, format_type(a.atttypid, a.atttypmod) AS data_type
		FROM pg_attribute a JOIN pg_class b ON a.attrelid = b.oid AND relnamespace = (SELECT oid FROM pg_catalog.pg_namespace WHERE nspname = CURRENT_SCHEMA())
		WHERE a.attnum > 0 -- hide internal columns
		AND NOT a.attisdropped -- hide deleted columns
		AND b.relname = 'tournament_participants'

2025/09/23 11:58:37 [32m/Users/bogdan/work/Septica/backend/internal/database/database.go:52
[0m[33m[0.441ms] [34;1m[rows:0][0m ALTER TABLE "tournament_participants" ALTER COLUMN "average_game_time" SET DEFAULT 0.000000

2025/09/23 11:58:37 [32m/Users/bogdan/work/Septica/backend/internal/database/database.go:52
[0m[33m[0.164ms] [34;1m[rows:0][0m SELECT description FROM pg_catalog.pg_description WHERE objsubid = (SELECT ordinal_position FROM information_schema.columns WHERE table_schema = CURRENT_SCHEMA() AND table_name = 'tournament_participants' AND column_name = 'average_game_time') AND objoid = (SELECT oid FROM pg_catalog.pg_class WHERE relname = 'tournament_participants' AND relnamespace = (SELECT oid FROM pg_catalog.pg_namespace WHERE nspname = CURRENT_SCHEMA()))

2025/09/23 11:58:37 [32m/Users/bogdan/work/Septica/backend/internal/database/database.go:52
[0m[33m[0.154ms] [34;1m[rows:0][0m SELECT description FROM pg_catalog.pg_description WHERE objsubid = (SELECT ordinal_position FROM information_schema.columns WHERE table_schema = CURRENT_SCHEMA() AND table_name = 'tournament_participants' AND column_name = 'starting_rating') AND objoid = (SELECT oid FROM pg_catalog.pg_class WHERE relname = 'tournament_participants' AND relnamespace = (SELECT oid FROM pg_catalog.pg_namespace WHERE nspname = CURRENT_SCHEMA()))

2025/09/23 11:58:37 [32m/Users/bogdan/work/Septica/backend/internal/database/database.go:52
[0m[33m[0.146ms] [34;1m[rows:0][0m SELECT description FROM pg_catalog.pg_description WHERE objsubid = (SELECT ordinal_position FROM information_schema.columns WHERE table_schema = CURRENT_SCHEMA() AND table_name = 'tournament_participants' AND column_name = 'ending_rating') AND objoid = (SELECT oid FROM pg_catalog.pg_class WHERE relname = 'tournament_participants' AND relnamespace = (SELECT oid FROM pg_catalog.pg_namespace WHERE nspname = CURRENT_SCHEMA()))

2025/09/23 11:58:37 [32m/Users/bogdan/work/Septica/backend/internal/database/database.go:52
[0m[33m[0.169ms] [34;1m[rows:0][0m SELECT description FROM pg_catalog.pg_description WHERE objsubid = (SELECT ordinal_position FROM information_schema.columns WHERE table_schema = CURRENT_SCHEMA() AND table_name = 'tournament_participants' AND column_name = 'rating_change') AND objoid = (SELECT oid FROM pg_catalog.pg_class WHERE relname = 'tournament_participants' AND relnamespace = (SELECT oid FROM pg_catalog.pg_namespace WHERE nspname = CURRENT_SCHEMA()))

2025/09/23 11:58:37 [32m/Users/bogdan/work/Septica/backend/internal/database/database.go:52
[0m[33m[0.125ms] [34;1m[rows:0][0m SELECT description FROM pg_catalog.pg_description WHERE objsubid = (SELECT ordinal_position FROM information_schema.columns WHERE table_schema = CURRENT_SCHEMA() AND table_name = 'tournament_participants' AND column_name = 'prize_coins') AND objoid = (SELECT oid FROM pg_catalog.pg_class WHERE relname = 'tournament_participants' AND relnamespace = (SELECT oid FROM pg_catalog.pg_namespace WHERE nspname = CURRENT_SCHEMA()))

2025/09/23 11:58:37 [32m/Users/bogdan/work/Septica/backend/internal/database/database.go:52
[0m[33m[0.129ms] [34;1m[rows:0][0m SELECT description FROM pg_catalog.pg_description WHERE objsubid = (SELECT ordinal_position FROM information_schema.columns WHERE table_schema = CURRENT_SCHEMA() AND table_name = 'tournament_participants' AND column_name = 'prize_gems') AND objoid = (SELECT oid FROM pg_catalog.pg_class WHERE relname = 'tournament_participants' AND relnamespace = (SELECT oid FROM pg_catalog.pg_namespace WHERE nspname = CURRENT_SCHEMA()))

2025/09/23 11:58:37 [32m/Users/bogdan/work/Septica/backend/internal/database/database.go:52
[0m[33m[0.104ms] [34;1m[rows:0][0m SELECT description FROM pg_catalog.pg_description WHERE objsubid = (SELECT ordinal_position FROM information_schema.columns WHERE table_schema = CURRENT_SCHEMA() AND table_name = 'tournament_participants' AND column_name = 'registration_date') AND objoid = (SELECT oid FROM pg_catalog.pg_class WHERE relname = 'tournament_participants' AND relnamespace = (SELECT oid FROM pg_catalog.pg_namespace WHERE nspname = CURRENT_SCHEMA()))

2025/09/23 11:58:37 [32m/Users/bogdan/work/Septica/backend/internal/database/database.go:52
[0m[33m[0.139ms] [34;1m[rows:1][0m SELECT count(*) FROM INFORMATION_SCHEMA.table_constraints WHERE table_schema = CURRENT_SCHEMA() AND table_name = 'tournament_participants' AND constraint_name = 'fk_tournament_participants_player'

2025/09/23 11:58:37 [32m/Users/bogdan/work/Septica/backend/internal/database/database.go:52
[0m[33m[0.102ms] [34;1m[rows:1][0m SELECT count(*) FROM INFORMATION_SCHEMA.table_constraints WHERE table_schema = CURRENT_SCHEMA() AND table_name = 'tournament_participants' AND constraint_name = 'fk_tournaments_participants'

2025/09/23 11:58:37 [32m/Users/bogdan/work/Septica/backend/internal/database/database.go:52
[0m[33m[0.108ms] [34;1m[rows:1][0m SELECT count(*) FROM pg_indexes WHERE tablename = 'tournament_participants' AND indexname = 'idx_tournament_player' AND schemaname = CURRENT_SCHEMA()

2025/09/23 11:58:37 [32m/Users/bogdan/work/Septica/backend/internal/database/database.go:52
[0m[33m[0.109ms] [34;1m[rows:1][0m SELECT count(*) FROM information_schema.tables WHERE table_schema = CURRENT_SCHEMA() AND table_name = 'elo_rating_histories' AND table_type = 'BASE TABLE'

2025/09/23 11:58:37 [32m/Users/bogdan/work/Septica/backend/internal/database/database.go:52
[0m[33m[0.072ms] [34;1m[rows:1][0m SELECT CURRENT_DATABASE()

2025/09/23 11:58:37 [32m/Users/bogdan/work/Septica/backend/internal/database/database.go:52
[0m[33m[0.534ms] [34;1m[rows:-][0m SELECT c.column_name, c.is_nullable = 'YES', c.udt_name, c.character_maximum_length, c.numeric_precision, c.numeric_precision_radix, c.numeric_scale, c.datetime_precision, 8 * typlen, c.column_default, pd.description, c.identity_increment FROM information_schema.columns AS c JOIN pg_type AS pgt ON c.udt_name = pgt.typname LEFT JOIN pg_catalog.pg_description as pd ON pd.objsubid = c.ordinal_position AND pd.objoid = (SELECT oid FROM pg_catalog.pg_class WHERE relname = c.table_name AND relnamespace = (SELECT oid FROM pg_catalog.pg_namespace WHERE nspname = c.table_schema)) where table_catalog = 'septica' AND table_schema = CURRENT_SCHEMA() AND table_name = 'elo_rating_histories'

2025/09/23 11:58:37 [32m/Users/bogdan/work/Septica/backend/internal/database/database.go:52
[0m[33m[0.191ms] [34;1m[rows:-][0m SELECT * FROM "elo_rating_histories" LIMIT 1

2025/09/23 11:58:37 [32m/Users/bogdan/work/Septica/backend/internal/database/database.go:52
[0m[33m[3.333ms] [34;1m[rows:-][0m SELECT constraint_name FROM information_schema.table_constraints tc JOIN information_schema.constraint_column_usage AS ccu USING (constraint_schema, constraint_name) JOIN information_schema.columns AS c ON c.table_schema = tc.constraint_schema AND tc.table_name = c.table_name AND ccu.column_name = c.column_name WHERE constraint_type IN ('PRIMARY KEY', 'UNIQUE') AND c.table_catalog = 'septica' AND c.table_schema = CURRENT_SCHEMA() AND c.table_name = 'elo_rating_histories' AND constraint_type = 'UNIQUE'

2025/09/23 11:58:37 [32m/Users/bogdan/work/Septica/backend/internal/database/database.go:52
[0m[33m[4.136ms] [34;1m[rows:-][0m SELECT c.column_name, constraint_name, constraint_type FROM information_schema.table_constraints tc JOIN information_schema.constraint_column_usage AS ccu USING (constraint_schema, constraint_name) JOIN information_schema.columns AS c ON c.table_schema = tc.constraint_schema AND tc.table_name = c.table_name AND ccu.column_name = c.column_name WHERE constraint_type IN ('PRIMARY KEY', 'UNIQUE') AND c.table_catalog = 'septica' AND c.table_schema = CURRENT_SCHEMA() AND c.table_name = 'elo_rating_histories'

2025/09/23 11:58:37 [32m/Users/bogdan/work/Septica/backend/internal/database/database.go:52
[0m[33m[0.098ms] [34;1m[rows:-][0m SELECT a.attname as column_name, format_type(a.atttypid, a.atttypmod) AS data_type
		FROM pg_attribute a JOIN pg_class b ON a.attrelid = b.oid AND relnamespace = (SELECT oid FROM pg_catalog.pg_namespace WHERE nspname = CURRENT_SCHEMA())
		WHERE a.attnum > 0 -- hide internal columns
		AND NOT a.attisdropped -- hide deleted columns
		AND b.relname = 'elo_rating_histories'

2025/09/23 11:58:37 [32m/Users/bogdan/work/Septica/backend/internal/database/database.go:52
[0m[33m[0.126ms] [34;1m[rows:0][0m SELECT description FROM pg_catalog.pg_description WHERE objsubid = (SELECT ordinal_position FROM information_schema.columns WHERE table_schema = CURRENT_SCHEMA() AND table_name = 'elo_rating_histories' AND column_name = 'id') AND objoid = (SELECT oid FROM pg_catalog.pg_class WHERE relname = 'elo_rating_histories' AND relnamespace = (SELECT oid FROM pg_catalog.pg_namespace WHERE nspname = CURRENT_SCHEMA()))

2025/09/23 11:58:37 [32m/Users/bogdan/work/Septica/backend/internal/database/database.go:52
[0m[33m[0.107ms] [34;1m[rows:0][0m SELECT description FROM pg_catalog.pg_description WHERE objsubid = (SELECT ordinal_position FROM information_schema.columns WHERE table_schema = CURRENT_SCHEMA() AND table_name = 'elo_rating_histories' AND column_name = 'created_at') AND objoid = (SELECT oid FROM pg_catalog.pg_class WHERE relname = 'elo_rating_histories' AND relnamespace = (SELECT oid FROM pg_catalog.pg_namespace WHERE nspname = CURRENT_SCHEMA()))

2025/09/23 11:58:37 [32m/Users/bogdan/work/Septica/backend/internal/database/database.go:52
[0m[33m[0.106ms] [34;1m[rows:0][0m SELECT description FROM pg_catalog.pg_description WHERE objsubid = (SELECT ordinal_position FROM information_schema.columns WHERE table_schema = CURRENT_SCHEMA() AND table_name = 'elo_rating_histories' AND column_name = 'updated_at') AND objoid = (SELECT oid FROM pg_catalog.pg_class WHERE relname = 'elo_rating_histories' AND relnamespace = (SELECT oid FROM pg_catalog.pg_namespace WHERE nspname = CURRENT_SCHEMA()))

2025/09/23 11:58:37 [32m/Users/bogdan/work/Septica/backend/internal/database/database.go:52
[0m[33m[0.102ms] [34;1m[rows:0][0m SELECT description FROM pg_catalog.pg_description WHERE objsubid = (SELECT ordinal_position FROM information_schema.columns WHERE table_schema = CURRENT_SCHEMA() AND table_name = 'elo_rating_histories' AND column_name = 'player_id') AND objoid = (SELECT oid FROM pg_catalog.pg_class WHERE relname = 'elo_rating_histories' AND relnamespace = (SELECT oid FROM pg_catalog.pg_namespace WHERE nspname = CURRENT_SCHEMA()))

2025/09/23 11:58:37 [32m/Users/bogdan/work/Septica/backend/internal/database/database.go:52
[0m[33m[0.104ms] [34;1m[rows:0][0m SELECT description FROM pg_catalog.pg_description WHERE objsubid = (SELECT ordinal_position FROM information_schema.columns WHERE table_schema = CURRENT_SCHEMA() AND table_name = 'elo_rating_histories' AND column_name = 'game_id') AND objoid = (SELECT oid FROM pg_catalog.pg_class WHERE relname = 'elo_rating_histories' AND relnamespace = (SELECT oid FROM pg_catalog.pg_namespace WHERE nspname = CURRENT_SCHEMA()))

2025/09/23 11:58:37 [32m/Users/bogdan/work/Septica/backend/internal/database/database.go:52
[0m[33m[0.100ms] [34;1m[rows:0][0m SELECT description FROM pg_catalog.pg_description WHERE objsubid = (SELECT ordinal_position FROM information_schema.columns WHERE table_schema = CURRENT_SCHEMA() AND table_name = 'elo_rating_histories' AND column_name = 'tournament_id') AND objoid = (SELECT oid FROM pg_catalog.pg_class WHERE relname = 'elo_rating_histories' AND relnamespace = (SELECT oid FROM pg_catalog.pg_namespace WHERE nspname = CURRENT_SCHEMA()))

2025/09/23 11:58:37 [32m/Users/bogdan/work/Septica/backend/internal/database/database.go:52
[0m[33m[0.108ms] [34;1m[rows:0][0m SELECT description FROM pg_catalog.pg_description WHERE objsubid = (SELECT ordinal_position FROM information_schema.columns WHERE table_schema = CURRENT_SCHEMA() AND table_name = 'elo_rating_histories' AND column_name = 'old_rating') AND objoid = (SELECT oid FROM pg_catalog.pg_class WHERE relname = 'elo_rating_histories' AND relnamespace = (SELECT oid FROM pg_catalog.pg_namespace WHERE nspname = CURRENT_SCHEMA()))

2025/09/23 11:58:37 [32m/Users/bogdan/work/Septica/backend/internal/database/database.go:52
[0m[33m[0.098ms] [34;1m[rows:0][0m SELECT description FROM pg_catalog.pg_description WHERE objsubid = (SELECT ordinal_position FROM information_schema.columns WHERE table_schema = CURRENT_SCHEMA() AND table_name = 'elo_rating_histories' AND column_name = 'new_rating') AND objoid = (SELECT oid FROM pg_catalog.pg_class WHERE relname = 'elo_rating_histories' AND relnamespace = (SELECT oid FROM pg_catalog.pg_namespace WHERE nspname = CURRENT_SCHEMA()))

2025/09/23 11:58:37 [32m/Users/bogdan/work/Septica/backend/internal/database/database.go:52
[0m[33m[0.107ms] [34;1m[rows:0][0m SELECT description FROM pg_catalog.pg_description WHERE objsubid = (SELECT ordinal_position FROM information_schema.columns WHERE table_schema = CURRENT_SCHEMA() AND table_name = 'elo_rating_histories' AND column_name = 'rating_change') AND objoid = (SELECT oid FROM pg_catalog.pg_class WHERE relname = 'elo_rating_histories' AND relnamespace = (SELECT oid FROM pg_catalog.pg_namespace WHERE nspname = CURRENT_SCHEMA()))

2025/09/23 11:58:37 [32m/Users/bogdan/work/Septica/backend/internal/database/database.go:52
[0m[33m[0.119ms] [34;1m[rows:0][0m SELECT description FROM pg_catalog.pg_description WHERE objsubid = (SELECT ordinal_position FROM information_schema.columns WHERE table_schema = CURRENT_SCHEMA() AND table_name = 'elo_rating_histories' AND column_name = 'k_factor') AND objoid = (SELECT oid FROM pg_catalog.pg_class WHERE relname = 'elo_rating_histories' AND relnamespace = (SELECT oid FROM pg_catalog.pg_namespace WHERE nspname = CURRENT_SCHEMA()))

2025/09/23 11:58:37 [32m/Users/bogdan/work/Septica/backend/internal/database/database.go:52
[0m[33m[0.104ms] [34;1m[rows:0][0m SELECT description FROM pg_catalog.pg_description WHERE objsubid = (SELECT ordinal_position FROM information_schema.columns WHERE table_schema = CURRENT_SCHEMA() AND table_name = 'elo_rating_histories' AND column_name = 'change_reason') AND objoid = (SELECT oid FROM pg_catalog.pg_class WHERE relname = 'elo_rating_histories' AND relnamespace = (SELECT oid FROM pg_catalog.pg_namespace WHERE nspname = CURRENT_SCHEMA()))

2025/09/23 11:58:37 [32m/Users/bogdan/work/Septica/backend/internal/database/database.go:52
[0m[33m[0.112ms] [34;1m[rows:0][0m SELECT description FROM pg_catalog.pg_description WHERE objsubid = (SELECT ordinal_position FROM information_schema.columns WHERE table_schema = CURRENT_SCHEMA() AND table_name = 'elo_rating_histories' AND column_name = 'opponent_id') AND objoid = (SELECT oid FROM pg_catalog.pg_class WHERE relname = 'elo_rating_histories' AND relnamespace = (SELECT oid FROM pg_catalog.pg_namespace WHERE nspname = CURRENT_SCHEMA()))

2025/09/23 11:58:37 [32m/Users/bogdan/work/Septica/backend/internal/database/database.go:52
[0m[33m[0.114ms] [34;1m[rows:0][0m SELECT description FROM pg_catalog.pg_description WHERE objsubid = (SELECT ordinal_position FROM information_schema.columns WHERE table_schema = CURRENT_SCHEMA() AND table_name = 'elo_rating_histories' AND column_name = 'opponent_rating') AND objoid = (SELECT oid FROM pg_catalog.pg_class WHERE relname = 'elo_rating_histories' AND relnamespace = (SELECT oid FROM pg_catalog.pg_namespace WHERE nspname = CURRENT_SCHEMA()))

2025/09/23 11:58:37 [32m/Users/bogdan/work/Septica/backend/internal/database/database.go:52
[0m[33m[0.114ms] [34;1m[rows:0][0m SELECT description FROM pg_catalog.pg_description WHERE objsubid = (SELECT ordinal_position FROM information_schema.columns WHERE table_schema = CURRENT_SCHEMA() AND table_name = 'elo_rating_histories' AND column_name = 'game_result') AND objoid = (SELECT oid FROM pg_catalog.pg_class WHERE relname = 'elo_rating_histories' AND relnamespace = (SELECT oid FROM pg_catalog.pg_namespace WHERE nspname = CURRENT_SCHEMA()))

2025/09/23 11:58:37 [32m/Users/bogdan/work/Septica/backend/internal/database/database.go:52
[0m[33m[0.110ms] [34;1m[rows:0][0m SELECT description FROM pg_catalog.pg_description WHERE objsubid = (SELECT ordinal_position FROM information_schema.columns WHERE table_schema = CURRENT_SCHEMA() AND table_name = 'elo_rating_histories' AND column_name = 'score_difference') AND objoid = (SELECT oid FROM pg_catalog.pg_class WHERE relname = 'elo_rating_histories' AND relnamespace = (SELECT oid FROM pg_catalog.pg_namespace WHERE nspname = CURRENT_SCHEMA()))

2025/09/23 11:58:37 [32m/Users/bogdan/work/Septica/backend/internal/database/database.go:52
[0m[33m[0.149ms] [34;1m[rows:1][0m SELECT count(*) FROM INFORMATION_SCHEMA.table_constraints WHERE table_schema = CURRENT_SCHEMA() AND table_name = 'elo_rating_histories' AND constraint_name = 'fk_elo_rating_histories_player'

2025/09/23 11:58:37 [32m/Users/bogdan/work/Septica/backend/internal/database/database.go:52
[0m[33m[0.129ms] [34;1m[rows:1][0m SELECT count(*) FROM INFORMATION_SCHEMA.table_constraints WHERE table_schema = CURRENT_SCHEMA() AND table_name = 'elo_rating_histories' AND constraint_name = 'fk_elo_rating_histories_game'

2025/09/23 11:58:37 [32m/Users/bogdan/work/Septica/backend/internal/database/database.go:52
[0m[33m[0.117ms] [34;1m[rows:1][0m SELECT count(*) FROM INFORMATION_SCHEMA.table_constraints WHERE table_schema = CURRENT_SCHEMA() AND table_name = 'elo_rating_histories' AND constraint_name = 'fk_elo_rating_histories_tournament'

2025/09/23 11:58:37 [32m/Users/bogdan/work/Septica/backend/internal/database/database.go:52
[0m[33m[0.122ms] [34;1m[rows:1][0m SELECT count(*) FROM INFORMATION_SCHEMA.table_constraints WHERE table_schema = CURRENT_SCHEMA() AND table_name = 'elo_rating_histories' AND constraint_name = 'fk_elo_rating_histories_opponent'

2025/09/23 11:58:37 [32m/Users/bogdan/work/Septica/backend/internal/database/database.go:52
[0m[33m[0.087ms] [34;1m[rows:1][0m SELECT count(*) FROM information_schema.tables WHERE table_schema = CURRENT_SCHEMA() AND table_name = 'player_season_stats' AND table_type = 'BASE TABLE'

2025/09/23 11:58:37 [32m/Users/bogdan/work/Septica/backend/internal/database/database.go:52
[0m[33m[0.071ms] [34;1m[rows:1][0m SELECT CURRENT_DATABASE()

2025/09/23 11:58:37 [32m/Users/bogdan/work/Septica/backend/internal/database/database.go:52
[0m[33m[0.586ms] [34;1m[rows:-][0m SELECT c.column_name, c.is_nullable = 'YES', c.udt_name, c.character_maximum_length, c.numeric_precision, c.numeric_precision_radix, c.numeric_scale, c.datetime_precision, 8 * typlen, c.column_default, pd.description, c.identity_increment FROM information_schema.columns AS c JOIN pg_type AS pgt ON c.udt_name = pgt.typname LEFT JOIN pg_catalog.pg_description as pd ON pd.objsubid = c.ordinal_position AND pd.objoid = (SELECT oid FROM pg_catalog.pg_class WHERE relname = c.table_name AND relnamespace = (SELECT oid FROM pg_catalog.pg_namespace WHERE nspname = c.table_schema)) where table_catalog = 'septica' AND table_schema = CURRENT_SCHEMA() AND table_name = 'player_season_stats'

2025/09/23 11:58:37 [32m/Users/bogdan/work/Septica/backend/internal/database/database.go:52
[0m[33m[0.200ms] [34;1m[rows:-][0m SELECT * FROM "player_season_stats" LIMIT 1

2025/09/23 11:58:37 [32m/Users/bogdan/work/Septica/backend/internal/database/database.go:52
[0m[33m[3.979ms] [34;1m[rows:-][0m SELECT constraint_name FROM information_schema.table_constraints tc JOIN information_schema.constraint_column_usage AS ccu USING (constraint_schema, constraint_name) JOIN information_schema.columns AS c ON c.table_schema = tc.constraint_schema AND tc.table_name = c.table_name AND ccu.column_name = c.column_name WHERE constraint_type IN ('PRIMARY KEY', 'UNIQUE') AND c.table_catalog = 'septica' AND c.table_schema = CURRENT_SCHEMA() AND c.table_name = 'player_season_stats' AND constraint_type = 'UNIQUE'

2025/09/23 11:58:37 [32m/Users/bogdan/work/Septica/backend/internal/database/database.go:52
[0m[33m[4.869ms] [34;1m[rows:-][0m SELECT c.column_name, constraint_name, constraint_type FROM information_schema.table_constraints tc JOIN information_schema.constraint_column_usage AS ccu USING (constraint_schema, constraint_name) JOIN information_schema.columns AS c ON c.table_schema = tc.constraint_schema AND tc.table_name = c.table_name AND ccu.column_name = c.column_name WHERE constraint_type IN ('PRIMARY KEY', 'UNIQUE') AND c.table_catalog = 'septica' AND c.table_schema = CURRENT_SCHEMA() AND c.table_name = 'player_season_stats'

2025/09/23 11:58:37 [32m/Users/bogdan/work/Septica/backend/internal/database/database.go:52
[0m[33m[0.159ms] [34;1m[rows:-][0m SELECT a.attname as column_name, format_type(a.atttypid, a.atttypmod) AS data_type
		FROM pg_attribute a JOIN pg_class b ON a.attrelid = b.oid AND relnamespace = (SELECT oid FROM pg_catalog.pg_namespace WHERE nspname = CURRENT_SCHEMA())
		WHERE a.attnum > 0 -- hide internal columns
		AND NOT a.attisdropped -- hide deleted columns
		AND b.relname = 'player_season_stats'

2025/09/23 11:58:37 [32m/Users/bogdan/work/Septica/backend/internal/database/database.go:52
[0m[33m[0.178ms] [34;1m[rows:0][0m SELECT description FROM pg_catalog.pg_description WHERE objsubid = (SELECT ordinal_position FROM information_schema.columns WHERE table_schema = CURRENT_SCHEMA() AND table_name = 'player_season_stats' AND column_name = 'id') AND objoid = (SELECT oid FROM pg_catalog.pg_class WHERE relname = 'player_season_stats' AND relnamespace = (SELECT oid FROM pg_catalog.pg_namespace WHERE nspname = CURRENT_SCHEMA()))

2025/09/23 11:58:37 [32m/Users/bogdan/work/Septica/backend/internal/database/database.go:52
[0m[33m[0.166ms] [34;1m[rows:0][0m SELECT description FROM pg_catalog.pg_description WHERE objsubid = (SELECT ordinal_position FROM information_schema.columns WHERE table_schema = CURRENT_SCHEMA() AND table_name = 'player_season_stats' AND column_name = 'created_at') AND objoid = (SELECT oid FROM pg_catalog.pg_class WHERE relname = 'player_season_stats' AND relnamespace = (SELECT oid FROM pg_catalog.pg_namespace WHERE nspname = CURRENT_SCHEMA()))

2025/09/23 11:58:37 [32m/Users/bogdan/work/Septica/backend/internal/database/database.go:52
[0m[33m[0.135ms] [34;1m[rows:0][0m SELECT description FROM pg_catalog.pg_description WHERE objsubid = (SELECT ordinal_position FROM information_schema.columns WHERE table_schema = CURRENT_SCHEMA() AND table_name = 'player_season_stats' AND column_name = 'updated_at') AND objoid = (SELECT oid FROM pg_catalog.pg_class WHERE relname = 'player_season_stats' AND relnamespace = (SELECT oid FROM pg_catalog.pg_namespace WHERE nspname = CURRENT_SCHEMA()))

2025/09/23 11:58:37 [32m/Users/bogdan/work/Septica/backend/internal/database/database.go:52
[0m[33m[0.110ms] [34;1m[rows:0][0m SELECT description FROM pg_catalog.pg_description WHERE objsubid = (SELECT ordinal_position FROM information_schema.columns WHERE table_schema = CURRENT_SCHEMA() AND table_name = 'player_season_stats' AND column_name = 'player_id') AND objoid = (SELECT oid FROM pg_catalog.pg_class WHERE relname = 'player_season_stats' AND relnamespace = (SELECT oid FROM pg_catalog.pg_namespace WHERE nspname = CURRENT_SCHEMA()))

2025/09/23 11:58:37 [32m/Users/bogdan/work/Septica/backend/internal/database/database.go:52
[0m[33m[0.109ms] [34;1m[rows:0][0m SELECT description FROM pg_catalog.pg_description WHERE objsubid = (SELECT ordinal_position FROM information_schema.columns WHERE table_schema = CURRENT_SCHEMA() AND table_name = 'player_season_stats' AND column_name = 'season') AND objoid = (SELECT oid FROM pg_catalog.pg_class WHERE relname = 'player_season_stats' AND relnamespace = (SELECT oid FROM pg_catalog.pg_namespace WHERE nspname = CURRENT_SCHEMA()))

2025/09/23 11:58:37 [32m/Users/bogdan/work/Septica/backend/internal/database/database.go:52
[0m[33m[0.112ms] [34;1m[rows:0][0m SELECT description FROM pg_catalog.pg_description WHERE objsubid = (SELECT ordinal_position FROM information_schema.columns WHERE table_schema = CURRENT_SCHEMA() AND table_name = 'player_season_stats' AND column_name = 'tournaments_played') AND objoid = (SELECT oid FROM pg_catalog.pg_class WHERE relname = 'player_season_stats' AND relnamespace = (SELECT oid FROM pg_catalog.pg_namespace WHERE nspname = CURRENT_SCHEMA()))

2025/09/23 11:58:37 [32m/Users/bogdan/work/Septica/backend/internal/database/database.go:52
[0m[33m[0.108ms] [34;1m[rows:0][0m SELECT description FROM pg_catalog.pg_description WHERE objsubid = (SELECT ordinal_position FROM information_schema.columns WHERE table_schema = CURRENT_SCHEMA() AND table_name = 'player_season_stats' AND column_name = 'tournaments_won') AND objoid = (SELECT oid FROM pg_catalog.pg_class WHERE relname = 'player_season_stats' AND relnamespace = (SELECT oid FROM pg_catalog.pg_namespace WHERE nspname = CURRENT_SCHEMA()))

2025/09/23 11:58:37 [32m/Users/bogdan/work/Septica/backend/internal/database/database.go:52
[0m[33m[0.114ms] [34;1m[rows:0][0m SELECT description FROM pg_catalog.pg_description WHERE objsubid = (SELECT ordinal_position FROM information_schema.columns WHERE table_schema = CURRENT_SCHEMA() AND table_name = 'player_season_stats' AND column_name = 'tournament_top3') AND objoid = (SELECT oid FROM pg_catalog.pg_class WHERE relname = 'player_season_stats' AND relnamespace = (SELECT oid FROM pg_catalog.pg_namespace WHERE nspname = CURRENT_SCHEMA()))

2025/09/23 11:58:37 [32m/Users/bogdan/work/Septica/backend/internal/database/database.go:52
[0m[33m[0.119ms] [34;1m[rows:0][0m SELECT description FROM pg_catalog.pg_description WHERE objsubid = (SELECT ordinal_position FROM information_schema.columns WHERE table_schema = CURRENT_SCHEMA() AND table_name = 'player_season_stats' AND column_name = 'tournament_top8') AND objoid = (SELECT oid FROM pg_catalog.pg_class WHERE relname = 'player_season_stats' AND relnamespace = (SELECT oid FROM pg_catalog.pg_namespace WHERE nspname = CURRENT_SCHEMA()))

2025/09/23 11:58:37 [32m/Users/bogdan/work/Septica/backend/internal/database/database.go:52
[0m[33m[0.107ms] [34;1m[rows:0][0m SELECT description FROM pg_catalog.pg_description WHERE objsubid = (SELECT ordinal_position FROM information_schema.columns WHERE table_schema = CURRENT_SCHEMA() AND table_name = 'player_season_stats' AND column_name = 'total_prize_coins_won') AND objoid = (SELECT oid FROM pg_catalog.pg_class WHERE relname = 'player_season_stats' AND relnamespace = (SELECT oid FROM pg_catalog.pg_namespace WHERE nspname = CURRENT_SCHEMA()))

2025/09/23 11:58:37 [32m/Users/bogdan/work/Septica/backend/internal/database/database.go:52
[0m[33m[0.104ms] [34;1m[rows:0][0m SELECT description FROM pg_catalog.pg_description WHERE objsubid = (SELECT ordinal_position FROM information_schema.columns WHERE table_schema = CURRENT_SCHEMA() AND table_name = 'player_season_stats' AND column_name = 'total_prize_gems_won') AND objoid = (SELECT oid FROM pg_catalog.pg_class WHERE relname = 'player_season_stats' AND relnamespace = (SELECT oid FROM pg_catalog.pg_namespace WHERE nspname = CURRENT_SCHEMA()))

2025/09/23 11:58:37 [32m/Users/bogdan/work/Septica/backend/internal/database/database.go:52
[0m[33m[0.114ms] [34;1m[rows:0][0m SELECT description FROM pg_catalog.pg_description WHERE objsubid = (SELECT ordinal_position FROM information_schema.columns WHERE table_schema = CURRENT_SCHEMA() AND table_name = 'player_season_stats' AND column_name = 'season_start_rating') AND objoid = (SELECT oid FROM pg_catalog.pg_class WHERE relname = 'player_season_stats' AND relnamespace = (SELECT oid FROM pg_catalog.pg_namespace WHERE nspname = CURRENT_SCHEMA()))

2025/09/23 11:58:37 [32m/Users/bogdan/work/Septica/backend/internal/database/database.go:52
[0m[33m[0.113ms] [34;1m[rows:0][0m SELECT description FROM pg_catalog.pg_description WHERE objsubid = (SELECT ordinal_position FROM information_schema.columns WHERE table_schema = CURRENT_SCHEMA() AND table_name = 'player_season_stats' AND column_name = 'season_end_rating') AND objoid = (SELECT oid FROM pg_catalog.pg_class WHERE relname = 'player_season_stats' AND relnamespace = (SELECT oid FROM pg_catalog.pg_namespace WHERE nspname = CURRENT_SCHEMA()))

2025/09/23 11:58:37 [32m/Users/bogdan/work/Septica/backend/internal/database/database.go:52
[0m[33m[0.549ms] [34;1m[rows:0][0m SELECT description FROM pg_catalog.pg_description WHERE objsubid = (SELECT ordinal_position FROM information_schema.columns WHERE table_schema = CURRENT_SCHEMA() AND table_name = 'player_season_stats' AND column_name = 'season_peak_rating') AND objoid = (SELECT oid FROM pg_catalog.pg_class WHERE relname = 'player_season_stats' AND relnamespace = (SELECT oid FROM pg_catalog.pg_namespace WHERE nspname = CURRENT_SCHEMA()))

2025/09/23 11:58:37 [32m/Users/bogdan/work/Septica/backend/internal/database/database.go:52
[0m[33m[0.173ms] [34;1m[rows:0][0m SELECT description FROM pg_catalog.pg_description WHERE objsubid = (SELECT ordinal_position FROM information_schema.columns WHERE table_schema = CURRENT_SCHEMA() AND table_name = 'player_season_stats' AND column_name = 'season_lowest_rating') AND objoid = (SELECT oid FROM pg_catalog.pg_class WHERE relname = 'player_season_stats' AND relnamespace = (SELECT oid FROM pg_catalog.pg_namespace WHERE nspname = CURRENT_SCHEMA()))

2025/09/23 11:58:37 [32m/Users/bogdan/work/Septica/backend/internal/database/database.go:52
[0m[33m[0.125ms] [34;1m[rows:0][0m SELECT description FROM pg_catalog.pg_description WHERE objsubid = (SELECT ordinal_position FROM information_schema.columns WHERE table_schema = CURRENT_SCHEMA() AND table_name = 'player_season_stats' AND column_name = 'ranked_games_played') AND objoid = (SELECT oid FROM pg_catalog.pg_class WHERE relname = 'player_season_stats' AND relnamespace = (SELECT oid FROM pg_catalog.pg_namespace WHERE nspname = CURRENT_SCHEMA()))

2025/09/23 11:58:37 [32m/Users/bogdan/work/Septica/backend/internal/database/database.go:52
[0m[33m[0.105ms] [34;1m[rows:0][0m SELECT description FROM pg_catalog.pg_description WHERE objsubid = (SELECT ordinal_position FROM information_schema.columns WHERE table_schema = CURRENT_SCHEMA() AND table_name = 'player_season_stats' AND column_name = 'ranked_games_won') AND objoid = (SELECT oid FROM pg_catalog.pg_class WHERE relname = 'player_season_stats' AND relnamespace = (SELECT oid FROM pg_catalog.pg_namespace WHERE nspname = CURRENT_SCHEMA()))

2025/09/23 11:58:37 [32m
[0m[33m[0.312ms] [34;1m[rows:1][0m SELECT CURRENT_DATABASE()

2025/09/23 11:58:37 [32m
[0m[33m[0.629ms] [34;1m[rows:-][0m SELECT c.column_name, c.is_nullable = 'YES', c.udt_name, c.character_maximum_length, c.numeric_precision, c.numeric_precision_radix, c.numeric_scale, c.datetime_precision, 8 * typlen, c.column_default, pd.description, c.identity_increment FROM information_schema.columns AS c JOIN pg_type AS pgt ON c.udt_name = pgt.typname LEFT JOIN pg_catalog.pg_description as pd ON pd.objsubid = c.ordinal_position AND pd.objoid = (SELECT oid FROM pg_catalog.pg_class WHERE relname = c.table_name AND relnamespace = (SELECT oid FROM pg_catalog.pg_namespace WHERE nspname = c.table_schema)) where table_catalog = 'septica' AND table_schema = CURRENT_SCHEMA() AND table_name = 'player_season_stats'

2025/09/23 11:58:37 [32m
[0m[33m[0.129ms] [34;1m[rows:-][0m SELECT * FROM "player_season_stats" LIMIT 1

2025/09/23 11:58:37 [32m
[0m[33m[3.970ms] [34;1m[rows:-][0m SELECT constraint_name FROM information_schema.table_constraints tc JOIN information_schema.constraint_column_usage AS ccu USING (constraint_schema, constraint_name) JOIN information_schema.columns AS c ON c.table_schema = tc.constraint_schema AND tc.table_name = c.table_name AND ccu.column_name = c.column_name WHERE constraint_type IN ('PRIMARY KEY', 'UNIQUE') AND c.table_catalog = 'septica' AND c.table_schema = CURRENT_SCHEMA() AND c.table_name = 'player_season_stats' AND constraint_type = 'UNIQUE'

2025/09/23 11:58:37 [32m
[0m[33m[4.764ms] [34;1m[rows:-][0m SELECT c.column_name, constraint_name, constraint_type FROM information_schema.table_constraints tc JOIN information_schema.constraint_column_usage AS ccu USING (constraint_schema, constraint_name) JOIN information_schema.columns AS c ON c.table_schema = tc.constraint_schema AND tc.table_name = c.table_name AND ccu.column_name = c.column_name WHERE constraint_type IN ('PRIMARY KEY', 'UNIQUE') AND c.table_catalog = 'septica' AND c.table_schema = CURRENT_SCHEMA() AND c.table_name = 'player_season_stats'

2025/09/23 11:58:37 [32m
[0m[33m[0.111ms] [34;1m[rows:-][0m SELECT a.attname as column_name, format_type(a.atttypid, a.atttypmod) AS data_type
		FROM pg_attribute a JOIN pg_class b ON a.attrelid = b.oid AND relnamespace = (SELECT oid FROM pg_catalog.pg_namespace WHERE nspname = CURRENT_SCHEMA())
		WHERE a.attnum > 0 -- hide internal columns
		AND NOT a.attisdropped -- hide deleted columns
		AND b.relname = 'player_season_stats'

2025/09/23 11:58:37 [32m/Users/bogdan/work/Septica/backend/internal/database/database.go:52
[0m[33m[0.257ms] [34;1m[rows:0][0m ALTER TABLE "player_season_stats" ALTER COLUMN "win_rate" SET DEFAULT 0.000000

2025/09/23 11:58:37 [32m/Users/bogdan/work/Septica/backend/internal/database/database.go:52
[0m[33m[0.118ms] [34;1m[rows:0][0m SELECT description FROM pg_catalog.pg_description WHERE objsubid = (SELECT ordinal_position FROM information_schema.columns WHERE table_schema = CURRENT_SCHEMA() AND table_name = 'player_season_stats' AND column_name = 'win_rate') AND objoid = (SELECT oid FROM pg_catalog.pg_class WHERE relname = 'player_season_stats' AND relnamespace = (SELECT oid FROM pg_catalog.pg_namespace WHERE nspname = CURRENT_SCHEMA()))

2025/09/23 11:58:37 [32m/Users/bogdan/work/Septica/backend/internal/database/database.go:52
[0m[33m[0.125ms] [34;1m[rows:1][0m SELECT count(*) FROM INFORMATION_SCHEMA.table_constraints WHERE table_schema = CURRENT_SCHEMA() AND table_name = 'player_season_stats' AND constraint_name = 'fk_player_season_stats_player'

2025/09/23 11:58:37 [32m/Users/bogdan/work/Septica/backend/internal/database/database.go:52
[0m[33m[0.101ms] [34;1m[rows:1][0m SELECT count(*) FROM pg_indexes WHERE tablename = 'player_season_stats' AND indexname = 'idx_player_season' AND schemaname = CURRENT_SCHEMA()

2025/09/23 11:58:37 [32m/Users/bogdan/work/Septica/backend/internal/database/database.go:52
[0m[33m[0.094ms] [34;1m[rows:1][0m SELECT count(*) FROM information_schema.tables WHERE table_schema = CURRENT_SCHEMA() AND table_name = 'matchmaking_queues' AND table_type = 'BASE TABLE'

2025/09/23 11:58:37 [32m/Users/bogdan/work/Septica/backend/internal/database/database.go:52
[0m[33m[0.069ms] [34;1m[rows:1][0m SELECT CURRENT_DATABASE()

2025/09/23 11:58:37 [32m/Users/bogdan/work/Septica/backend/internal/database/database.go:52
[0m[33m[0.461ms] [34;1m[rows:-][0m SELECT c.column_name, c.is_nullable = 'YES', c.udt_name, c.character_maximum_length, c.numeric_precision, c.numeric_precision_radix, c.numeric_scale, c.datetime_precision, 8 * typlen, c.column_default, pd.description, c.identity_increment FROM information_schema.columns AS c JOIN pg_type AS pgt ON c.udt_name = pgt.typname LEFT JOIN pg_catalog.pg_description as pd ON pd.objsubid = c.ordinal_position AND pd.objoid = (SELECT oid FROM pg_catalog.pg_class WHERE relname = c.table_name AND relnamespace = (SELECT oid FROM pg_catalog.pg_namespace WHERE nspname = c.table_schema)) where table_catalog = 'septica' AND table_schema = CURRENT_SCHEMA() AND table_name = 'matchmaking_queues'

2025/09/23 11:58:37 [32m/Users/bogdan/work/Septica/backend/internal/database/database.go:52
[0m[33m[0.210ms] [34;1m[rows:-][0m SELECT * FROM "matchmaking_queues" LIMIT 1

2025/09/23 11:58:37 [32m/Users/bogdan/work/Septica/backend/internal/database/database.go:52
[0m[33m[2.342ms] [34;1m[rows:-][0m SELECT constraint_name FROM information_schema.table_constraints tc JOIN information_schema.constraint_column_usage AS ccu USING (constraint_schema, constraint_name) JOIN information_schema.columns AS c ON c.table_schema = tc.constraint_schema AND tc.table_name = c.table_name AND ccu.column_name = c.column_name WHERE constraint_type IN ('PRIMARY KEY', 'UNIQUE') AND c.table_catalog = 'septica' AND c.table_schema = CURRENT_SCHEMA() AND c.table_name = 'matchmaking_queues' AND constraint_type = 'UNIQUE'

2025/09/23 11:58:37 [32m/Users/bogdan/work/Septica/backend/internal/database/database.go:52
[0m[33m[3.125ms] [34;1m[rows:-][0m SELECT c.column_name, constraint_name, constraint_type FROM information_schema.table_constraints tc JOIN information_schema.constraint_column_usage AS ccu USING (constraint_schema, constraint_name) JOIN information_schema.columns AS c ON c.table_schema = tc.constraint_schema AND tc.table_name = c.table_name AND ccu.column_name = c.column_name WHERE constraint_type IN ('PRIMARY KEY', 'UNIQUE') AND c.table_catalog = 'septica' AND c.table_schema = CURRENT_SCHEMA() AND c.table_name = 'matchmaking_queues'

2025/09/23 11:58:37 [32m/Users/bogdan/work/Septica/backend/internal/database/database.go:52
[0m[33m[0.106ms] [34;1m[rows:-][0m SELECT a.attname as column_name, format_type(a.atttypid, a.atttypmod) AS data_type
		FROM pg_attribute a JOIN pg_class b ON a.attrelid = b.oid AND relnamespace = (SELECT oid FROM pg_catalog.pg_namespace WHERE nspname = CURRENT_SCHEMA())
		WHERE a.attnum > 0 -- hide internal columns
		AND NOT a.attisdropped -- hide deleted columns
		AND b.relname = 'matchmaking_queues'

2025/09/23 11:58:37 [32m/Users/bogdan/work/Septica/backend/internal/database/database.go:52
[0m[33m[0.129ms] [34;1m[rows:0][0m SELECT description FROM pg_catalog.pg_description WHERE objsubid = (SELECT ordinal_position FROM information_schema.columns WHERE table_schema = CURRENT_SCHEMA() AND table_name = 'matchmaking_queues' AND column_name = 'id') AND objoid = (SELECT oid FROM pg_catalog.pg_class WHERE relname = 'matchmaking_queues' AND relnamespace = (SELECT oid FROM pg_catalog.pg_namespace WHERE nspname = CURRENT_SCHEMA()))

2025/09/23 11:58:37 [32m/Users/bogdan/work/Septica/backend/internal/database/database.go:52
[0m[33m[0.111ms] [34;1m[rows:0][0m SELECT description FROM pg_catalog.pg_description WHERE objsubid = (SELECT ordinal_position FROM information_schema.columns WHERE table_schema = CURRENT_SCHEMA() AND table_name = 'matchmaking_queues' AND column_name = 'created_at') AND objoid = (SELECT oid FROM pg_catalog.pg_class WHERE relname = 'matchmaking_queues' AND relnamespace = (SELECT oid FROM pg_catalog.pg_namespace WHERE nspname = CURRENT_SCHEMA()))

2025/09/23 11:58:37 [32m/Users/bogdan/work/Septica/backend/internal/database/database.go:52
[0m[33m[0.122ms] [34;1m[rows:0][0m SELECT description FROM pg_catalog.pg_description WHERE objsubid = (SELECT ordinal_position FROM information_schema.columns WHERE table_schema = CURRENT_SCHEMA() AND table_name = 'matchmaking_queues' AND column_name = 'updated_at') AND objoid = (SELECT oid FROM pg_catalog.pg_class WHERE relname = 'matchmaking_queues' AND relnamespace = (SELECT oid FROM pg_catalog.pg_namespace WHERE nspname = CURRENT_SCHEMA()))

2025/09/23 11:58:37 [32m
[0m[33m[0.078ms] [34;1m[rows:1][0m SELECT CURRENT_DATABASE()

2025/09/23 11:58:37 [32m
[0m[33m[0.457ms] [34;1m[rows:-][0m SELECT c.column_name, c.is_nullable = 'YES', c.udt_name, c.character_maximum_length, c.numeric_precision, c.numeric_precision_radix, c.numeric_scale, c.datetime_precision, 8 * typlen, c.column_default, pd.description, c.identity_increment FROM information_schema.columns AS c JOIN pg_type AS pgt ON c.udt_name = pgt.typname LEFT JOIN pg_catalog.pg_description as pd ON pd.objsubid = c.ordinal_position AND pd.objoid = (SELECT oid FROM pg_catalog.pg_class WHERE relname = c.table_name AND relnamespace = (SELECT oid FROM pg_catalog.pg_namespace WHERE nspname = c.table_schema)) where table_catalog = 'septica' AND table_schema = CURRENT_SCHEMA() AND table_name = 'matchmaking_queues'

2025/09/23 11:58:37 [32m
[0m[33m[0.116ms] [34;1m[rows:-][0m SELECT * FROM "matchmaking_queues" LIMIT 1

2025/09/23 11:58:37 [32m
[0m[33m[2.381ms] [34;1m[rows:-][0m SELECT constraint_name FROM information_schema.table_constraints tc JOIN information_schema.constraint_column_usage AS ccu USING (constraint_schema, constraint_name) JOIN information_schema.columns AS c ON c.table_schema = tc.constraint_schema AND tc.table_name = c.table_name AND ccu.column_name = c.column_name WHERE constraint_type IN ('PRIMARY KEY', 'UNIQUE') AND c.table_catalog = 'septica' AND c.table_schema = CURRENT_SCHEMA() AND c.table_name = 'matchmaking_queues' AND constraint_type = 'UNIQUE'

2025/09/23 11:58:37 [32m
[0m[33m[3.154ms] [34;1m[rows:-][0m SELECT c.column_name, constraint_name, constraint_type FROM information_schema.table_constraints tc JOIN information_schema.constraint_column_usage AS ccu USING (constraint_schema, constraint_name) JOIN information_schema.columns AS c ON c.table_schema = tc.constraint_schema AND tc.table_name = c.table_name AND ccu.column_name = c.column_name WHERE constraint_type IN ('PRIMARY KEY', 'UNIQUE') AND c.table_catalog = 'septica' AND c.table_schema = CURRENT_SCHEMA() AND c.table_name = 'matchmaking_queues'

2025/09/23 11:58:37 [32m
[0m[33m[0.144ms] [34;1m[rows:-][0m SELECT a.attname as column_name, format_type(a.atttypid, a.atttypmod) AS data_type
		FROM pg_attribute a JOIN pg_class b ON a.attrelid = b.oid AND relnamespace = (SELECT oid FROM pg_catalog.pg_namespace WHERE nspname = CURRENT_SCHEMA())
		WHERE a.attnum > 0 -- hide internal columns
		AND NOT a.attisdropped -- hide deleted columns
		AND b.relname = 'matchmaking_queues'

2025/09/23 11:58:37 [32m
[0m[33m[0.179ms] [34;1m[rows:1][0m SELECT count(*) FROM pg_indexes WHERE tablename = 'matchmaking_queues' AND indexname = 'idx_matchmaking_queues_player_id' AND schemaname = CURRENT_SCHEMA()

2025/09/23 11:58:37 [32m/Users/bogdan/work/Septica/backend/internal/database/database.go:52
[0m[33m[0.167ms] [34;1m[rows:0][0m SELECT description FROM pg_catalog.pg_description WHERE objsubid = (SELECT ordinal_position FROM information_schema.columns WHERE table_schema = CURRENT_SCHEMA() AND table_name = 'matchmaking_queues' AND column_name = 'player_id') AND objoid = (SELECT oid FROM pg_catalog.pg_class WHERE relname = 'matchmaking_queues' AND relnamespace = (SELECT oid FROM pg_catalog.pg_namespace WHERE nspname = CURRENT_SCHEMA()))

2025/09/23 11:58:37 [32m/Users/bogdan/work/Septica/backend/internal/database/database.go:52
[0m[33m[0.142ms] [34;1m[rows:0][0m SELECT description FROM pg_catalog.pg_description WHERE objsubid = (SELECT ordinal_position FROM information_schema.columns WHERE table_schema = CURRENT_SCHEMA() AND table_name = 'matchmaking_queues' AND column_name = 'queue_type') AND objoid = (SELECT oid FROM pg_catalog.pg_class WHERE relname = 'matchmaking_queues' AND relnamespace = (SELECT oid FROM pg_catalog.pg_namespace WHERE nspname = CURRENT_SCHEMA()))

2025/09/23 11:58:37 [32m/Users/bogdan/work/Septica/backend/internal/database/database.go:52
[0m[33m[0.120ms] [34;1m[rows:0][0m SELECT description FROM pg_catalog.pg_description WHERE objsubid = (SELECT ordinal_position FROM information_schema.columns WHERE table_schema = CURRENT_SCHEMA() AND table_name = 'matchmaking_queues' AND column_name = 'rating') AND objoid = (SELECT oid FROM pg_catalog.pg_class WHERE relname = 'matchmaking_queues' AND relnamespace = (SELECT oid FROM pg_catalog.pg_namespace WHERE nspname = CURRENT_SCHEMA()))

2025/09/23 11:58:37 [32m/Users/bogdan/work/Septica/backend/internal/database/database.go:52
[0m[33m[0.116ms] [34;1m[rows:0][0m SELECT description FROM pg_catalog.pg_description WHERE objsubid = (SELECT ordinal_position FROM information_schema.columns WHERE table_schema = CURRENT_SCHEMA() AND table_name = 'matchmaking_queues' AND column_name = 'queued_at') AND objoid = (SELECT oid FROM pg_catalog.pg_class WHERE relname = 'matchmaking_queues' AND relnamespace = (SELECT oid FROM pg_catalog.pg_namespace WHERE nspname = CURRENT_SCHEMA()))

2025/09/23 11:58:37 [32m/Users/bogdan/work/Septica/backend/internal/database/database.go:52
[0m[33m[0.108ms] [34;1m[rows:0][0m SELECT description FROM pg_catalog.pg_description WHERE objsubid = (SELECT ordinal_position FROM information_schema.columns WHERE table_schema = CURRENT_SCHEMA() AND table_name = 'matchmaking_queues' AND column_name = 'search_range') AND objoid = (SELECT oid FROM pg_catalog.pg_class WHERE relname = 'matchmaking_queues' AND relnamespace = (SELECT oid FROM pg_catalog.pg_namespace WHERE nspname = CURRENT_SCHEMA()))

2025/09/23 11:58:37 [32m/Users/bogdan/work/Septica/backend/internal/database/database.go:52
[0m[33m[0.106ms] [34;1m[rows:0][0m SELECT description FROM pg_catalog.pg_description WHERE objsubid = (SELECT ordinal_position FROM information_schema.columns WHERE table_schema = CURRENT_SCHEMA() AND table_name = 'matchmaking_queues' AND column_name = 'max_wait_time') AND objoid = (SELECT oid FROM pg_catalog.pg_class WHERE relname = 'matchmaking_queues' AND relnamespace = (SELECT oid FROM pg_catalog.pg_namespace WHERE nspname = CURRENT_SCHEMA()))

2025/09/23 11:58:37 [32m/Users/bogdan/work/Septica/backend/internal/database/database.go:52
[0m[33m[0.102ms] [34;1m[rows:0][0m SELECT description FROM pg_catalog.pg_description WHERE objsubid = (SELECT ordinal_position FROM information_schema.columns WHERE table_schema = CURRENT_SCHEMA() AND table_name = 'matchmaking_queues' AND column_name = 'is_active') AND objoid = (SELECT oid FROM pg_catalog.pg_class WHERE relname = 'matchmaking_queues' AND relnamespace = (SELECT oid FROM pg_catalog.pg_namespace WHERE nspname = CURRENT_SCHEMA()))

2025/09/23 11:58:37 [32m/Users/bogdan/work/Septica/backend/internal/database/database.go:52
[0m[33m[0.114ms] [34;1m[rows:1][0m SELECT count(*) FROM INFORMATION_SCHEMA.table_constraints WHERE table_schema = CURRENT_SCHEMA() AND table_name = 'matchmaking_queues' AND constraint_name = 'fk_matchmaking_queues_player'

2025/09/23 11:58:37 [32m/Users/bogdan/work/Septica/backend/internal/database/database.go:52
[0m[33m[0.092ms] [34;1m[rows:1][0m SELECT count(*) FROM pg_indexes WHERE tablename = 'matchmaking_queues' AND indexname = 'idx_matchmaking_queues_player_id' AND schemaname = CURRENT_SCHEMA()

2025/09/23 11:58:37 [32m/Users/bogdan/work/Septica/backend/internal/database/database.go:52
[0m[33m[0.090ms] [34;1m[rows:1][0m SELECT count(*) FROM information_schema.tables WHERE table_schema = CURRENT_SCHEMA() AND table_name = 'friendships' AND table_type = 'BASE TABLE'

2025/09/23 11:58:37 [32m/Users/bogdan/work/Septica/backend/internal/database/database.go:52
[0m[33m[0.088ms] [34;1m[rows:1][0m SELECT CURRENT_DATABASE()

2025/09/23 11:58:37 [32m/Users/bogdan/work/Septica/backend/internal/database/database.go:52
[0m[33m[0.379ms] [34;1m[rows:-][0m SELECT c.column_name, c.is_nullable = 'YES', c.udt_name, c.character_maximum_length, c.numeric_precision, c.numeric_precision_radix, c.numeric_scale, c.datetime_precision, 8 * typlen, c.column_default, pd.description, c.identity_increment FROM information_schema.columns AS c JOIN pg_type AS pgt ON c.udt_name = pgt.typname LEFT JOIN pg_catalog.pg_description as pd ON pd.objsubid = c.ordinal_position AND pd.objoid = (SELECT oid FROM pg_catalog.pg_class WHERE relname = c.table_name AND relnamespace = (SELECT oid FROM pg_catalog.pg_namespace WHERE nspname = c.table_schema)) where table_catalog = 'septica' AND table_schema = CURRENT_SCHEMA() AND table_name = 'friendships'

2025/09/23 11:58:37 [32m/Users/bogdan/work/Septica/backend/internal/database/database.go:52
[0m[33m[0.176ms] [34;1m[rows:-][0m SELECT * FROM "friendships" LIMIT 1

2025/09/23 11:58:37 [32m/Users/bogdan/work/Septica/backend/internal/database/database.go:52
[0m[33m[1.539ms] [34;1m[rows:-][0m SELECT constraint_name FROM information_schema.table_constraints tc JOIN information_schema.constraint_column_usage AS ccu USING (constraint_schema, constraint_name) JOIN information_schema.columns AS c ON c.table_schema = tc.constraint_schema AND tc.table_name = c.table_name AND ccu.column_name = c.column_name WHERE constraint_type IN ('PRIMARY KEY', 'UNIQUE') AND c.table_catalog = 'septica' AND c.table_schema = CURRENT_SCHEMA() AND c.table_name = 'friendships' AND constraint_type = 'UNIQUE'

2025/09/23 11:58:37 [32m/Users/bogdan/work/Septica/backend/internal/database/database.go:52
[0m[33m[2.262ms] [34;1m[rows:-][0m SELECT c.column_name, constraint_name, constraint_type FROM information_schema.table_constraints tc JOIN information_schema.constraint_column_usage AS ccu USING (constraint_schema, constraint_name) JOIN information_schema.columns AS c ON c.table_schema = tc.constraint_schema AND tc.table_name = c.table_name AND ccu.column_name = c.column_name WHERE constraint_type IN ('PRIMARY KEY', 'UNIQUE') AND c.table_catalog = 'septica' AND c.table_schema = CURRENT_SCHEMA() AND c.table_name = 'friendships'

2025/09/23 11:58:37 [32m/Users/bogdan/work/Septica/backend/internal/database/database.go:52
[0m[33m[0.096ms] [34;1m[rows:-][0m SELECT a.attname as column_name, format_type(a.atttypid, a.atttypmod) AS data_type
		FROM pg_attribute a JOIN pg_class b ON a.attrelid = b.oid AND relnamespace = (SELECT oid FROM pg_catalog.pg_namespace WHERE nspname = CURRENT_SCHEMA())
		WHERE a.attnum > 0 -- hide internal columns
		AND NOT a.attisdropped -- hide deleted columns
		AND b.relname = 'friendships'

2025/09/23 11:58:37 [32m/Users/bogdan/work/Septica/backend/internal/database/database.go:52
[0m[33m[0.110ms] [34;1m[rows:0][0m SELECT description FROM pg_catalog.pg_description WHERE objsubid = (SELECT ordinal_position FROM information_schema.columns WHERE table_schema = CURRENT_SCHEMA() AND table_name = 'friendships' AND column_name = 'id') AND objoid = (SELECT oid FROM pg_catalog.pg_class WHERE relname = 'friendships' AND relnamespace = (SELECT oid FROM pg_catalog.pg_namespace WHERE nspname = CURRENT_SCHEMA()))

2025/09/23 11:58:37 [32m/Users/bogdan/work/Septica/backend/internal/database/database.go:52
[0m[33m[0.109ms] [34;1m[rows:0][0m SELECT description FROM pg_catalog.pg_description WHERE objsubid = (SELECT ordinal_position FROM information_schema.columns WHERE table_schema = CURRENT_SCHEMA() AND table_name = 'friendships' AND column_name = 'created_at') AND objoid = (SELECT oid FROM pg_catalog.pg_class WHERE relname = 'friendships' AND relnamespace = (SELECT oid FROM pg_catalog.pg_namespace WHERE nspname = CURRENT_SCHEMA()))

2025/09/23 11:58:37 [32m/Users/bogdan/work/Septica/backend/internal/database/database.go:52
[0m[33m[0.117ms] [34;1m[rows:0][0m SELECT description FROM pg_catalog.pg_description WHERE objsubid = (SELECT ordinal_position FROM information_schema.columns WHERE table_schema = CURRENT_SCHEMA() AND table_name = 'friendships' AND column_name = 'updated_at') AND objoid = (SELECT oid FROM pg_catalog.pg_class WHERE relname = 'friendships' AND relnamespace = (SELECT oid FROM pg_catalog.pg_namespace WHERE nspname = CURRENT_SCHEMA()))

2025/09/23 11:58:37 [32m/Users/bogdan/work/Septica/backend/internal/database/database.go:52
[0m[33m[0.117ms] [34;1m[rows:0][0m SELECT description FROM pg_catalog.pg_description WHERE objsubid = (SELECT ordinal_position FROM information_schema.columns WHERE table_schema = CURRENT_SCHEMA() AND table_name = 'friendships' AND column_name = 'requester_id') AND objoid = (SELECT oid FROM pg_catalog.pg_class WHERE relname = 'friendships' AND relnamespace = (SELECT oid FROM pg_catalog.pg_namespace WHERE nspname = CURRENT_SCHEMA()))

2025/09/23 11:58:37 [32m/Users/bogdan/work/Septica/backend/internal/database/database.go:52
[0m[33m[0.104ms] [34;1m[rows:0][0m SELECT description FROM pg_catalog.pg_description WHERE objsubid = (SELECT ordinal_position FROM information_schema.columns WHERE table_schema = CURRENT_SCHEMA() AND table_name = 'friendships' AND column_name = 'addressee_id') AND objoid = (SELECT oid FROM pg_catalog.pg_class WHERE relname = 'friendships' AND relnamespace = (SELECT oid FROM pg_catalog.pg_namespace WHERE nspname = CURRENT_SCHEMA()))

2025/09/23 11:58:37 [32m/Users/bogdan/work/Septica/backend/internal/database/database.go:52
[0m[33m[0.112ms] [34;1m[rows:0][0m SELECT description FROM pg_catalog.pg_description WHERE objsubid = (SELECT ordinal_position FROM information_schema.columns WHERE table_schema = CURRENT_SCHEMA() AND table_name = 'friendships' AND column_name = 'status') AND objoid = (SELECT oid FROM pg_catalog.pg_class WHERE relname = 'friendships' AND relnamespace = (SELECT oid FROM pg_catalog.pg_namespace WHERE nspname = CURRENT_SCHEMA()))

2025/09/23 11:58:37 [32m/Users/bogdan/work/Septica/backend/internal/database/database.go:52
[0m[33m[0.132ms] [34;1m[rows:1][0m SELECT count(*) FROM INFORMATION_SCHEMA.table_constraints WHERE table_schema = CURRENT_SCHEMA() AND table_name = 'friendships' AND constraint_name = 'fk_friendships_requester'

2025/09/23 11:58:37 [32m/Users/bogdan/work/Septica/backend/internal/database/database.go:52
[0m[33m[0.107ms] [34;1m[rows:1][0m SELECT count(*) FROM INFORMATION_SCHEMA.table_constraints WHERE table_schema = CURRENT_SCHEMA() AND table_name = 'friendships' AND constraint_name = 'fk_friendships_addressee'

2025/09/23 11:58:37 [32m/Users/bogdan/work/Septica/backend/internal/database/database.go:52
[0m[33m[0.093ms] [34;1m[rows:1][0m SELECT count(*) FROM information_schema.tables WHERE table_schema = CURRENT_SCHEMA() AND table_name = 'chat_messages' AND table_type = 'BASE TABLE'

2025/09/23 11:58:37 [32m/Users/bogdan/work/Septica/backend/internal/database/database.go:52
[0m[33m[0.084ms] [34;1m[rows:1][0m SELECT CURRENT_DATABASE()

2025/09/23 11:58:37 [32m/Users/bogdan/work/Septica/backend/internal/database/database.go:52
[0m[33m[0.406ms] [34;1m[rows:-][0m SELECT c.column_name, c.is_nullable = 'YES', c.udt_name, c.character_maximum_length, c.numeric_precision, c.numeric_precision_radix, c.numeric_scale, c.datetime_precision, 8 * typlen, c.column_default, pd.description, c.identity_increment FROM information_schema.columns AS c JOIN pg_type AS pgt ON c.udt_name = pgt.typname LEFT JOIN pg_catalog.pg_description as pd ON pd.objsubid = c.ordinal_position AND pd.objoid = (SELECT oid FROM pg_catalog.pg_class WHERE relname = c.table_name AND relnamespace = (SELECT oid FROM pg_catalog.pg_namespace WHERE nspname = c.table_schema)) where table_catalog = 'septica' AND table_schema = CURRENT_SCHEMA() AND table_name = 'chat_messages'

2025/09/23 11:58:37 [32m/Users/bogdan/work/Septica/backend/internal/database/database.go:52
[0m[33m[0.159ms] [34;1m[rows:-][0m SELECT * FROM "chat_messages" LIMIT 1

2025/09/23 11:58:37 [32m/Users/bogdan/work/Septica/backend/internal/database/database.go:52
[0m[33m[1.664ms] [34;1m[rows:-][0m SELECT constraint_name FROM information_schema.table_constraints tc JOIN information_schema.constraint_column_usage AS ccu USING (constraint_schema, constraint_name) JOIN information_schema.columns AS c ON c.table_schema = tc.constraint_schema AND tc.table_name = c.table_name AND ccu.column_name = c.column_name WHERE constraint_type IN ('PRIMARY KEY', 'UNIQUE') AND c.table_catalog = 'septica' AND c.table_schema = CURRENT_SCHEMA() AND c.table_name = 'chat_messages' AND constraint_type = 'UNIQUE'

2025/09/23 11:58:37 [32m/Users/bogdan/work/Septica/backend/internal/database/database.go:52
[0m[33m[2.578ms] [34;1m[rows:-][0m SELECT c.column_name, constraint_name, constraint_type FROM information_schema.table_constraints tc JOIN information_schema.constraint_column_usage AS ccu USING (constraint_schema, constraint_name) JOIN information_schema.columns AS c ON c.table_schema = tc.constraint_schema AND tc.table_name = c.table_name AND ccu.column_name = c.column_name WHERE constraint_type IN ('PRIMARY KEY', 'UNIQUE') AND c.table_catalog = 'septica' AND c.table_schema = CURRENT_SCHEMA() AND c.table_name = 'chat_messages'

2025/09/23 11:58:37 [32m/Users/bogdan/work/Septica/backend/internal/database/database.go:52
[0m[33m[0.098ms] [34;1m[rows:-][0m SELECT a.attname as column_name, format_type(a.atttypid, a.atttypmod) AS data_type
		FROM pg_attribute a JOIN pg_class b ON a.attrelid = b.oid AND relnamespace = (SELECT oid FROM pg_catalog.pg_namespace WHERE nspname = CURRENT_SCHEMA())
		WHERE a.attnum > 0 -- hide internal columns
		AND NOT a.attisdropped -- hide deleted columns
		AND b.relname = 'chat_messages'

2025/09/23 11:58:37 [32m/Users/bogdan/work/Septica/backend/internal/database/database.go:52
[0m[33m[0.140ms] [34;1m[rows:0][0m SELECT description FROM pg_catalog.pg_description WHERE objsubid = (SELECT ordinal_position FROM information_schema.columns WHERE table_schema = CURRENT_SCHEMA() AND table_name = 'chat_messages' AND column_name = 'id') AND objoid = (SELECT oid FROM pg_catalog.pg_class WHERE relname = 'chat_messages' AND relnamespace = (SELECT oid FROM pg_catalog.pg_namespace WHERE nspname = CURRENT_SCHEMA()))

2025/09/23 11:58:37 [32m/Users/bogdan/work/Septica/backend/internal/database/database.go:52
[0m[33m[0.121ms] [34;1m[rows:0][0m SELECT description FROM pg_catalog.pg_description WHERE objsubid = (SELECT ordinal_position FROM information_schema.columns WHERE table_schema = CURRENT_SCHEMA() AND table_name = 'chat_messages' AND column_name = 'created_at') AND objoid = (SELECT oid FROM pg_catalog.pg_class WHERE relname = 'chat_messages' AND relnamespace = (SELECT oid FROM pg_catalog.pg_namespace WHERE nspname = CURRENT_SCHEMA()))

2025/09/23 11:58:37 [32m/Users/bogdan/work/Septica/backend/internal/database/database.go:52
[0m[33m[0.108ms] [34;1m[rows:0][0m SELECT description FROM pg_catalog.pg_description WHERE objsubid = (SELECT ordinal_position FROM information_schema.columns WHERE table_schema = CURRENT_SCHEMA() AND table_name = 'chat_messages' AND column_name = 'updated_at') AND objoid = (SELECT oid FROM pg_catalog.pg_class WHERE relname = 'chat_messages' AND relnamespace = (SELECT oid FROM pg_catalog.pg_namespace WHERE nspname = CURRENT_SCHEMA()))

2025/09/23 11:58:37 [32m/Users/bogdan/work/Septica/backend/internal/database/database.go:52
[0m[33m[0.107ms] [34;1m[rows:0][0m SELECT description FROM pg_catalog.pg_description WHERE objsubid = (SELECT ordinal_position FROM information_schema.columns WHERE table_schema = CURRENT_SCHEMA() AND table_name = 'chat_messages' AND column_name = 'game_id') AND objoid = (SELECT oid FROM pg_catalog.pg_class WHERE relname = 'chat_messages' AND relnamespace = (SELECT oid FROM pg_catalog.pg_namespace WHERE nspname = CURRENT_SCHEMA()))

2025/09/23 11:58:37 [32m/Users/bogdan/work/Septica/backend/internal/database/database.go:52
[0m[33m[0.111ms] [34;1m[rows:0][0m SELECT description FROM pg_catalog.pg_description WHERE objsubid = (SELECT ordinal_position FROM information_schema.columns WHERE table_schema = CURRENT_SCHEMA() AND table_name = 'chat_messages' AND column_name = 'player_id') AND objoid = (SELECT oid FROM pg_catalog.pg_class WHERE relname = 'chat_messages' AND relnamespace = (SELECT oid FROM pg_catalog.pg_namespace WHERE nspname = CURRENT_SCHEMA()))

2025/09/23 11:58:37 [32m/Users/bogdan/work/Septica/backend/internal/database/database.go:52
[0m[33m[0.102ms] [34;1m[rows:0][0m SELECT description FROM pg_catalog.pg_description WHERE objsubid = (SELECT ordinal_position FROM information_schema.columns WHERE table_schema = CURRENT_SCHEMA() AND table_name = 'chat_messages' AND column_name = 'message') AND objoid = (SELECT oid FROM pg_catalog.pg_class WHERE relname = 'chat_messages' AND relnamespace = (SELECT oid FROM pg_catalog.pg_namespace WHERE nspname = CURRENT_SCHEMA()))

2025/09/23 11:58:37 [32m/Users/bogdan/work/Septica/backend/internal/database/database.go:52
[0m[33m[0.112ms] [34;1m[rows:0][0m SELECT description FROM pg_catalog.pg_description WHERE objsubid = (SELECT ordinal_position FROM information_schema.columns WHERE table_schema = CURRENT_SCHEMA() AND table_name = 'chat_messages' AND column_name = 'type') AND objoid = (SELECT oid FROM pg_catalog.pg_class WHERE relname = 'chat_messages' AND relnamespace = (SELECT oid FROM pg_catalog.pg_namespace WHERE nspname = CURRENT_SCHEMA()))

2025/09/23 11:58:37 [32m/Users/bogdan/work/Septica/backend/internal/database/database.go:52
[0m[33m[0.111ms] [34;1m[rows:1][0m SELECT count(*) FROM INFORMATION_SCHEMA.table_constraints WHERE table_schema = CURRENT_SCHEMA() AND table_name = 'chat_messages' AND constraint_name = 'fk_chat_messages_player'

2025/09/23 11:58:37 [32m/Users/bogdan/work/Septica/backend/internal/database/database.go:52
[0m[33m[0.120ms] [34;1m[rows:1][0m SELECT count(*) FROM INFORMATION_SCHEMA.table_constraints WHERE table_schema = CURRENT_SCHEMA() AND table_name = 'chat_messages' AND constraint_name = 'fk_chat_messages_game'
2025/09/23 11:58:37 [INFO] Database migrations completed
2025/09/23 11:58:37 [INFO] Game engine initialized
2025/09/23 11:58:37 [INFO] WebSocket hub started
2025/09/23 11:58:37 [INFO] Starting matchmaking service

2025/09/23 11:58:37 [32m/Users/bogdan/work/Septica/backend/internal/matchmaking/processor.go:405
[0m[33m[0.207ms] [34;1m[rows:0][0m SELECT * FROM "matchmaking_queues" WHERE is_active = true
2025/09/23 11:58:37 [INFO] Loaded queue entries from database count=0
2025/09/23 11:58:37 [INFO] Matchmaking service started successfully
2025/09/23 11:58:37 [INFO] Matchmaking service started
[GIN-debug] [WARNING] Running in "debug" mode. Switch to "release" mode in production.
 - using env:	export GIN_MODE=release
 - using code:	gin.SetMode(gin.ReleaseMode)

2025/09/23 11:58:37 [INFO] Starting queue processor
[GIN-debug] GET    /health                   --> main.registerRoutes.func1 (4 handlers)
2025/09/23 11:58:37 [INFO] Starting queue updater
[GIN-debug] GET    /ws/connect               --> septica-backend/internal/handlers.(*WebSocketHandler).HandleWebSocketUpgrade-fm (6 handlers)
[GIN-debug] GET    /ws/stats                 --> septica-backend/internal/handlers.(*WebSocketHandler).GetConnectionStats-fm (6 handlers)
[GIN-debug] POST   /ws/heartbeat             --> septica-backend/internal/handlers.(*WebSocketHandler).SendHeartbeat-fm (6 handlers)
[GIN-debug] POST   /ws/broadcast             --> septica-backend/internal/handlers.(*WebSocketHandler).BroadcastMessage-fm (6 handlers)
[GIN-debug] POST   /ws/broadcast/:game_id    --> septica-backend/internal/handlers.(*WebSocketHandler).BroadcastToGame-fm (6 handlers)
[GIN-debug] GET    /ws/users/:user_id        --> septica-backend/internal/handlers.(*WebSocketHandler).GetUserConnections-fm (6 handlers)
[GIN-debug] DELETE /ws/users/:user_id        --> septica-backend/internal/handlers.(*WebSocketHandler).DisconnectUser-fm (6 handlers)
[GIN-debug] POST   /api/v1/tournaments       --> septica-backend/internal/handlers.(*TournamentHandlers).CreateTournament-fm (4 handlers)
[GIN-debug] GET    /api/v1/tournaments       --> septica-backend/internal/handlers.(*TournamentHandlers).ListTournaments-fm (4 handlers)
[GIN-debug] GET    /api/v1/tournaments/:id   --> septica-backend/internal/handlers.(*TournamentHandlers).GetTournament-fm (4 handlers)
[GIN-debug] POST   /api/v1/tournaments/:id/join --> septica-backend/internal/handlers.(*TournamentHandlers).JoinTournament-fm (4 handlers)
[GIN-debug] POST   /api/v1/tournaments/:id/start --> septica-backend/internal/handlers.(*TournamentHandlers).StartTournament-fm (4 handlers)
[GIN-debug] GET    /api/v1/tournaments/:id/bracket --> septica-backend/internal/handlers.(*TournamentHandlers).GetTournamentBracket-fm (4 handlers)
[GIN-debug] GET    /api/v1/leaderboard       --> septica-backend/internal/handlers.(*TournamentHandlers).GetLeaderboard-fm (4 handlers)
[GIN-debug] GET    /api/v1/players/:id/rating-history --> septica-backend/internal/handlers.(*TournamentHandlers).GetPlayerRatingHistory-fm (4 handlers)
[GIN-debug] GET    /api/v1/rating-distribution --> septica-backend/internal/handlers.(*TournamentHandlers).GetRatingDistribution-fm (4 handlers)
[GIN-debug] POST   /api/v1/matchmaking/join  --> septica-backend/internal/handlers.(*MatchmakingHandler).JoinMatchmaking-fm (4 handlers)
[GIN-debug] DELETE /api/v1/matchmaking/leave --> septica-backend/internal/handlers.(*MatchmakingHandler).LeaveMatchmaking-fm (4 handlers)
[GIN-debug] GET    /api/v1/matchmaking/status/:player_id --> septica-backend/internal/handlers.(*MatchmakingHandler).GetMatchmakingStatus-fm (4 handlers)
[GIN-debug] GET    /api/v1/matchmaking/stats --> septica-backend/internal/handlers.(*MatchmakingHandler).GetMatchmakingStats-fm (4 handlers)
[GIN-debug] GET    /api/v1/games/:id         --> main.registerRoutes.getGameHandler.func3 (4 handlers)
[GIN-debug] POST   /api/v1/games             --> main.registerRoutes.createGameHandler.func4 (4 handlers)
[GIN-debug] POST   /api/v1/games/:id/join    --> main.registerRoutes.joinGameHandler.func5 (4 handlers)
[GIN-debug] DELETE /api/v1/games/:id/leave   --> main.registerRoutes.leaveGameHandler.func6 (4 handlers)
[GIN-debug] GET    /api/v1/info              --> main.registerRoutes.func2 (4 handlers)
2025/09/23 11:58:37 [INFO] Routes registered successfully
2025/09/23 11:58:37 [INFO] Server starting port=8080
2025/09/23 11:59:07 [INFO] HTTP Request method=GET path=/health status=200 latency=523.083µs ip=::1 user_agent=curl/8.7.1
2025/09/23 12:00:44 [INFO] WebSocket connection upgrade user_id=84c5109a-4dd6-4d4d-ba7c-0594b2a76390 session_id=877a4b3e-b220-46fc-9a0c-d14d92a6337a
2025/09/23 12:00:44 [INFO] HTTP Request method=GET path=/ws/connect?user_id=84c5109a-4dd6-4d4d-ba7c-0594b2a76390 status=200 latency=546.208µs ip=::1 user_agent=Mozilla/5.0 (Macintosh; Intel Mac OS X 10_15_7) AppleWebKit/537.36 (KHTML, like Gecko) Chrome/140.0.0.0 Safari/537.36

2025/09/23 12:00:44 [31;1m/Users/bogdan/work/Septica/backend/internal/websocket/hub.go:126 [35;1mrecord not found
[0m[33m[1.593ms] [34;1m[rows:0][0m SELECT * FROM "users" WHERE id = '84c5109a-4dd6-4d4d-ba7c-0594b2a76390' ORDER BY "users"."id" LIMIT 1

2025/09/23 12:00:44 [32m/Users/bogdan/work/Septica/backend/internal/websocket/hub.go:137
[0m[33m[1.720ms] [34;1m[rows:1][0m INSERT INTO "users" ("created_at","updated_at","username","email","password_hash","is_active","last_login_at","id") VALUES ('2025-09-23 09:00:44.088','2025-09-23 09:00:44.088','guest_84c5109a','84c5109a-4dd6-4d4d-ba7c-0594b2a76390@septica.game','guest_password_hash',true,NULL,'84c5109a-4dd6-4d4d-ba7c-0594b2a76390') RETURNING "id"
2025/09/23 12:00:44 [INFO] Created new user user_id=84c5109a-4dd6-4d4d-ba7c-0594b2a76390 username=guest_84c5109a

2025/09/23 12:00:44 [31;1m/Users/bogdan/work/Septica/backend/internal/websocket/hub.go:150 [35;1mrecord not found
[0m[33m[0.480ms] [34;1m[rows:0][0m SELECT * FROM "players" WHERE user_id = '84c5109a-4dd6-4d4d-ba7c-0594b2a76390' ORDER BY "players"."id" LIMIT 1

2025/09/23 12:00:44 [32m/Users/bogdan/work/Septica/backend/internal/websocket/hub.go:164
[0m[33m[1.240ms] [34;1m[rows:1][0m INSERT INTO "players" ("created_at","updated_at","user_id","username","level","xp","rating","arena","coins","gems","selected_card_back","selected_table_theme","selected_avatar","id") VALUES ('2025-09-23 09:00:44.091','2025-09-23 09:00:44.091','84c5109a-4dd6-4d4d-ba7c-0594b2a76390','guest_84c5109a',1,0,1000,1,100,0,'default','default','default','3b23d436-e8e6-439f-852c-b1097c770809') RETURNING "id"
2025/09/23 12:00:44 [INFO] Created new player user_id=84c5109a-4dd6-4d4d-ba7c-0594b2a76390 username=guest_84c5109a rating=1000
2025/09/23 12:00:44 [INFO] Client registered user_id=84c5109a-4dd6-4d4d-ba7c-0594b2a76390 total_clients=1
2025/09/23 12:01:02 [INFO] WebSocket connection upgrade user_id=84c5109a-4dd6-4d4d-ba7c-0594b2a76390 session_id=2edac809-2e09-4269-8979-65edd4425a8f
2025/09/23 12:01:02 [INFO] HTTP Request method=GET path=/ws/connect?user_id=84c5109a-4dd6-4d4d-ba7c-0594b2a76390 status=200 latency=129.042µs ip=::1 user_agent=Mozilla/5.0 (Macintosh; Intel Mac OS X 10_15_7) AppleWebKit/537.36 (KHTML, like Gecko) Chrome/140.0.0.0 Safari/537.36

2025/09/23 12:01:02 [32m/Users/bogdan/work/Septica/backend/internal/websocket/hub.go:126
[0m[33m[0.521ms] [34;1m[rows:1][0m SELECT * FROM "users" WHERE id = '84c5109a-4dd6-4d4d-ba7c-0594b2a76390' ORDER BY "users"."id" LIMIT 1

2025/09/23 12:01:02 [32m/Users/bogdan/work/Septica/backend/internal/websocket/hub.go:150
[0m[33m[0.240ms] [34;1m[rows:1][0m SELECT * FROM "players" WHERE user_id = '84c5109a-4dd6-4d4d-ba7c-0594b2a76390' ORDER BY "players"."id" LIMIT 1
2025/09/23 12:01:02 [INFO] Client registered user_id=84c5109a-4dd6-4d4d-ba7c-0594b2a76390 total_clients=2

2025/09/23 12:01:07 [32m/Users/bogdan/work/Septica/backend/internal/matchmaking/service.go:251
[0m[33m[0.559ms] [34;1m[rows:1][0m SELECT * FROM "players" WHERE user_id = '84c5109a-4dd6-4d4d-ba7c-0594b2a76390' ORDER BY "players"."id" LIMIT 1

2025/09/23 12:01:07 [31;1m/Users/bogdan/work/Septica/backend/internal/matchmaking/service.go:284 [35;1mERROR: insert or update on table "matchmaking_queues" violates foreign key constraint "fk_matchmaking_queues_player" (SQLSTATE 23503)
[0m[33m[2.673ms] [34;1m[rows:0][0m INSERT INTO "matchmaking_queues" ("created_at","updated_at","player_id","queue_type","rating","queued_at","search_range","max_wait_time","is_active","id") VALUES ('2025-09-23 09:01:07.638','2025-09-23 09:01:07.638','84c5109a-4dd6-4d4d-ba7c-0594b2a76390','casual',1000,'2025-09-23 12:01:07.637',100,300,true,'b3dfb0bf-5237-4b1d-b5ab-38be4e21e8c4') RETURNING "id"
2025/09/23 12:01:07 [ERROR] Failed to save queue entry to database error=ERROR: insert or update on table "matchmaking_queues" violates foreign key constraint "fk_matchmaking_queues_player" (SQLSTATE 23503) player_id=84c5109a-4dd6-4d4d-ba7c-0594b2a76390
2025/09/23 12:01:07 [INFO] Player joined matchmaking queue player_id=84c5109a-4dd6-4d4d-ba7c-0594b2a76390 queue_type=casual rating=1000
2025/09/23 12:01:07 [INFO] Player joined matchmaking user_id=84c5109a-4dd6-4d4d-ba7c-0594b2a76390 queue_type=casual game_mode=septica
2025/09/23 12:01:37 [ERROR] Websocket error user_id=84c5109a-4dd6-4d4d-ba7c-0594b2a76390 error=websocket: close 1000 (normal): Client disconnect
2025/09/23 12:01:37 [INFO] Client unregistered user_id=84c5109a-4dd6-4d4d-ba7c-0594b2a76390 total_clients=1
2025/09/23 12:01:37 [INFO] WebSocket connection upgrade user_id=84c5109a-4dd6-4d4d-ba7c-0594b2a76390 session_id=95a2fb5e-0b34-45c1-85f5-dc9b9b42e5ca
2025/09/23 12:01:37 [INFO] HTTP Request method=GET path=/ws/connect?user_id=84c5109a-4dd6-4d4d-ba7c-0594b2a76390 status=200 latency=130.333µs ip=::1 user_agent=Mozilla/5.0 (Macintosh; Intel Mac OS X 10_15_7) AppleWebKit/537.36 (KHTML, like Gecko) Chrome/140.0.0.0 Safari/537.36

2025/09/23 12:01:37 [32m/Users/bogdan/work/Septica/backend/internal/websocket/hub.go:126
[0m[33m[0.334ms] [34;1m[rows:1][0m SELECT * FROM "users" WHERE id = '84c5109a-4dd6-4d4d-ba7c-0594b2a76390' ORDER BY "users"."id" LIMIT 1

2025/09/23 12:01:37 [32m/Users/bogdan/work/Septica/backend/internal/websocket/hub.go:150
[0m[33m[0.162ms] [34;1m[rows:1][0m SELECT * FROM "players" WHERE user_id = '84c5109a-4dd6-4d4d-ba7c-0594b2a76390' ORDER BY "players"."id" LIMIT 1
2025/09/23 12:01:37 [INFO] Client registered user_id=84c5109a-4dd6-4d4d-ba7c-0594b2a76390 total_clients=2
2025/09/23 12:01:55 [ERROR] Websocket error user_id=84c5109a-4dd6-4d4d-ba7c-0594b2a76390 error=websocket: close 1000 (normal): Client disconnect
2025/09/23 12:01:55 [INFO] Client unregistered user_id=84c5109a-4dd6-4d4d-ba7c-0594b2a76390 total_clients=1
2025/09/23 12:01:55 [INFO] WebSocket connection upgrade user_id=84c5109a-4dd6-4d4d-ba7c-0594b2a76390 session_id=ae0db79d-1bcf-4b0d-8431-010f180fcdac
2025/09/23 12:01:55 [INFO] HTTP Request method=GET path=/ws/connect?user_id=84c5109a-4dd6-4d4d-ba7c-0594b2a76390 status=200 latency=83.125µs ip=::1 user_agent=Mozilla/5.0 (Macintosh; Intel Mac OS X 10_15_7) AppleWebKit/537.36 (KHTML, like Gecko) Chrome/140.0.0.0 Safari/537.36

2025/09/23 12:01:55 [32m/Users/bogdan/work/Septica/backend/internal/websocket/hub.go:126
[0m[33m[0.325ms] [34;1m[rows:1][0m SELECT * FROM "users" WHERE id = '84c5109a-4dd6-4d4d-ba7c-0594b2a76390' ORDER BY "users"."id" LIMIT 1

2025/09/23 12:01:55 [32m/Users/bogdan/work/Septica/backend/internal/websocket/hub.go:150
[0m[33m[0.220ms] [34;1m[rows:1][0m SELECT * FROM "players" WHERE user_id = '84c5109a-4dd6-4d4d-ba7c-0594b2a76390' ORDER BY "players"."id" LIMIT 1
2025/09/23 12:01:55 [INFO] Client registered user_id=84c5109a-4dd6-4d4d-ba7c-0594b2a76390 total_clients=2
2025/09/23 12:02:23 [ERROR] Websocket error user_id=84c5109a-4dd6-4d4d-ba7c-0594b2a76390 error=websocket: close 1000 (normal): Client disconnect
2025/09/23 12:02:23 [INFO] Client unregistered user_id=84c5109a-4dd6-4d4d-ba7c-0594b2a76390 total_clients=1
2025/09/23 12:02:23 [INFO] WebSocket connection upgrade user_id=5b6cd6b8-a26b-425f-be66-7e0e1a1d1ad9 session_id=6d224b11-d759-4fea-b091-ec655f6be32a
2025/09/23 12:02:23 [INFO] HTTP Request method=GET path=/ws/connect?user_id=5b6cd6b8-a26b-425f-be66-7e0e1a1d1ad9 status=200 latency=75.667µs ip=::1 user_agent=Mozilla/5.0 (Macintosh; Intel Mac OS X 10_15_7) AppleWebKit/537.36 (KHTML, like Gecko) Chrome/140.0.0.0 Safari/537.36

2025/09/23 12:02:23 [31;1m/Users/bogdan/work/Septica/backend/internal/websocket/hub.go:126 [35;1mrecord not found
[0m[33m[0.415ms] [34;1m[rows:0][0m SELECT * FROM "users" WHERE id = '5b6cd6b8-a26b-425f-be66-7e0e1a1d1ad9' ORDER BY "users"."id" LIMIT 1

2025/09/23 12:02:23 [32m/Users/bogdan/work/Septica/backend/internal/websocket/hub.go:137
[0m[33m[0.697ms] [34;1m[rows:1][0m INSERT INTO "users" ("created_at","updated_at","username","email","password_hash","is_active","last_login_at","id") VALUES ('2025-09-23 09:02:23.067','2025-09-23 09:02:23.067','guest_5b6cd6b8','5b6cd6b8-a26b-425f-be66-7e0e1a1d1ad9@septica.game','guest_password_hash',true,NULL,'5b6cd6b8-a26b-425f-be66-7e0e1a1d1ad9') RETURNING "id"
2025/09/23 12:02:23 [INFO] Created new user user_id=5b6cd6b8-a26b-425f-be66-7e0e1a1d1ad9 username=guest_5b6cd6b8

2025/09/23 12:02:23 [31;1m/Users/bogdan/work/Septica/backend/internal/websocket/hub.go:150 [35;1mrecord not found
[0m[33m[0.292ms] [34;1m[rows:0][0m SELECT * FROM "players" WHERE user_id = '5b6cd6b8-a26b-425f-be66-7e0e1a1d1ad9' ORDER BY "players"."id" LIMIT 1

2025/09/23 12:02:23 [32m/Users/bogdan/work/Septica/backend/internal/websocket/hub.go:164
[0m[33m[0.788ms] [34;1m[rows:1][0m INSERT INTO "players" ("created_at","updated_at","user_id","username","level","xp","rating","arena","coins","gems","selected_card_back","selected_table_theme","selected_avatar","id") VALUES ('2025-09-23 09:02:23.068','2025-09-23 09:02:23.068','5b6cd6b8-a26b-425f-be66-7e0e1a1d1ad9','guest_5b6cd6b8',1,0,1000,1,100,0,'default','default','default','237d1aad-2a0b-43f7-8105-8061aabdf85a') RETURNING "id"
2025/09/23 12:02:23 [INFO] Created new player user_id=5b6cd6b8-a26b-425f-be66-7e0e1a1d1ad9 username=guest_5b6cd6b8 rating=1000
2025/09/23 12:02:23 [INFO] Client registered user_id=5b6cd6b8-a26b-425f-be66-7e0e1a1d1ad9 total_clients=2

2025/09/23 12:02:29 [32m/Users/bogdan/work/Septica/backend/internal/matchmaking/service.go:251
[0m[33m[0.321ms] [34;1m[rows:1][0m SELECT * FROM "players" WHERE user_id = '5b6cd6b8-a26b-425f-be66-7e0e1a1d1ad9' ORDER BY "players"."id" LIMIT 1

2025/09/23 12:02:29 [31;1m/Users/bogdan/work/Septica/backend/internal/matchmaking/service.go:284 [35;1mERROR: insert or update on table "matchmaking_queues" violates foreign key constraint "fk_matchmaking_queues_player" (SQLSTATE 23503)
[0m[33m[0.504ms] [34;1m[rows:0][0m INSERT INTO "matchmaking_queues" ("created_at","updated_at","player_id","queue_type","rating","queued_at","search_range","max_wait_time","is_active","id") VALUES ('2025-09-23 09:02:29.876','2025-09-23 09:02:29.876','5b6cd6b8-a26b-425f-be66-7e0e1a1d1ad9','casual',1000,'2025-09-23 12:02:29.876',100,300,true,'5d00ae9d-ed16-49d8-b694-fe0edb518fa0') RETURNING "id"
2025/09/23 12:02:29 [ERROR] Failed to save queue entry to database error=ERROR: insert or update on table "matchmaking_queues" violates foreign key constraint "fk_matchmaking_queues_player" (SQLSTATE 23503) player_id=5b6cd6b8-a26b-425f-be66-7e0e1a1d1ad9
2025/09/23 12:02:29 [INFO] Player joined matchmaking queue player_id=5b6cd6b8-a26b-425f-be66-7e0e1a1d1ad9 queue_type=casual rating=1000
2025/09/23 12:02:29 [INFO] Player joined matchmaking user_id=5b6cd6b8-a26b-425f-be66-7e0e1a1d1ad9 queue_type=casual game_mode=septica

2025/09/23 12:02:32 [32m/Users/bogdan/work/Septica/backend/internal/matchmaking/processor.go:387
[0m[33m[0.373ms] [34;1m[rows:1][0m SELECT * FROM "players" WHERE user_id = '84c5109a-4dd6-4d4d-ba7c-0594b2a76390' ORDER BY "players"."id" LIMIT 1

2025/09/23 12:02:32 [32m/Users/bogdan/work/Septica/backend/internal/matchmaking/processor.go:387
[0m[33m[0.177ms] [34;1m[rows:1][0m SELECT * FROM "players" WHERE user_id = '5b6cd6b8-a26b-425f-be66-7e0e1a1d1ad9' ORDER BY "players"."id" LIMIT 1
2025/09/23 12:02:32 [WARN] Failed to send matchmaking message to player player_id=84c5109a-4dd6-4d4d-ba7c-0594b2a76390 message_type=match_found error=client not found
2025/09/23 12:02:32 [ERROR] Failed to auto-join player1 to game error=client not found player_id=84c5109a-4dd6-4d4d-ba7c-0594b2a76390 game_id=de80762f-2e53-4f01-9b4a-0bdb1c7699e6
2025/09/23 12:02:32 [INFO] Client joined game user_id=5b6cd6b8-a26b-425f-be66-7e0e1a1d1ad9 game_id=de80762f-2e53-4f01-9b4a-0bdb1c7699e6

2025/09/23 12:02:32 [31;1m/Users/bogdan/work/Septica/backend/internal/matchmaking/processor.go:176 [35;1mERROR: insert or update on table "games" violates foreign key constraint "fk_players_games_player1" (SQLSTATE 23503)
[0m[33m[3.560ms] [34;1m[rows:0][0m INSERT INTO "games" ("created_at","updated_at","player1_id","player2_id","tournament_id","tournament_bracket_id","tournament_round","is_playoff_game","status","winner_id","player1_score","player2_score","is_mars","game_mode","started_at","ended_at","duration_ms","move_count","trick_count","player1_rating_before","player2_rating_before","player1_rating_after","player2_rating_after","player1_rating_change","player2_rating_change","average_time_between_moves","player1_average_time_per_move","player2_average_time_per_move","id") VALUES ('2025-09-23 09:02:32.184','2025-09-23 09:02:32.184','84c5109a-4dd6-4d4d-ba7c-0594b2a76390','5b6cd6b8-a26b-425f-be66-7e0e1a1d1ad9',NULL,NULL,NULL,false,'in_progress',NULL,0,0,false,'casual','2025-09-23 12:02:32.183',NULL,0,0,0,1000,1000,NULL,NULL,0,0,0.000000,0.000000,0.000000,'de80762f-2e53-4f01-9b4a-0bdb1c7699e6') RETURNING "id"
2025/09/23 12:02:32 [ERROR] Failed to create game record in database error=ERROR: insert or update on table "games" violates foreign key constraint "fk_players_games_player1" (SQLSTATE 23503) game_id=de80762f-2e53-4f01-9b4a-0bdb1c7699e6
2025/09/23 12:02:32 [INFO] Match created and players auto-joined game_id=de80762f-2e53-4f01-9b4a-0bdb1c7699e6 player1_id=84c5109a-4dd6-4d4d-ba7c-0594b2a76390 player2_id=5b6cd6b8-a26b-425f-be66-7e0e1a1d1ad9 queue_type=casual
2025/09/23 12:02:32 [INFO] Match created successfully player1_id=84c5109a-4dd6-4d4d-ba7c-0594b2a76390 player2_id=5b6cd6b8-a26b-425f-be66-7e0e1a1d1ad9 queue_type=casual rating_diff=0
2025/09/23 12:02:50 [INFO] HTTP Request method=GET path=/health status=200 latency=768.708µs ip=::1 user_agent=curl/8.7.1
2025/09/23 12:02:56 [INFO] HTTP Request method=GET path=/api/v1/matchmaking/stats status=200 latency=27.459µs ip=::1 user_agent=curl/8.7.1
2025/09/23 12:03:38 [ERROR] Websocket error user_id=84c5109a-4dd6-4d4d-ba7c-0594b2a76390 error=websocket: close 1000 (normal): Client disconnect
2025/09/23 12:03:38 [INFO] Client unregistered user_id=84c5109a-4dd6-4d4d-ba7c-0594b2a76390 total_clients=1
2025/09/23 12:03:38 [INFO] WebSocket connection upgrade user_id=5b6cd6b8-a26b-425f-be66-7e0e1a1d1ad9 session_id=30d3f6f3-90db-4f45-93ac-1a3cbd558e3a
2025/09/23 12:03:38 [INFO] HTTP Request method=GET path=/ws/connect?user_id=5b6cd6b8-a26b-425f-be66-7e0e1a1d1ad9 status=200 latency=87.375µs ip=::1 user_agent=Mozilla/5.0 (Macintosh; Intel Mac OS X 10_15_7) AppleWebKit/537.36 (KHTML, like Gecko) Chrome/140.0.0.0 Safari/537.36

2025/09/23 12:03:38 [32m/Users/bogdan/work/Septica/backend/internal/websocket/hub.go:126
[0m[33m[0.340ms] [34;1m[rows:1][0m SELECT * FROM "users" WHERE id = '5b6cd6b8-a26b-425f-be66-7e0e1a1d1ad9' ORDER BY "users"."id" LIMIT 1

2025/09/23 12:03:38 [32m/Users/bogdan/work/Septica/backend/internal/websocket/hub.go:150
[0m[33m[0.301ms] [34;1m[rows:1][0m SELECT * FROM "players" WHERE user_id = '5b6cd6b8-a26b-425f-be66-7e0e1a1d1ad9' ORDER BY "players"."id" LIMIT 1
2025/09/23 12:03:38 [INFO] Client registered user_id=5b6cd6b8-a26b-425f-be66-7e0e1a1d1ad9 total_clients=2
2025/09/23 12:04:04 [INFO] HTTP Request method=GET path=/health status=200 latency=23.792µs ip=::1 user_agent=curl/8.7.1
2025/09/23 12:04:10 [ERROR] Websocket error user_id=5b6cd6b8-a26b-425f-be66-7e0e1a1d1ad9 error=websocket: close 1000 (normal): Client disconnect
2025/09/23 12:04:10 [INFO] Client unregistered user_id=5b6cd6b8-a26b-425f-be66-7e0e1a1d1ad9 total_clients=1
2025/09/23 12:07:49 [INFO] WebSocket connection upgrade user_id=638f1489-1caa-47a9-81c3-566b2ccb93e5 session_id=0103f187-273c-40f7-a753-53cf076f87c5
2025/09/23 12:07:49 [INFO] HTTP Request method=GET path=/ws/connect?user_id=638f1489-1caa-47a9-81c3-566b2ccb93e5 status=200 latency=417µs ip=::1 user_agent=Mozilla/5.0 (Macintosh; Intel Mac OS X 10_15_7) AppleWebKit/537.36 (KHTML, like Gecko) Chrome/140.0.0.0 Safari/537.36

2025/09/23 12:07:49 [31;1m/Users/bogdan/work/Septica/backend/internal/websocket/hub.go:126 [35;1mrecord not found
[0m[33m[0.525ms] [34;1m[rows:0][0m SELECT * FROM "users" WHERE id = '638f1489-1caa-47a9-81c3-566b2ccb93e5' ORDER BY "users"."id" LIMIT 1

2025/09/23 12:07:49 [32m/Users/bogdan/work/Septica/backend/internal/websocket/hub.go:137
[0m[33m[1.579ms] [34;1m[rows:1][0m INSERT INTO "users" ("created_at","updated_at","username","email","password_hash","is_active","last_login_at","id") VALUES ('2025-09-23 09:07:49.538','2025-09-23 09:07:49.538','guest_638f1489','638f1489-1caa-47a9-81c3-566b2ccb93e5@septica.game','guest_password_hash',true,NULL,'638f1489-1caa-47a9-81c3-566b2ccb93e5') RETURNING "id"
2025/09/23 12:07:49 [INFO] Created new user user_id=638f1489-1caa-47a9-81c3-566b2ccb93e5 username=guest_638f1489

2025/09/23 12:07:49 [31;1m/Users/bogdan/work/Septica/backend/internal/websocket/hub.go:150 [35;1mrecord not found
[0m[33m[0.378ms] [34;1m[rows:0][0m SELECT * FROM "players" WHERE user_id = '638f1489-1caa-47a9-81c3-566b2ccb93e5' ORDER BY "players"."id" LIMIT 1

2025/09/23 12:07:49 [32m/Users/bogdan/work/Septica/backend/internal/websocket/hub.go:164
[0m[33m[0.708ms] [34;1m[rows:1][0m INSERT INTO "players" ("created_at","updated_at","user_id","username","level","xp","rating","arena","coins","gems","selected_card_back","selected_table_theme","selected_avatar","id") VALUES ('2025-09-23 09:07:49.54','2025-09-23 09:07:49.54','638f1489-1caa-47a9-81c3-566b2ccb93e5','guest_638f1489',1,0,1000,1,100,0,'default','default','default','6c19fcec-c7a7-418f-b4db-0a9d915bdecf') RETURNING "id"
2025/09/23 12:07:49 [INFO] Created new player user_id=638f1489-1caa-47a9-81c3-566b2ccb93e5 username=guest_638f1489 rating=1000
2025/09/23 12:07:49 [INFO] Client registered user_id=638f1489-1caa-47a9-81c3-566b2ccb93e5 total_clients=2
2025/09/23 12:08:39 [INFO] WebSocket connection upgrade user_id=d4b0e485-1526-4ca0-aa66-1a30239d41dc session_id=cf7b19f2-8517-4c37-8732-5d1beab94370
2025/09/23 12:08:39 [INFO] HTTP Request method=GET path=/ws/connect?user_id=d4b0e485-1526-4ca0-aa66-1a30239d41dc status=200 latency=271.792µs ip=::1 user_agent=Mozilla/5.0 (Macintosh; Intel Mac OS X 10_15_7) AppleWebKit/537.36 (KHTML, like Gecko) Chrome/140.0.0.0 Safari/537.36

2025/09/23 12:08:39 [31;1m/Users/bogdan/work/Septica/backend/internal/websocket/hub.go:126 [35;1mrecord not found
[0m[33m[0.342ms] [34;1m[rows:0][0m SELECT * FROM "users" WHERE id = 'd4b0e485-1526-4ca0-aa66-1a30239d41dc' ORDER BY "users"."id" LIMIT 1

2025/09/23 12:08:39 [32m/Users/bogdan/work/Septica/backend/internal/websocket/hub.go:137
[0m[33m[3.914ms] [34;1m[rows:1][0m INSERT INTO "users" ("created_at","updated_at","username","email","password_hash","is_active","last_login_at","id") VALUES ('2025-09-23 09:08:39.42','2025-09-23 09:08:39.42','guest_d4b0e485','d4b0e485-1526-4ca0-aa66-1a30239d41dc@septica.game','guest_password_hash',true,NULL,'d4b0e485-1526-4ca0-aa66-1a30239d41dc') RETURNING "id"
2025/09/23 12:08:39 [INFO] Created new user user_id=d4b0e485-1526-4ca0-aa66-1a30239d41dc username=guest_d4b0e485

2025/09/23 12:08:39 [31;1m/Users/bogdan/work/Septica/backend/internal/websocket/hub.go:150 [35;1mrecord not found
[0m[33m[0.207ms] [34;1m[rows:0][0m SELECT * FROM "players" WHERE user_id = 'd4b0e485-1526-4ca0-aa66-1a30239d41dc' ORDER BY "players"."id" LIMIT 1

2025/09/23 12:08:39 [32m/Users/bogdan/work/Septica/backend/internal/websocket/hub.go:164
[0m[33m[0.722ms] [34;1m[rows:1][0m INSERT INTO "players" ("created_at","updated_at","user_id","username","level","xp","rating","arena","coins","gems","selected_card_back","selected_table_theme","selected_avatar","id") VALUES ('2025-09-23 09:08:39.425','2025-09-23 09:08:39.425','d4b0e485-1526-4ca0-aa66-1a30239d41dc','guest_d4b0e485',1,0,1000,1,100,0,'default','default','default','d66ba589-9e45-4735-aa9a-aece5f9d9036') RETURNING "id"
2025/09/23 12:08:39 [INFO] Created new player user_id=d4b0e485-1526-4ca0-aa66-1a30239d41dc username=guest_d4b0e485 rating=1000
2025/09/23 12:08:39 [INFO] Client registered user_id=d4b0e485-1526-4ca0-aa66-1a30239d41dc total_clients=3
2025/09/23 12:08:54 [INFO] WebSocket connection upgrade user_id=d4b0e485-1526-4ca0-aa66-1a30239d41dc session_id=d30b220f-aa26-4b22-9a5d-99b2bd3bd560
2025/09/23 12:08:54 [INFO] HTTP Request method=GET path=/ws/connect?user_id=d4b0e485-1526-4ca0-aa66-1a30239d41dc status=200 latency=143.625µs ip=::1 user_agent=Mozilla/5.0 (Macintosh; Intel Mac OS X 10_15_7) AppleWebKit/537.36 (KHTML, like Gecko) Chrome/140.0.0.0 Safari/537.36

2025/09/23 12:08:54 [32m/Users/bogdan/work/Septica/backend/internal/websocket/hub.go:126
[0m[33m[0.431ms] [34;1m[rows:1][0m SELECT * FROM "users" WHERE id = 'd4b0e485-1526-4ca0-aa66-1a30239d41dc' ORDER BY "users"."id" LIMIT 1

2025/09/23 12:08:54 [32m/Users/bogdan/work/Septica/backend/internal/websocket/hub.go:150
[0m[33m[0.218ms] [34;1m[rows:1][0m SELECT * FROM "players" WHERE user_id = 'd4b0e485-1526-4ca0-aa66-1a30239d41dc' ORDER BY "players"."id" LIMIT 1
2025/09/23 12:08:54 [INFO] Client registered user_id=d4b0e485-1526-4ca0-aa66-1a30239d41dc total_clients=4
2025/09/23 12:09:48 [INFO] Client unregistered user_id=d4b0e485-1526-4ca0-aa66-1a30239d41dc total_clients=3
2025/09/23 12:09:48 [INFO] Client unregistered user_id=d4b0e485-1526-4ca0-aa66-1a30239d41dc total_clients=2
2025/09/23 12:09:48 [INFO] Client unregistered user_id=5b6cd6b8-a26b-425f-be66-7e0e1a1d1ad9 total_clients=1
2025/09/23 12:09:48 [INFO] Client unregistered user_id=638f1489-1caa-47a9-81c3-566b2ccb93e5 total_clients=0
2025/09/23 12:09:49 [INFO] WebSocket connection upgrade user_id=d4b0e485-1526-4ca0-aa66-1a30239d41dc session_id=94a1c9ec-fc2e-4851-8df0-4bf3e319d19c
2025/09/23 12:09:49 [INFO] HTTP Request method=GET path=/ws/connect?user_id=d4b0e485-1526-4ca0-aa66-1a30239d41dc status=200 latency=226.458µs ip=::1 user_agent=Mozilla/5.0 (Macintosh; Intel Mac OS X 10_15_7) AppleWebKit/537.36 (KHTML, like Gecko) Chrome/140.0.0.0 Safari/537.36

2025/09/23 12:09:49 [32m/Users/bogdan/work/Septica/backend/internal/websocket/hub.go:126
[0m[33m[2.028ms] [34;1m[rows:1][0m SELECT * FROM "users" WHERE id = 'd4b0e485-1526-4ca0-aa66-1a30239d41dc' ORDER BY "users"."id" LIMIT 1

2025/09/23 12:09:49 [32m/Users/bogdan/work/Septica/backend/internal/websocket/hub.go:150
[0m[33m[0.705ms] [34;1m[rows:1][0m SELECT * FROM "players" WHERE user_id = 'd4b0e485-1526-4ca0-aa66-1a30239d41dc' ORDER BY "players"."id" LIMIT 1
2025/09/23 12:09:49 [INFO] Client registered user_id=d4b0e485-1526-4ca0-aa66-1a30239d41dc total_clients=1
2025/09/23 12:09:49 [INFO] WebSocket connection upgrade user_id=d4b0e485-1526-4ca0-aa66-1a30239d41dc session_id=9cefdf77-bb45-46de-b577-c3b862f3fa1e
2025/09/23 12:09:49 [INFO] HTTP Request method=GET path=/ws/connect?user_id=d4b0e485-1526-4ca0-aa66-1a30239d41dc status=200 latency=108.834µs ip=::1 user_agent=Mozilla/5.0 (Macintosh; Intel Mac OS X 10_15_7) AppleWebKit/537.36 (KHTML, like Gecko) Chrome/140.0.0.0 Safari/537.36

2025/09/23 12:09:49 [32m/Users/bogdan/work/Septica/backend/internal/websocket/hub.go:126
[0m[33m[0.258ms] [34;1m[rows:1][0m SELECT * FROM "users" WHERE id = 'd4b0e485-1526-4ca0-aa66-1a30239d41dc' ORDER BY "users"."id" LIMIT 1

2025/09/23 12:09:49 [32m/Users/bogdan/work/Septica/backend/internal/websocket/hub.go:150
[0m[33m[0.173ms] [34;1m[rows:1][0m SELECT * FROM "players" WHERE user_id = 'd4b0e485-1526-4ca0-aa66-1a30239d41dc' ORDER BY "players"."id" LIMIT 1
2025/09/23 12:09:49 [INFO] Client registered user_id=d4b0e485-1526-4ca0-aa66-1a30239d41dc total_clients=2
2025/09/23 12:09:49 [INFO] WebSocket connection upgrade user_id=5b6cd6b8-a26b-425f-be66-7e0e1a1d1ad9 session_id=d23fc2b8-06e0-4d49-b2ab-fa0dc6a0e74e
2025/09/23 12:09:49 [INFO] HTTP Request method=GET path=/ws/connect?user_id=5b6cd6b8-a26b-425f-be66-7e0e1a1d1ad9 status=200 latency=165.583µs ip=::1 user_agent=Mozilla/5.0 (Macintosh; Intel Mac OS X 10_15_7) AppleWebKit/537.36 (KHTML, like Gecko) Chrome/140.0.0.0 Safari/537.36

2025/09/23 12:09:49 [32m/Users/bogdan/work/Septica/backend/internal/websocket/hub.go:126
[0m[33m[0.386ms] [34;1m[rows:1][0m SELECT * FROM "users" WHERE id = '5b6cd6b8-a26b-425f-be66-7e0e1a1d1ad9' ORDER BY "users"."id" LIMIT 1

2025/09/23 12:09:49 [32m/Users/bogdan/work/Septica/backend/internal/websocket/hub.go:150
[0m[33m[0.282ms] [34;1m[rows:1][0m SELECT * FROM "players" WHERE user_id = '5b6cd6b8-a26b-425f-be66-7e0e1a1d1ad9' ORDER BY "players"."id" LIMIT 1
2025/09/23 12:09:49 [INFO] Client registered user_id=5b6cd6b8-a26b-425f-be66-7e0e1a1d1ad9 total_clients=3
2025/09/23 12:09:49 [INFO] WebSocket connection upgrade user_id=638f1489-1caa-47a9-81c3-566b2ccb93e5 session_id=77c4299d-6635-4ada-9d41-d77e4df658c0
2025/09/23 12:09:49 [INFO] HTTP Request method=GET path=/ws/connect?user_id=638f1489-1caa-47a9-81c3-566b2ccb93e5 status=200 latency=126.166µs ip=::1 user_agent=Mozilla/5.0 (Macintosh; Intel Mac OS X 10_15_7) AppleWebKit/537.36 (KHTML, like Gecko) Chrome/140.0.0.0 Safari/537.36

2025/09/23 12:09:49 [32m/Users/bogdan/work/Septica/backend/internal/websocket/hub.go:126
[0m[33m[0.486ms] [34;1m[rows:1][0m SELECT * FROM "users" WHERE id = '638f1489-1caa-47a9-81c3-566b2ccb93e5' ORDER BY "users"."id" LIMIT 1

2025/09/23 12:09:49 [32m/Users/bogdan/work/Septica/backend/internal/websocket/hub.go:150
[0m[33m[0.248ms] [34;1m[rows:1][0m SELECT * FROM "players" WHERE user_id = '638f1489-1caa-47a9-81c3-566b2ccb93e5' ORDER BY "players"."id" LIMIT 1
2025/09/23 12:09:49 [INFO] Client registered user_id=638f1489-1caa-47a9-81c3-566b2ccb93e5 total_clients=4
2025/09/23 12:17:03 [INFO] Client unregistered user_id=5b6cd6b8-a26b-425f-be66-7e0e1a1d1ad9 total_clients=3
2025/09/23 12:17:03 [INFO] Client unregistered user_id=d4b0e485-1526-4ca0-aa66-1a30239d41dc total_clients=2
2025/09/23 12:17:03 [INFO] Client unregistered user_id=d4b0e485-1526-4ca0-aa66-1a30239d41dc total_clients=1
2025/09/23 12:17:03 [INFO] Client unregistered user_id=638f1489-1caa-47a9-81c3-566b2ccb93e5 total_clients=0
2025/09/23 12:17:04 [INFO] WebSocket connection upgrade user_id=5b6cd6b8-a26b-425f-be66-7e0e1a1d1ad9 session_id=967c26e9-dfe1-4c04-9a28-ccfe5b2ad2a3
2025/09/23 12:17:04 [INFO] HTTP Request method=GET path=/ws/connect?user_id=5b6cd6b8-a26b-425f-be66-7e0e1a1d1ad9 status=200 latency=107.125µs ip=::1 user_agent=Mozilla/5.0 (Macintosh; Intel Mac OS X 10_15_7) AppleWebKit/537.36 (KHTML, like Gecko) Chrome/140.0.0.0 Safari/537.36

2025/09/23 12:17:04 [32m/Users/bogdan/work/Septica/backend/internal/websocket/hub.go:126
[0m[33m[0.258ms] [34;1m[rows:1][0m SELECT * FROM "users" WHERE id = '5b6cd6b8-a26b-425f-be66-7e0e1a1d1ad9' ORDER BY "users"."id" LIMIT 1

2025/09/23 12:17:04 [32m/Users/bogdan/work/Septica/backend/internal/websocket/hub.go:150
[0m[33m[0.164ms] [34;1m[rows:1][0m SELECT * FROM "players" WHERE user_id = '5b6cd6b8-a26b-425f-be66-7e0e1a1d1ad9' ORDER BY "players"."id" LIMIT 1
2025/09/23 12:17:04 [INFO] Client registered user_id=5b6cd6b8-a26b-425f-be66-7e0e1a1d1ad9 total_clients=1
2025/09/23 12:17:04 [INFO] WebSocket connection upgrade user_id=d4b0e485-1526-4ca0-aa66-1a30239d41dc session_id=a4223b85-fea0-47a5-aba3-f59439aa848d
2025/09/23 12:17:04 [INFO] HTTP Request method=GET path=/ws/connect?user_id=d4b0e485-1526-4ca0-aa66-1a30239d41dc status=200 latency=71.833µs ip=::1 user_agent=Mozilla/5.0 (Macintosh; Intel Mac OS X 10_15_7) AppleWebKit/537.36 (KHTML, like Gecko) Chrome/140.0.0.0 Safari/537.36

2025/09/23 12:17:04 [32m/Users/bogdan/work/Septica/backend/internal/websocket/hub.go:126
[0m[33m[0.224ms] [34;1m[rows:1][0m SELECT * FROM "users" WHERE id = 'd4b0e485-1526-4ca0-aa66-1a30239d41dc' ORDER BY "users"."id" LIMIT 1

2025/09/23 12:17:04 [32m/Users/bogdan/work/Septica/backend/internal/websocket/hub.go:150
[0m[33m[0.348ms] [34;1m[rows:1][0m SELECT * FROM "players" WHERE user_id = 'd4b0e485-1526-4ca0-aa66-1a30239d41dc' ORDER BY "players"."id" LIMIT 1
2025/09/23 12:17:04 [INFO] Client registered user_id=d4b0e485-1526-4ca0-aa66-1a30239d41dc total_clients=2
2025/09/23 12:17:04 [INFO] WebSocket connection upgrade user_id=d4b0e485-1526-4ca0-aa66-1a30239d41dc session_id=5dbdf560-79ab-4d67-ae94-8185818cf511
2025/09/23 12:17:04 [INFO] HTTP Request method=GET path=/ws/connect?user_id=d4b0e485-1526-4ca0-aa66-1a30239d41dc status=200 latency=92.959µs ip=::1 user_agent=Mozilla/5.0 (Macintosh; Intel Mac OS X 10_15_7) AppleWebKit/537.36 (KHTML, like Gecko) Chrome/140.0.0.0 Safari/537.36

2025/09/23 12:17:04 [32m/Users/bogdan/work/Septica/backend/internal/websocket/hub.go:126
[0m[33m[0.256ms] [34;1m[rows:1][0m SELECT * FROM "users" WHERE id = 'd4b0e485-1526-4ca0-aa66-1a30239d41dc' ORDER BY "users"."id" LIMIT 1

2025/09/23 12:17:04 [32m/Users/bogdan/work/Septica/backend/internal/websocket/hub.go:150
[0m[33m[0.448ms] [34;1m[rows:1][0m SELECT * FROM "players" WHERE user_id = 'd4b0e485-1526-4ca0-aa66-1a30239d41dc' ORDER BY "players"."id" LIMIT 1
2025/09/23 12:17:04 [INFO] Client registered user_id=d4b0e485-1526-4ca0-aa66-1a30239d41dc total_clients=3
2025/09/23 12:17:05 [INFO] WebSocket connection upgrade user_id=638f1489-1caa-47a9-81c3-566b2ccb93e5 session_id=44ec41bc-8f8f-45f3-ba69-c768780e5ca3
2025/09/23 12:17:05 [INFO] HTTP Request method=GET path=/ws/connect?user_id=638f1489-1caa-47a9-81c3-566b2ccb93e5 status=200 latency=190µs ip=::1 user_agent=Mozilla/5.0 (Macintosh; Intel Mac OS X 10_15_7) AppleWebKit/537.36 (KHTML, like Gecko) Chrome/140.0.0.0 Safari/537.36

2025/09/23 12:17:05 [32m/Users/bogdan/work/Septica/backend/internal/websocket/hub.go:126
[0m[33m[1.963ms] [34;1m[rows:1][0m SELECT * FROM "users" WHERE id = '638f1489-1caa-47a9-81c3-566b2ccb93e5' ORDER BY "users"."id" LIMIT 1

2025/09/23 12:17:05 [32m/Users/bogdan/work/Septica/backend/internal/websocket/hub.go:150
[0m[33m[0.462ms] [34;1m[rows:1][0m SELECT * FROM "players" WHERE user_id = '638f1489-1caa-47a9-81c3-566b2ccb93e5' ORDER BY "players"."id" LIMIT 1
2025/09/23 12:17:05 [INFO] Client registered user_id=638f1489-1caa-47a9-81c3-566b2ccb93e5 total_clients=4
